t,category,name,lat,lon,rotation_deg,visible,text_val,num_val
1790445905.567,hud,speed,,,,,"0.0 / 0.0",0.000
1790445905.567,hud,heading,,,,,"0° / 0°",0.000
1790445905.568,hud,drift,,,,,"0.00%",0.000
1790445905.568,hud,turns,,,,,"✗ turns: 0/15",
1790445905.568,hud,calib_s,,,,,"✗ Buffer (need 6s)",
1790445905.568,marker,reconciled,0.00000000,0.00000000,0.00,false,,
1790445908.953,hud,speed,,,,,"0.0 / 0.0",0.000
1790445908.954,hud,heading,,,,,"0° / 0°",0.000
1790445908.955,hud,drift,,,,,"0.00%",0.000
1790445908.955,hud,turns,,,,,"✗ turns: 0/15",
1790445908.955,hud,calib_s,,,,,"✗ Buffer (need 6s)",
1790445908.955,marker,reconciled,0.00000000,0.00000000,0.00,false,,
1790445909.009,hud,speed,,,,,"0.0 / 0.0",0.000
1790445909.009,hud,heading,,,,,"0° / 0°",0.000
1790445909.010,hud,drift,,,,,"0.00%",0.000
1790445909.010,hud,turns,,,,,"✗ turns: 0/15",
1790445909.011,hud,calib_s,,,,,"✗ Buffer (need 6s)",
1790445909.011,marker,reconciled,0.00000000,0.00000000,0.00,false,,
1790445909.053,hud,speed,,,,,"0.0 / 0.0",0.000
1790445909.053,hud,heading,,,,,"0° / 0°",0.000
1790445909.053,hud,drift,,,,,"0.00%",0.000
1790445909.054,hud,turns,,,,,"✗ turns: 0/15",
1790445909.054,hud,calib_s,,,,,"✗ Buffer (need 6s)",
1790445909.054,marker,reconciled,0.00000000,0.00000000,0.00,false,,
1790445909.105,hud,speed,,,,,"0.0 / 0.0",0.000
1790445909.105,hud,heading,,,,,"0° / 0°",0.000
1790445909.106,hud,drift,,,,,"0.00%",0.000
1790445909.106,hud,turns,,,,,"✗ turns: 0/15",
1790445909.106,hud,calib_s,,,,,"✗ Buffer (need 6s)",
1790445909.107,marker,reconciled,0.00000000,0.00000000,0.00,false,,
1790445909.155,hud,speed,,,,,"0.0 / 0.0",0.000
1790445909.156,hud,heading,,,,,"0° / 0°",0.000
1790445909.156,hud,drift,,,,,"0.00%",0.000
1790445909.156,hud,turns,,,,,"✗ turns: 0/15",
1790445909.156,hud,calib_s,,,,,"✗ Buffer (need 6s)",
1790445909.156,marker,reconciled,0.00000000,0.00000000,0.00,false,,
1790445909.206,hud,speed,,,,,"0.0 / 0.0",0.000
1790445909.207,hud,heading,,,,,"0° / 0°",0.000
1790445909.207,hud,drift,,,,,"0.00%",0.000
1790445909.207,hud,turns,,,,,"✗ turns: 0/15",
1790445909.207,hud,calib_s,,,,,"✗ Buffer (need 6s)",
1790445909.208,marker,reconciled,0.00000000,0.00000000,0.00,false,,
1790445909.261,hud,speed,,,,,"0.0 / 0.0",0.000
1790445909.261,hud,heading,,,,,"0° / 0°",0.000
1790445909.262,hud,drift,,,,,"0.00%",0.000
1790445909.262,hud,turns,,,,,"✗ turns: 0/15",
1790445909.263,hud,calib_s,,,,,"✗ Buffer (need 6s)",
1790445909.263,marker,reconciled,0.00000000,0.00000000,0.00,false,,
1790445909.312,hud,speed,,,,,"0.0 / 0.0",0.000
1790445909.312,hud,heading,,,,,"0° / 0°",0.000
1790445909.312,hud,drift,,,,,"0.00%",0.000
1790445909.313,hud,turns,,,,,"✗ turns: 0/15",
1790445909.313,hud,calib_s,,,,,"✗ Buffer (need 6s)",
1790445909.313,marker,reconciled,0.00000000,0.00000000,0.00,false,,
1790445909.358,hud,speed,,,,,"0.0 / 0.0",0.000
1790445909.359,hud,heading,,,,,"0° / 0°",0.000
1790445909.359,hud,drift,,,,,"0.00%",0.000
1790445909.359,hud,turns,,,,,"✗ turns: 0/15",
1790445909.359,hud,calib_s,,,,,"✗ Buffer (need 6s)",
1790445909.360,marker,reconciled,0.00000000,0.00000000,0.00,false,,
1790445909.412,hud,speed,,,,,"0.0 / 0.0",0.000
1790445909.412,hud,heading,,,,,"0° / 0°",0.000
1790445909.412,hud,drift,,,,,"0.00%",0.000
1790445909.413,hud,turns,,,,,"✗ turns: 0/15",
1790445909.413,hud,calib_s,,,,,"✗ Buffer (need 6s)",
1790445909.413,marker,reconciled,0.00000000,0.00000000,0.00,false,,
1790445909.464,hud,speed,,,,,"0.0 / 0.0",0.000
1790445909.464,hud,heading,,,,,"0° / 0°",0.000
1790445909.464,hud,drift,,,,,"0.00%",0.000
1790445909.465,hud,turns,,,,,"✗ turns: 0/15",
1790445909.465,hud,calib_s,,,,,"✗ Buffer (need 6s)",
1790445909.465,marker,reconciled,0.00000000,0.00000000,0.00,false,,
1790445909.515,hud,speed,,,,,"0.0 / 0.0",0.000
1790445909.516,hud,heading,,,,,"0° / 0°",0.000
1790445909.516,hud,drift,,,,,"0.00%",0.000
1790445909.516,hud,turns,,,,,"✗ turns: 0/15",
1790445909.516,hud,calib_s,,,,,"✗ Buffer (need 6s)",
1790445909.517,marker,reconciled,0.00000000,0.00000000,0.00,false,,
1790445909.562,hud,speed,,,,,"0.0 / 0.0",0.000
1790445909.562,hud,heading,,,,,"0° / 0°",0.000
1790445909.562,hud,drift,,,,,"0.00%",0.000
1790445909.563,hud,turns,,,,,"✗ turns: 0/15",
1790445909.563,hud,calib_s,,,,,"✗ Buffer (need 6s)",
1790445909.563,marker,reconciled,0.00000000,0.00000000,0.00,false,,
1790445909.617,hud,speed,,,,,"0.0 / 0.0",0.000
1790445909.618,hud,heading,,,,,"0° / 0°",0.000
1790445909.618,hud,drift,,,,,"0.00%",0.000
1790445909.619,hud,turns,,,,,"✗ turns: 0/15",
1790445909.619,hud,calib_s,,,,,"✗ Buffer (need 6s)",
1790445909.619,marker,reconciled,0.00000000,0.00000000,0.00,false,,
1790445909.663,hud,speed,,,,,"0.0 / 0.0",0.000
1790445909.664,hud,heading,,,,,"0° / 0°",0.000
1790445909.664,hud,drift,,,,,"0.00%",0.000
1790445909.664,hud,turns,,,,,"✗ turns: 0/15",
1790445909.664,hud,calib_s,,,,,"✗ Buffer (need 6s)",
1790445909.664,marker,reconciled,0.00000000,0.00000000,0.00,false,,
1790445909.723,hud,speed,,,,,"0.0 / 0.0",0.000
1790445909.724,hud,heading,,,,,"0° / 0°",0.000
1790445909.724,hud,drift,,,,,"0.00%",0.000
1790445909.725,hud,turns,,,,,"✗ turns: 0/15",
1790445909.725,hud,calib_s,,,,,"✗ Buffer (need 6s)",
1790445909.726,marker,reconciled,0.00000000,0.00000000,0.00,false,,
1790445909.766,hud,speed,,,,,"0.0 / 0.0",0.000
1790445909.766,hud,heading,,,,,"0° / 0°",0.000
1790445909.766,hud,drift,,,,,"0.00%",0.000
1790445909.766,hud,turns,,,,,"✗ turns: 0/15",
1790445909.766,hud,calib_s,,,,,"✗ Buffer (need 6s)",
1790445909.767,marker,reconciled,0.00000000,0.00000000,0.00,false,,
1790445909.819,hud,speed,,,,,"0.0 / 0.0",0.000
1790445909.820,hud,heading,,,,,"0° / 0°",0.000
1790445909.820,hud,drift,,,,,"0.00%",0.000
1790445909.820,hud,turns,,,,,"✗ turns: 0/15",
1790445909.820,hud,calib_s,,,,,"✗ Buffer (need 6s)",
1790445909.821,marker,reconciled,0.00000000,0.00000000,0.00,false,,
1790445909.873,hud,speed,,,,,"0.0 / 0.0",0.000
1790445909.874,hud,heading,,,,,"0° / 0°",0.000
1790445909.874,hud,drift,,,,,"0.00%",0.000
1790445909.875,hud,turns,,,,,"✗ turns: 0/15",
1790445909.875,hud,calib_s,,,,,"✗ Buffer (need 6s)",
1790445909.875,marker,reconciled,0.00000000,0.00000000,0.00,false,,
1790445909.924,hud,speed,,,,,"0.0 / 0.0",0.000
1790445909.924,hud,heading,,,,,"0° / 0°",0.000
1790445909.925,hud,drift,,,,,"0.00%",0.000
1790445909.925,hud,turns,,,,,"✗ turns: 0/15",
1790445909.925,hud,calib_s,,,,,"✗ Buffer (need 6s)",
1790445909.925,marker,reconciled,0.00000000,0.00000000,0.00,false,,
1790445909.972,hud,speed,,,,,"0.0 / 0.0",0.000
1790445909.973,hud,heading,,,,,"0° / 0°",0.000
1790445909.973,hud,drift,,,,,"0.00%",0.000
1790445909.973,hud,turns,,,,,"✗ turns: 0/15",
1790445909.974,hud,calib_s,,,,,"✗ Buffer (need 6s)",
1790445909.974,marker,reconciled,0.00000000,0.00000000,0.00,false,,
1790445910.024,hud,speed,,,,,"0.0 / 0.0",0.000
1790445910.025,hud,heading,,,,,"0° / 0°",0.000
1790445910.025,hud,drift,,,,,"0.00%",0.000
1790445910.025,hud,turns,,,,,"✗ turns: 0/15",
1790445910.026,hud,calib_s,,,,,"✗ Buffer (need 6s)",
1790445910.026,marker,reconciled,0.00000000,0.00000000,0.00,false,,
1790445910.077,hud,speed,,,,,"0.0 / 0.0",0.000
1790445910.077,hud,heading,,,,,"0° / 0°",0.000
1790445910.077,hud,drift,,,,,"0.00%",0.000
1790445910.077,hud,turns,,,,,"✗ turns: 0/15",
1790445910.078,hud,calib_s,,,,,"✗ Buffer (need 6s)",
1790445910.078,marker,reconciled,0.00000000,0.00000000,0.00,false,,
1790445910.128,hud,speed,,,,,"0.0 / 0.0",0.000
1790445910.129,hud,heading,,,,,"0° / 0°",0.000
1790445910.129,hud,drift,,,,,"0.00%",0.000
1790445910.129,hud,turns,,,,,"✗ turns: 0/15",
1790445910.129,hud,calib_s,,,,,"✗ Buffer (need 6s)",
1790445910.129,marker,reconciled,0.00000000,0.00000000,0.00,false,,
1790445910.173,hud,speed,,,,,"0.0 / 0.0",0.000
1790445910.173,hud,heading,,,,,"0° / 0°",0.000
1790445910.174,hud,drift,,,,,"0.00%",0.000
1790445910.174,hud,turns,,,,,"✗ turns: 0/15",
1790445910.174,hud,calib_s,,,,,"✗ Buffer (need 6s)",
1790445910.174,marker,reconciled,0.00000000,0.00000000,0.00,false,,
1790445910.236,hud,speed,,,,,"0.0 / 0.0",0.000
1790445910.237,hud,heading,,,,,"0° / 0°",0.000
1790445910.237,hud,drift,,,,,"0.00%",0.000
1790445910.238,hud,turns,,,,,"✗ turns: 0/15",
1790445910.238,hud,calib_s,,,,,"✗ Buffer (need 6s)",
1790445910.239,marker,reconciled,0.00000000,0.00000000,0.00,false,,
1790445910.277,hud,speed,,,,,"0.0 / 0.0",0.000
1790445910.277,hud,heading,,,,,"0° / 0°",0.000
1790445910.277,hud,drift,,,,,"0.00%",0.000
1790445910.278,hud,turns,,,,,"✗ turns: 0/15",
1790445910.278,hud,calib_s,,,,,"✗ Buffer (need 6s)",
1790445910.278,marker,reconciled,0.00000000,0.00000000,0.00,false,,
1790445910.331,hud,speed,,,,,"0.0 / 0.0",0.000
1790445910.332,hud,heading,,,,,"0° / 0°",0.000
1790445910.332,hud,drift,,,,,"0.00%",0.000
1790445910.332,hud,turns,,,,,"✗ turns: 0/15",
1790445910.333,hud,calib_s,,,,,"✗ Buffer (need 6s)",
1790445910.333,marker,reconciled,0.00000000,0.00000000,0.00,false,,
1790445910.377,hud,speed,,,,,"0.0 / 0.0",0.000
1790445910.378,hud,heading,,,,,"0° / 0°",0.000
1790445910.378,hud,drift,,,,,"0.00%",0.000
1790445910.379,hud,turns,,,,,"✗ turns: 0/15",
1790445910.379,hud,calib_s,,,,,"✗ Buffer (need 6s)",
1790445910.379,marker,reconciled,0.00000000,0.00000000,0.00,false,,
1790445910.432,hud,speed,,,,,"0.0 / 0.0",0.000
1790445910.432,hud,heading,,,,,"0° / 0°",0.000
1790445910.433,hud,drift,,,,,"0.00%",0.000
1790445910.433,hud,turns,,,,,"✗ turns: 0/15",
1790445910.433,hud,calib_s,,,,,"✗ Buffer (need 6s)",
1790445910.434,marker,reconciled,0.00000000,0.00000000,0.00,false,,
1790445910.492,hud,speed,,,,,"0.0 / 0.0",0.000
1790445910.493,hud,heading,,,,,"0° / 0°",0.000
1790445910.493,hud,drift,,,,,"0.00%",0.000
1790445910.493,hud,turns,,,,,"✗ turns: 0/15",
1790445910.493,hud,calib_s,,,,,"✗ Buffer (need 6s)",
1790445910.497,marker,gnss,52.37286400,-1.24189100,113.90,true,,
1790445910.497,marker,reconciled,0.00000000,0.00000000,0.00,false,,
1790445910.540,hud,speed,,,,,"0.0 / 0.0",0.000
1790445910.541,hud,heading,,,,,"0° / 0°",0.000
1790445910.541,hud,drift,,,,,"0.00%",0.000
1790445910.541,hud,turns,,,,,"✗ turns: 0/15",
1790445910.542,hud,calib_s,,,,,"✗ Buffer (need 6s)",
1790445910.542,marker,gnss,52.37286400,-1.24189100,113.90,true,,
1790445910.543,marker,reconciled,0.00000000,0.00000000,0.00,false,,
1790445910.585,hud,speed,,,,,"0.0 / 0.0",0.000
1790445910.585,hud,heading,,,,,"0° / 0°",0.000
1790445910.585,hud,drift,,,,,"0.00%",0.000
1790445910.585,hud,turns,,,,,"✗ turns: 0/15",
1790445910.585,hud,calib_s,,,,,"✗ Buffer (need 6s)",
1790445910.586,marker,gnss,52.37286400,-1.24189100,113.90,true,,
1790445910.586,marker,reconciled,0.00000000,0.00000000,0.00,false,,
1790445910.638,hud,speed,,,,,"0.0 / 0.0",0.000
1790445910.638,hud,heading,,,,,"0° / 0°",0.000
1790445910.638,hud,drift,,,,,"0.00%",0.000
1790445910.639,hud,turns,,,,,"✗ turns: 0/15",
1790445910.639,hud,calib_s,,,,,"✗ Buffer (need 6s)",
1790445910.639,marker,gnss,52.37286400,-1.24189100,113.90,true,,
1790445910.639,marker,reconciled,0.00000000,0.00000000,0.00,false,,
1790445910.692,hud,speed,,,,,"0.0 / 0.0",0.000
1790445910.693,hud,heading,,,,,"0° / 0°",0.000
1790445910.693,hud,drift,,,,,"0.00%",0.000
1790445910.693,hud,turns,,,,,"✗ turns: 0/15",
1790445910.694,hud,calib_s,,,,,"✗ Buffer (need 6s)",
1790445910.694,marker,gnss,52.37286400,-1.24189100,113.90,true,,
1790445910.694,marker,reconciled,0.00000000,0.00000000,0.00,false,,
1790445910.740,hud,speed,,,,,"0.0 / 0.0",0.000
1790445910.740,hud,heading,,,,,"0° / 0°",0.000
1790445910.741,hud,drift,,,,,"0.00%",0.000
1790445910.741,hud,turns,,,,,"✗ turns: 0/15",
1790445910.741,hud,calib_s,,,,,"✗ Buffer (need 6s)",
1790445910.741,marker,gnss,52.37286400,-1.24189100,113.90,true,,
1790445910.741,marker,reconciled,0.00000000,0.00000000,0.00,false,,
1790445910.792,hud,speed,,,,,"0.0 / 0.0",0.000
1790445910.792,hud,heading,,,,,"0° / 0°",0.000
1790445910.792,hud,drift,,,,,"0.00%",0.000
1790445910.792,hud,turns,,,,,"✗ turns: 0/15",
1790445910.792,hud,calib_s,,,,,"✗ Buffer (need 6s)",
1790445910.793,marker,gnss,52.37286400,-1.24189100,113.90,true,,
1790445910.793,marker,reconciled,0.00000000,0.00000000,0.00,false,,
1790445910.850,hud,speed,,,,,"0.0 / 0.0",0.000
1790445910.850,hud,heading,,,,,"0° / 0°",0.000
1790445910.851,hud,drift,,,,,"0.00%",0.000
1790445910.851,hud,turns,,,,,"✗ turns: 0/15",
1790445910.851,hud,calib_s,,,,,"✗ Buffer (need 6s)",
1790445910.852,marker,gnss,52.37286400,-1.24189100,113.90,true,,
1790445910.852,marker,reconciled,0.00000000,0.00000000,0.00,false,,
1790445910.893,hud,speed,,,,,"0.0 / 0.0",0.000
1790445910.893,hud,heading,,,,,"0° / 0°",0.000
1790445910.893,hud,drift,,,,,"0.00%",0.000
1790445910.894,hud,turns,,,,,"✗ turns: 0/15",
1790445910.894,hud,calib_s,,,,,"✗ Buffer (need 6s)",
1790445910.894,marker,gnss,52.37286400,-1.24189100,113.90,true,,
1790445910.894,marker,reconciled,0.00000000,0.00000000,0.00,false,,
1790445910.949,hud,speed,,,,,"0.0 / 0.0",0.000
1790445910.949,hud,heading,,,,,"0° / 0°",0.000
1790445910.950,hud,drift,,,,,"0.00%",0.000
1790445910.950,hud,turns,,,,,"✗ turns: 0/15",
1790445910.950,hud,calib_s,,,,,"✗ Buffer (need 6s)",
1790445910.951,marker,gnss,52.37286400,-1.24189100,113.90,true,,
1790445910.952,marker,reconciled,0.00000000,0.00000000,0.00,false,,
1790445911.004,hud,speed,,,,,"0.0 / 0.0",0.000
1790445911.005,hud,heading,,,,,"0° / 0°",0.000
1790445911.005,hud,drift,,,,,"0.00%",0.000
1790445911.005,hud,turns,,,,,"✗ turns: 0/15",
1790445911.005,hud,calib_s,,,,,"✗ Buffer (need 6s)",
1790445911.006,marker,gnss,52.37286400,-1.24189100,113.90,true,,
1790445911.006,marker,reconciled,0.00000000,0.00000000,0.00,false,,
1790445911.048,hud,speed,,,,,"0.0 / 0.0",0.000
1790445911.048,hud,heading,,,,,"0° / 0°",0.000
1790445911.049,hud,drift,,,,,"0.00%",0.000
1790445911.049,hud,turns,,,,,"✗ turns: 0/15",
1790445911.049,hud,calib_s,,,,,"✗ Buffer (need 6s)",
1790445911.049,marker,gnss,52.37286400,-1.24189100,113.90,true,,
1790445911.050,marker,reconciled,0.00000000,0.00000000,0.00,false,,
1790445911.103,hud,speed,,,,,"0.0 / 0.0",0.000
1790445911.104,hud,heading,,,,,"0° / 0°",0.000
1790445911.104,hud,drift,,,,,"0.00%",0.000
1790445911.104,hud,turns,,,,,"✗ turns: 0/15",
1790445911.104,hud,calib_s,,,,,"✗ Buffer (need 6s)",
1790445911.105,marker,gnss,52.37286400,-1.24189100,113.90,true,,
1790445911.105,marker,reconciled,0.00000000,0.00000000,0.00,false,,
1790445911.151,hud,speed,,,,,"0.0 / 0.0",0.000
1790445911.151,hud,heading,,,,,"0° / 0°",0.000
1790445911.151,hud,drift,,,,,"0.00%",0.000
1790445911.151,hud,turns,,,,,"✗ turns: 0/15",
1790445911.152,hud,calib_s,,,,,"✗ Buffer (need 6s)",
1790445911.152,marker,gnss,52.37286400,-1.24189100,113.90,true,,
1790445911.152,marker,reconciled,0.00000000,0.00000000,0.00,false,,
1790445911.205,hud,speed,,,,,"0.0 / 0.0",0.000
1790445911.205,hud,heading,,,,,"0° / 0°",0.000
1790445911.206,hud,drift,,,,,"0.00%",0.000
1790445911.206,hud,turns,,,,,"✗ turns: 0/15",
1790445911.207,hud,calib_s,,,,,"✗ Buffer (need 6s)",
1790445911.207,marker,gnss,52.37286400,-1.24189100,113.90,true,,
1790445911.208,marker,reconciled,0.00000000,0.00000000,0.00,false,,
1790445911.260,hud,speed,,,,,"0.0 / 0.0",0.000
1790445911.260,hud,heading,,,,,"0° / 0°",0.000
1790445911.260,hud,drift,,,,,"0.00%",0.000
1790445911.261,hud,turns,,,,,"✗ turns: 0/15",
1790445911.261,hud,calib_s,,,,,"✗ Buffer (need 6s)",
1790445911.261,marker,gnss,52.37286400,-1.24189100,113.90,true,,
1790445911.261,marker,reconciled,0.00000000,0.00000000,0.00,false,,
1790445911.305,hud,speed,,,,,"0.0 / 0.0",0.000
1790445911.305,hud,heading,,,,,"0° / 0°",0.000
1790445911.306,hud,drift,,,,,"0.00%",0.000
1790445911.306,hud,turns,,,,,"✗ turns: 0/15",
1790445911.306,hud,calib_s,,,,,"✗ Buffer (need 6s)",
1790445911.307,marker,gnss,52.37286400,-1.24189100,113.90,true,,
1790445911.307,marker,reconciled,0.00000000,0.00000000,0.00,false,,
1790445911.354,hud,speed,,,,,"0.0 / 0.0",0.000
1790445911.354,hud,heading,,,,,"0° / 0°",0.000
1790445911.354,hud,drift,,,,,"0.00%",0.000
1790445911.355,hud,turns,,,,,"✗ turns: 0/15",
1790445911.355,hud,calib_s,,,,,"✗ Buffer (need 6s)",
1790445911.355,marker,gnss,52.37286400,-1.24189100,113.90,true,,
1790445911.356,marker,reconciled,0.00000000,0.00000000,0.00,false,,
1790445911.406,hud,speed,,,,,"0.0 / 0.0",0.000
1790445911.407,hud,heading,,,,,"0° / 0°",0.000
1790445911.407,hud,drift,,,,,"0.00%",0.000
1790445911.407,hud,turns,,,,,"✗ turns: 0/15",
1790445911.407,hud,calib_s,,,,,"✗ Buffer (need 6s)",
1790445911.408,marker,gnss,52.37286400,-1.24189100,113.90,true,,
1790445911.408,marker,reconciled,0.00000000,0.00000000,0.00,false,,
1790445911.460,hud,speed,,,,,"0.0 / 0.0",0.000
1790445911.460,hud,heading,,,,,"0° / 0°",0.000
1790445911.460,hud,drift,,,,,"0.00%",0.000
1790445911.460,hud,turns,,,,,"✗ turns: 0/15",
1790445911.461,hud,calib_s,,,,,"✗ Buffer (need 6s)",
1790445911.461,marker,gnss,52.37286400,-1.24189100,113.90,true,,
1790445911.461,marker,reconciled,0.00000000,0.00000000,0.00,false,,
1790445911.511,hud,speed,,,,,"0.0 / 0.0",0.000
1790445911.511,hud,heading,,,,,"0° / 0°",0.000
1790445911.511,hud,drift,,,,,"0.00%",0.000
1790445911.511,hud,turns,,,,,"✗ turns: 0/15",
1790445911.512,hud,calib_s,,,,,"✗ Buffer (need 6s)",
1790445911.512,marker,gnss,52.37286400,-1.24189100,113.90,true,,
1790445911.512,marker,reconciled,0.00000000,0.00000000,0.00,false,,
1790445911.555,hud,speed,,,,,"0.0 / 0.0",0.000
1790445911.555,hud,heading,,,,,"0° / 0°",0.000
1790445911.556,hud,drift,,,,,"0.00%",0.000
1790445911.556,hud,turns,,,,,"✗ turns: 0/15",
1790445911.556,hud,calib_s,,,,,"✗ Buffer (need 6s)",
1790445911.556,marker,gnss,52.37286400,-1.24189100,113.90,true,,
1790445911.557,marker,reconciled,0.00000000,0.00000000,0.00,false,,
1790445911.612,hud,speed,,,,,"0.0 / 0.0",0.000
1790445911.612,hud,heading,,,,,"0° / 0°",0.000
1790445911.613,hud,drift,,,,,"0.00%",0.000
1790445911.613,hud,turns,,,,,"✗ turns: 0/15",
1790445911.613,hud,calib_s,,,,,"✗ Buffer (need 6s)",
1790445911.614,marker,gnss,52.37286400,-1.24189100,113.90,true,,
1790445911.614,marker,reconciled,0.00000000,0.00000000,0.00,false,,
1790445911.661,hud,speed,,,,,"0.0 / 0.0",0.000
1790445911.661,hud,heading,,,,,"0° / 0°",0.000
1790445911.661,hud,drift,,,,,"0.00%",0.000
1790445911.662,hud,turns,,,,,"✗ turns: 0/15",
1790445911.662,hud,calib_s,,,,,"✗ Buffer (need 6s)",
1790445911.663,marker,gnss,52.37286400,-1.24189100,113.90,true,,
1790445911.663,marker,reconciled,0.00000000,0.00000000,0.00,false,,
1790445911.713,hud,speed,,,,,"0.0 / 0.0",0.000
1790445911.713,hud,heading,,,,,"0° / 0°",0.000
1790445911.714,hud,drift,,,,,"0.00%",0.000
1790445911.714,hud,turns,,,,,"✗ turns: 0/15",
1790445911.714,hud,calib_s,,,,,"✗ Buffer (need 6s)",
1790445911.715,marker,gnss,52.37286400,-1.24189100,113.90,true,,
1790445911.715,marker,reconciled,0.00000000,0.00000000,0.00,false,,
1790445911.765,hud,speed,,,,,"0.0 / 0.0",0.000
1790445911.766,hud,heading,,,,,"0° / 0°",0.000
1790445911.766,hud,drift,,,,,"0.00%",0.000
1790445911.766,hud,turns,,,,,"✗ turns: 0/15",
1790445911.767,hud,calib_s,,,,,"✗ Buffer (need 6s)",
1790445911.767,marker,gnss,52.37286400,-1.24189100,113.90,true,,
1790445911.768,marker,reconciled,0.00000000,0.00000000,0.00,false,,
1790445911.817,hud,speed,,,,,"0.0 / 0.0",0.000
1790445911.818,hud,heading,,,,,"0° / 0°",0.000
1790445911.818,hud,drift,,,,,"0.00%",0.000
1790445911.818,hud,turns,,,,,"✗ turns: 0/15",
1790445911.818,hud,calib_s,,,,,"✗ Buffer (need 6s)",
1790445911.819,marker,gnss,52.37286400,-1.24189100,113.90,true,,
1790445911.819,marker,reconciled,0.00000000,0.00000000,0.00,false,,
1790445911.864,hud,speed,,,,,"0.0 / 0.0",0.000
1790445911.864,hud,heading,,,,,"0° / 0°",0.000
1790445911.865,hud,drift,,,,,"0.00%",0.000
1790445911.865,hud,turns,,,,,"✗ turns: 0/15",
1790445911.865,hud,calib_s,,,,,"✗ Buffer (need 6s)",
1790445911.865,marker,gnss,52.37286400,-1.24189100,113.90,true,,
1790445911.866,marker,reconciled,0.00000000,0.00000000,0.00,false,,
1790445911.919,hud,speed,,,,,"0.0 / 0.0",0.000
1790445911.919,hud,heading,,,,,"0° / 0°",0.000
1790445911.919,hud,drift,,,,,"0.00%",0.000
1790445911.920,hud,turns,,,,,"✗ turns: 0/15",
1790445911.920,hud,calib_s,,,,,"✗ Buffer (need 6s)",
1790445911.920,marker,gnss,52.37286400,-1.24189100,113.90,true,,
1790445911.920,marker,reconciled,0.00000000,0.00000000,0.00,false,,
1790445911.967,hud,speed,,,,,"0.0 / 0.0",0.000
1790445911.968,hud,heading,,,,,"0° / 0°",0.000
1790445911.968,hud,drift,,,,,"0.00%",0.000
1790445911.968,hud,turns,,,,,"✗ turns: 0/15",
1790445911.968,hud,calib_s,,,,,"✓ Buffer 6s",
1790445911.969,marker,gnss,52.37286400,-1.24189100,113.90,true,,
1790445911.969,marker,reconciled,0.00000000,0.00000000,0.00,false,,
1790445912.020,hud,speed,,,,,"0.0 / 0.0",0.000
1790445912.020,hud,heading,,,,,"0° / 0°",0.000
1790445912.020,hud,drift,,,,,"0.00%",0.000
1790445912.020,hud,turns,,,,,"✗ turns: 0/15",
1790445912.021,hud,calib_s,,,,,"✓ Buffer 6s",
1790445912.021,marker,gnss,52.37286400,-1.24189100,113.90,true,,
1790445912.021,marker,reconciled,0.00000000,0.00000000,0.00,false,,
1790445912.065,hud,speed,,,,,"0.0 / 0.0",0.000
1790445912.066,hud,heading,,,,,"0° / 0°",0.000
1790445912.066,hud,drift,,,,,"0.00%",0.000
1790445912.066,hud,turns,,,,,"✗ turns: 0/15",
1790445912.066,hud,calib_s,,,,,"✓ Buffer 6s",
1790445912.067,marker,gnss,52.37286400,-1.24189100,113.90,true,,
1790445912.067,marker,reconciled,0.00000000,0.00000000,0.00,false,,
1790445912.120,hud,speed,,,,,"0.0 / 0.0",0.000
1790445912.120,hud,heading,,,,,"0° / 0°",0.000
1790445912.120,hud,drift,,,,,"0.00%",0.000
1790445912.121,hud,turns,,,,,"✗ turns: 0/15",
1790445912.121,hud,calib_s,,,,,"✓ Buffer 6s",
1790445912.121,marker,gnss,52.37286400,-1.24189100,113.90,true,,
1790445912.121,marker,reconciled,0.00000000,0.00000000,0.00,false,,
1790445912.168,hud,speed,,,,,"0.0 / 0.0",0.000
1790445912.168,hud,heading,,,,,"0° / 0°",0.000
1790445912.169,hud,drift,,,,,"0.00%",0.000
1790445912.169,hud,turns,,,,,"✗ turns: 0/15",
1790445912.169,hud,calib_s,,,,,"✓ Buffer 6s",
1790445912.169,marker,gnss,52.37286400,-1.24189100,113.90,true,,
1790445912.170,marker,reconciled,0.00000000,0.00000000,0.00,false,,
1790445912.227,hud,speed,,,,,"0.0 / 0.0",0.000
1790445912.227,hud,heading,,,,,"0° / 0°",0.000
1790445912.228,hud,drift,,,,,"0.00%",0.000
1790445912.228,hud,turns,,,,,"✗ turns: 0/15",
1790445912.228,hud,calib_s,,,,,"✓ Buffer 6s",
1790445912.229,marker,gnss,52.37286400,-1.24189100,113.90,true,,
1790445912.229,marker,reconciled,0.00000000,0.00000000,0.00,false,,
1790445912.272,hud,speed,,,,,"0.0 / 0.0",0.000
1790445912.272,hud,heading,,,,,"0° / 0°",0.000
1790445912.272,hud,drift,,,,,"0.00%",0.000
1790445912.273,hud,turns,,,,,"✗ turns: 0/15",
1790445912.273,hud,calib_s,,,,,"✓ Buffer 6s",
1790445912.273,marker,gnss,52.37286400,-1.24189100,113.90,true,,
1790445912.273,marker,reconciled,0.00000000,0.00000000,0.00,false,,
