t,state,dr_lat,dr_lon,dr_heading,gnss_lat,gnss_lon,reconciled_lat,reconciled_lon,fsm_state
1030.320,WARMING_UP,,,,,,,,INITIALIZING
1030.421,WARMING_UP,,,,,,,,INITIALIZING
1030.520,WARMING_UP,,,,,,,,INITIALIZING
1030.621,WARMING_UP,,,,,,,,INITIALIZING
1030.720,WARMING_UP,,,,,,,,INITIALIZING
1030.820,WARMING_UP,,,,,,,,INITIALIZING
1030.920,WARMING_UP,,,,,,,,INITIALIZING
1031.020,WARMING_UP,,,,,,,,INITIALIZING
1031.121,WARMING_UP,,,,,,,,INITIALIZING
1031.221,WARMING_UP,,,,,,,,INITIALIZING
1031.320,WARMING_UP,,,,,,,,INITIALIZING
1031.420,WARMING_UP,,,,,,,,INITIALIZING
1031.520,WARMING_UP,,,,,,,,INITIALIZING
1031.620,WARMING_UP,,,,,,,,INITIALIZING
1031.720,WARMING_UP,,,,,,,,INITIALIZING
1031.821,WARMING_UP,,,,,,,,INITIALIZING
1031.920,WARMING_UP,,,,,,,,INITIALIZING
1032.020,WARMING_UP,,,,,,,,INITIALIZING
1032.120,WARMING_UP,,,,,,,,INITIALIZING
1032.221,WARMING_UP,,,,,,,,INITIALIZING
1032.321,WARMING_UP,,,,,,,,INITIALIZING
1032.420,WARMING_UP,,,,,,,,INITIALIZING
1032.520,WARMING_UP,,,,,,,,INITIALIZING
1032.621,WARMING_UP,,,,,,,,INITIALIZING
1032.720,WARMING_UP,,,,,,,,INITIALIZING
1032.821,WARMING_UP,,,,,,,,INITIALIZING
1032.921,WARMING_UP,,,,,,,,INITIALIZING
1033.020,WARMING_UP,,,,,,,,INITIALIZING
1033.121,WARMING_UP,,,,,,,,INITIALIZING
1033.221,WARMING_UP,,,,,,,,INITIALIZING
1033.320,WARMING_UP,,,,52.38364800,-1.35350000,,,INITIALIZING
1033.421,WARMING_UP,,,,52.38364800,-1.35350000,,,INITIALIZING
1033.520,WARMING_UP,,,,52.38364800,-1.35350000,,,INITIALIZING
1033.621,WARMING_UP,,,,52.38364800,-1.35350000,,,INITIALIZING
1033.720,WARMING_UP,,,,52.38364800,-1.35350000,,,INITIALIZING
1033.821,WARMING_UP,,,,52.38364800,-1.35350000,,,INITIALIZING
1033.920,WARMING_UP,,,,52.38364800,-1.35350000,,,INITIALIZING
1034.021,WARMING_UP,,,,52.38364800,-1.35350000,,,INITIALIZING
1034.121,WARMING_UP,,,,52.38364800,-1.35350000,,,INITIALIZING
1034.221,WARMING_UP,,,,52.38364800,-1.35350000,,,INITIALIZING
1034.321,WARMING_UP,,,,52.38364800,-1.35350000,,,INITIALIZING
1034.421,WARMING_UP,,,,52.38364800,-1.35350000,,,INITIALIZING
1034.520,WARMING_UP,,,,52.38364800,-1.35350000,,,INITIALIZING
1034.621,WARMING_UP,,,,52.38364800,-1.35350000,,,INITIALIZING
1034.720,WARMING_UP,,,,52.38364800,-1.35350000,,,INITIALIZING
1034.820,WARMING_UP,,,,52.38364800,-1.35350000,,,INITIALIZING
1034.920,WARMING_UP,,,,52.38364800,-1.35350000,,,INITIALIZING
1035.021,WARMING_UP,,,,52.38364800,-1.35350000,,,INITIALIZING
1035.121,WARMING_UP,,,,52.38364800,-1.35350000,,,INITIALIZING
1035.221,WARMING_UP,,,,52.38364800,-1.35350000,,,INITIALIZING
1035.320,WARMING_UP,,,,52.38364800,-1.35350000,,,INITIALIZING
1035.421,WARMING_UP,,,,52.38364800,-1.35350000,,,INITIALIZING
1035.521,WARMING_UP,,,,52.38364800,-1.35350000,,,INITIALIZING
1035.620,WARMING_UP,,,,52.38364800,-1.35350000,,,INITIALIZING
1035.720,WARMING_UP,,,,52.38364800,-1.35350000,,,INITIALIZING
1035.821,WARMING_UP,,,,52.38364800,-1.35350000,,,INITIALIZING
1035.920,WARMING_UP,,,,52.38364800,-1.35350000,,,INITIALIZING
1036.020,WARMING_UP,,,,52.38364800,-1.35350000,,,INITIALIZING
1036.121,WARMING_UP,,,,52.38364800,-1.35350000,,,INITIALIZING
1036.220,WARMING_UP,,,,52.38364800,-1.35350000,,,INITIALIZING
1036.320,WARMING_UP,,,,52.38364800,-1.35350000,,,INITIALIZING
1036.421,WARMING_UP,,,,52.38364800,-1.35350000,,,INITIALIZING
1036.520,WARMING_UP,,,,52.38364800,-1.35350000,,,INITIALIZING
1036.620,WARMING_UP,,,,52.38364800,-1.35350000,,,INITIALIZING
1036.720,WARMING_UP,,,,52.38364800,-1.35350000,,,INITIALIZING
1036.821,WARMING_UP,,,,52.38364800,-1.35350000,,,INITIALIZING
1036.920,WARMING_UP,,,,52.38364800,-1.35350000,,,INITIALIZING
1037.020,WARMING_UP,,,,52.38364800,-1.35350000,,,INITIALIZING
1037.121,WARMING_UP,,,,52.38364800,-1.35350000,,,INITIALIZING
1037.220,WARMING_UP,,,,52.38364800,-1.35350000,,,INITIALIZING
1037.321,WARMING_UP,,,,52.38364800,-1.35350000,,,INITIALIZING
1037.421,WARMING_UP,,,,52.38364800,-1.35350000,,,INITIALIZING
1037.520,WARMING_UP,,,,52.38364800,-1.35350000,,,INITIALIZING
1037.621,WARMING_UP,,,,52.38364800,-1.35350000,,,INITIALIZING
1037.721,WARMING_UP,,,,52.38364800,-1.35350000,,,INITIALIZING
1037.821,WARMING_UP,,,,52.38364800,-1.35350000,,,INITIALIZING
1037.921,WARMING_UP,,,,52.38364800,-1.35350000,,,INITIALIZING
1038.020,WARMING_UP,,,,52.38364800,-1.35350000,,,INITIALIZING
1038.120,WARMING_UP,,,,52.38364800,-1.35350000,,,INITIALIZING
1038.220,WARMING_UP,,,,52.38364800,-1.35350000,,,INITIALIZING
1038.321,WARMING_UP,,,,52.38364800,-1.35350000,,,INITIALIZING
1038.420,WARMING_UP,,,,52.38364800,-1.35350000,,,INITIALIZING
1038.520,WARMING_UP,,,,52.38364800,-1.35350000,,,INITIALIZING
1038.620,WARMING_UP,,,,52.38364800,-1.35350000,,,INITIALIZING
1038.721,WARMING_UP,,,,52.38364800,-1.35350000,,,INITIALIZING
1038.820,WARMING_UP,,,,52.38364800,-1.35350000,,,INITIALIZING
1038.921,WARMING_UP,,,,52.38364800,-1.35350000,,,INITIALIZING
1039.021,WARMING_UP,,,,52.38364800,-1.35350000,,,INITIALIZING
1039.121,WARMING_UP,,,,52.38364800,-1.35350000,,,INITIALIZING
1039.221,WARMING_UP,,,,52.38364800,-1.35350000,,,INITIALIZING
1039.321,WARMING_UP,,,,52.38364800,-1.35350000,,,INITIALIZING
1039.420,WARMING_UP,,,,52.38364800,-1.35350000,,,INITIALIZING
1039.521,WARMING_UP,,,,52.38364800,-1.35350000,,,INITIALIZING
1039.621,WARMING_UP,,,,52.38364800,-1.35350000,,,INITIALIZING
1039.721,WARMING_UP,,,,52.38364800,-1.35350000,,,INITIALIZING
1039.821,WARMING_UP,,,,52.38364800,-1.35350000,,,INITIALIZING
1039.920,WARMING_UP,,,,52.38364800,-1.35350000,,,INITIALIZING
1040.021,WARMING_UP,,,,52.38364800,-1.35350000,,,INITIALIZING
1040.121,WARMING_UP,,,,52.38364800,-1.35350000,,,INITIALIZING
1040.221,WARMING_UP,,,,52.38364800,-1.35350000,,,INITIALIZING
1040.320,WARMING_UP,,,,52.38364800,-1.35350000,,,INITIALIZING
1040.421,WARMING_UP,,,,52.38364800,-1.35350000,,,INITIALIZING
1040.520,WARMING_UP,,,,52.38364800,-1.35350000,,,INITIALIZING
1040.621,WARMING_UP,,,,52.38364800,-1.35350000,,,INITIALIZING
1040.721,WARMING_UP,,,,52.38364800,-1.35350000,,,INITIALIZING
1040.821,WARMING_UP,,,,52.38364800,-1.35350000,,,INITIALIZING
1040.920,WARMING_UP,,,,52.38364800,-1.35350000,,,INITIALIZING
1041.020,WARMING_UP,,,,52.38364800,-1.35350000,,,INITIALIZING
1041.121,WARMING_UP,,,,52.38364800,-1.35350000,,,INITIALIZING
1041.220,WARMING_UP,,,,52.38364800,-1.35350000,,,INITIALIZING
1041.320,WARMING_UP,,,,52.38364800,-1.35350000,,,INITIALIZING
1041.421,WARMING_UP,,,,52.38364800,-1.35350000,,,INITIALIZING
1041.520,WARMING_UP,,,,52.38364800,-1.35350000,,,INITIALIZING
1041.620,WARMING_UP,,,,52.38364800,-1.35350000,,,INITIALIZING
1041.721,WARMING_UP,,,,52.38364800,-1.35350000,,,INITIALIZING
1041.821,WARMING_UP,,,,52.38364800,-1.35350000,,,INITIALIZING
1041.921,WARMING_UP,,,,52.38364800,-1.35350000,,,INITIALIZING
1042.021,WARMING_UP,,,,52.38364800,-1.35350000,,,INITIALIZING
1042.120,WARMING_UP,,,,52.38364800,-1.35350000,,,INITIALIZING
1042.220,WARMING_UP,,,,52.38364800,-1.35350000,,,INITIALIZING
1042.321,WARMING_UP,,,,52.38301500,-1.35017400,,,INITIALIZING
1042.421,WARMING_UP,,,,52.38301500,-1.35017400,,,INITIALIZING
1042.520,WARMING_UP,,,,52.38301500,-1.35017400,,,INITIALIZING
1042.621,WARMING_UP,,,,52.38301500,-1.35017400,,,INITIALIZING
1042.721,WARMING_UP,,,,52.38301500,-1.35017400,,,INITIALIZING
1042.821,WARMING_UP,,,,52.38301500,-1.35017400,,,INITIALIZING
1042.921,WARMING_UP,,,,52.38301500,-1.35017400,,,INITIALIZING
1043.021,WARMING_UP,,,,52.38301500,-1.35017400,,,INITIALIZING
1043.121,WARMING_UP,,,,52.38301500,-1.35017400,,,INITIALIZING
1043.221,WARMING_UP,,,,52.38301500,-1.35017400,,,INITIALIZING
1043.320,WARMING_UP,,,,52.38301500,-1.35017400,,,INITIALIZING
1043.421,WARMING_UP,,,,52.38301500,-1.35017400,,,INITIALIZING
1043.520,WARMING_UP,,,,52.38301500,-1.35017400,,,INITIALIZING
1043.621,WARMING_UP,,,,52.38301500,-1.35017400,,,INITIALIZING
1043.720,WARMING_UP,,,,52.38301500,-1.35017400,,,INITIALIZING
1043.820,WARMING_UP,,,,52.38301500,-1.35017400,,,INITIALIZING
1043.920,WARMING_UP,,,,52.38301500,-1.35017400,,,INITIALIZING
1044.020,WARMING_UP,,,,52.38301500,-1.35017400,,,INITIALIZING
1044.120,WARMING_UP,,,,52.38301500,-1.35017400,,,INITIALIZING
1044.220,WARMING_UP,,,,52.38301500,-1.35017400,,,INITIALIZING
1044.320,WARMING_UP,,,,52.38301500,-1.35017400,,,INITIALIZING
1044.421,WARMING_UP,,,,52.38301500,-1.35017400,,,INITIALIZING
1044.520,WARMING_UP,,,,52.38301500,-1.35017400,,,INITIALIZING
1044.620,WARMING_UP,,,,52.38301500,-1.35017400,,,INITIALIZING
1044.720,WARMING_UP,,,,52.38301500,-1.35017400,,,INITIALIZING
1044.821,WARMING_UP,,,,52.38301500,-1.35017400,,,INITIALIZING
1044.921,WARMING_UP,,,,52.38301500,-1.35017400,,,INITIALIZING
1045.020,WARMING_UP,,,,52.38301500,-1.35017400,,,INITIALIZING
1045.121,WARMING_UP,,,,52.38301500,-1.35017400,,,INITIALIZING
1045.221,WARMING_UP,,,,52.38301500,-1.35017400,,,INITIALIZING
1045.321,WARMING_UP,,,,52.38301500,-1.35017400,,,INITIALIZING
1045.421,WARMING_UP,,,,52.38301500,-1.35017400,,,INITIALIZING
1045.520,WARMING_UP,,,,52.38301500,-1.35017400,,,INITIALIZING
1045.621,WARMING_UP,,,,52.38301500,-1.35017400,,,INITIALIZING
1045.720,WARMING_UP,,,,52.38301500,-1.35017400,,,INITIALIZING
1045.821,WARMING_UP,,,,52.38301500,-1.35017400,,,INITIALIZING
1045.920,WARMING_UP,,,,52.38301500,-1.35017400,,,INITIALIZING
1046.020,WARMING_UP,,,,52.38301500,-1.35017400,,,INITIALIZING
1046.121,WARMING_UP,,,,52.38301500,-1.35017400,,,INITIALIZING
1046.221,WARMING_UP,,,,52.38301500,-1.35017400,,,INITIALIZING
1046.320,WARMING_UP,,,,52.38301500,-1.35017400,,,INITIALIZING
1046.421,WARMING_UP,,,,52.38301500,-1.35017400,,,INITIALIZING
1046.520,WARMING_UP,,,,52.38301500,-1.35017400,,,INITIALIZING
1046.621,WARMING_UP,,,,52.38301500,-1.35017400,,,INITIALIZING
1046.721,WARMING_UP,,,,52.38301500,-1.35017400,,,INITIALIZING
1046.820,WARMING_UP,,,,52.38301500,-1.35017400,,,INITIALIZING
1046.921,WARMING_UP,,,,52.38301500,-1.35017400,,,INITIALIZING
1047.021,WARMING_UP,,,,52.38301500,-1.35017400,,,INITIALIZING
1047.120,WARMING_UP,,,,52.38301500,-1.35017400,,,INITIALIZING
1047.220,WARMING_UP,,,,52.38301500,-1.35017400,,,INITIALIZING
1047.320,WARMING_UP,,,,52.38301500,-1.35017400,,,INITIALIZING
1047.421,WARMING_UP,,,,52.38301500,-1.35017400,,,INITIALIZING
1047.520,WARMING_UP,,,,52.38301500,-1.35017400,,,INITIALIZING
1047.621,WARMING_UP,,,,52.38301500,-1.35017400,,,INITIALIZING
1047.720,WARMING_UP,,,,52.38301500,-1.35017400,,,INITIALIZING
1047.820,WARMING_UP,,,,52.38301500,-1.35017400,,,INITIALIZING
1047.920,WARMING_UP,,,,52.38301500,-1.35017400,,,INITIALIZING
1048.021,WARMING_UP,,,,52.38301500,-1.35017400,,,INITIALIZING
1048.121,WARMING_UP,,,,52.38301500,-1.35017400,,,INITIALIZING
1048.221,WARMING_UP,,,,52.38301500,-1.35017400,,,INITIALIZING
1048.321,WARMING_UP,,,,52.38301500,-1.35017400,,,INITIALIZING
1048.420,WARMING_UP,,,,52.38301500,-1.35017400,,,INITIALIZING
1048.521,WARMING_UP,,,,52.38301500,-1.35017400,,,INITIALIZING
1048.620,WARMING_UP,,,,52.38301500,-1.35017400,,,INITIALIZING
1048.721,WARMING_UP,,,,52.38301500,-1.35017400,,,INITIALIZING
1048.820,WARMING_UP,,,,52.38301500,-1.35017400,,,INITIALIZING
1048.921,WARMING_UP,,,,52.38301500,-1.35017400,,,INITIALIZING
1049.021,WARMING_UP,,,,52.38301500,-1.35017400,,,INITIALIZING
1049.121,WARMING_UP,,,,52.38301500,-1.35017400,,,INITIALIZING
1049.220,WARMING_UP,,,,52.38301500,-1.35017400,,,INITIALIZING
1049.320,WARMING_UP,,,,52.38301500,-1.35017400,,,INITIALIZING
1049.421,WARMING_UP,,,,52.38301500,-1.35017400,,,INITIALIZING
1049.520,WARMING_UP,,,,52.38301500,-1.35017400,,,INITIALIZING
1049.626,WARMING_UP,,,,52.38301500,-1.35017400,,,INITIALIZING
1049.720,WARMING_UP,,,,52.38301500,-1.35017400,,,INITIALIZING
1049.820,WARMING_UP,,,,52.38301500,-1.35017400,,,INITIALIZING
1049.920,WARMING_UP,,,,52.38301500,-1.35017400,,,INITIALIZING
1050.021,WARMING_UP,,,,52.38301500,-1.35017400,,,INITIALIZING
1050.120,WARMING_UP,,,,52.38301500,-1.35017400,,,INITIALIZING
1050.220,WARMING_UP,,,,52.38301500,-1.35017400,,,INITIALIZING
1050.320,WARMING_UP,,,,52.38301500,-1.35017400,,,INITIALIZING
1050.421,WARMING_UP,,,,52.38301500,-1.35017400,,,INITIALIZING
1050.520,WARMING_UP,,,,52.38301500,-1.35017400,,,INITIALIZING
1050.620,WARMING_UP,,,,52.38301500,-1.35017400,,,INITIALIZING
1050.720,WARMING_UP,,,,52.38301500,-1.35017400,,,INITIALIZING
1050.820,WARMING_UP,,,,52.38301500,-1.35017400,,,INITIALIZING
1050.921,WARMING_UP,,,,52.38301500,-1.35017400,,,INITIALIZING
1051.020,WARMING_UP,,,,52.38301500,-1.35017400,,,INITIALIZING
1051.121,WARMING_UP,,,,52.38301500,-1.35017400,,,INITIALIZING
1051.222,WARMING_UP,,,,52.38301500,-1.35017400,,,INITIALIZING
1051.321,WARMING_UP,,,,52.38244200,-1.34697400,,,INITIALIZING
1051.420,WARMING_UP,,,,52.38244200,-1.34697400,,,INITIALIZING
1051.520,WARMING_UP,,,,52.38244200,-1.34697400,,,INITIALIZING
1051.621,WARMING_UP,,,,52.38244200,-1.34697400,,,INITIALIZING
1051.721,WARMING_UP,,,,52.38244200,-1.34697400,,,INITIALIZING
1051.821,WARMING_UP,,,,52.38244200,-1.34697400,,,INITIALIZING
1051.920,WARMING_UP,,,,52.38244200,-1.34697400,,,INITIALIZING
1052.020,WARMING_UP,,,,52.38244200,-1.34697400,,,INITIALIZING
1052.120,WARMING_UP,,,,52.38244200,-1.34697400,,,INITIALIZING
1052.221,WARMING_UP,,,,52.38244200,-1.34697400,,,INITIALIZING
1052.321,WARMING_UP,,,,52.38244200,-1.34697400,,,INITIALIZING
1052.420,WARMING_UP,,,,52.38244200,-1.34697400,,,INITIALIZING
1052.520,WARMING_UP,,,,52.38244200,-1.34697400,,,INITIALIZING
1052.621,WARMING_UP,,,,52.38244200,-1.34697400,,,INITIALIZING
1052.720,WARMING_UP,,,,52.38244200,-1.34697400,,,INITIALIZING
1052.820,WARMING_UP,,,,52.38244200,-1.34697400,,,INITIALIZING
1052.920,WARMING_UP,,,,52.38244200,-1.34697400,,,INITIALIZING
1053.020,WARMING_UP,,,,52.38244200,-1.34697400,,,INITIALIZING
1053.120,WARMING_UP,,,,52.38244200,-1.34697400,,,INITIALIZING
1053.225,WARMING_UP,,,,52.38244200,-1.34697400,,,INITIALIZING
1053.323,WARMING_UP,,,,52.38244200,-1.34697400,,,INITIALIZING
1053.421,WARMING_UP,,,,52.38244200,-1.34697400,,,INITIALIZING
1053.520,WARMING_UP,,,,52.38244200,-1.34697400,,,INITIALIZING
1053.621,WARMING_UP,,,,52.38244200,-1.34697400,,,INITIALIZING
1053.721,WARMING_UP,,,,52.38244200,-1.34697400,,,INITIALIZING
1053.821,WARMING_UP,,,,52.38244200,-1.34697400,,,INITIALIZING
1053.921,WARMING_UP,,,,52.38244200,-1.34697400,,,INITIALIZING
1054.020,WARMING_UP,,,,52.38244200,-1.34697400,,,INITIALIZING
1054.121,WARMING_UP,,,,52.38244200,-1.34697400,,,INITIALIZING
1054.220,WARMING_UP,,,,52.38244200,-1.34697400,,,INITIALIZING
1054.321,WARMING_UP,,,,52.38244200,-1.34697400,,,INITIALIZING
1054.420,WARMING_UP,,,,52.38244200,-1.34697400,,,INITIALIZING
1054.521,WARMING_UP,,,,52.38244200,-1.34697400,,,INITIALIZING
1054.620,WARMING_UP,,,,52.38244200,-1.34697400,,,INITIALIZING
1054.720,WARMING_UP,,,,52.38244200,-1.34697400,,,INITIALIZING
1054.821,WARMING_UP,,,,52.38244200,-1.34697400,,,INITIALIZING
1054.920,WARMING_UP,,,,52.38244200,-1.34697400,,,INITIALIZING
1055.020,WARMING_UP,,,,52.38244200,-1.34697400,,,INITIALIZING
1055.121,WARMING_UP,,,,52.38244200,-1.34697400,,,INITIALIZING
1055.221,WARMING_UP,,,,52.38244200,-1.34697400,,,INITIALIZING
1055.321,WARMING_UP,,,,52.38244200,-1.34697400,,,INITIALIZING
1055.420,WARMING_UP,,,,52.38244200,-1.34697400,,,INITIALIZING
1055.521,WARMING_UP,,,,52.38244200,-1.34697400,,,INITIALIZING
1055.620,WARMING_UP,,,,52.38244200,-1.34697400,,,INITIALIZING
1055.721,WARMING_UP,,,,52.38244200,-1.34697400,,,INITIALIZING
1055.821,WARMING_UP,,,,52.38244200,-1.34697400,,,INITIALIZING
1055.921,WARMING_UP,,,,52.38244200,-1.34697400,,,INITIALIZING
1056.021,WARMING_UP,,,,52.38244200,-1.34697400,,,INITIALIZING
1056.120,WARMING_UP,,,,52.38244200,-1.34697400,,,INITIALIZING
1056.220,WARMING_UP,,,,52.38244200,-1.34697400,,,INITIALIZING
1056.320,WARMING_UP,,,,52.38244200,-1.34697400,,,INITIALIZING
1056.421,WARMING_UP,,,,52.38244200,-1.34697400,,,INITIALIZING
1056.521,WARMING_UP,,,,52.38244200,-1.34697400,,,INITIALIZING
1056.621,WARMING_UP,,,,52.38244200,-1.34697400,,,INITIALIZING
1056.720,WARMING_UP,,,,52.38244200,-1.34697400,,,INITIALIZING
1056.820,WARMING_UP,,,,52.38244200,-1.34697400,,,INITIALIZING
1056.921,WARMING_UP,,,,52.38244200,-1.34697400,,,INITIALIZING
1057.020,WARMING_UP,,,,52.38244200,-1.34697400,,,INITIALIZING
1057.121,WARMING_UP,,,,52.38244200,-1.34697400,,,INITIALIZING
1057.220,WARMING_UP,,,,52.38244200,-1.34697400,,,INITIALIZING
1057.320,WARMING_UP,,,,52.38244200,-1.34697400,,,INITIALIZING
1057.421,WARMING_UP,,,,52.38244200,-1.34697400,,,INITIALIZING
1057.520,WARMING_UP,,,,52.38244200,-1.34697400,,,INITIALIZING
1057.621,WARMING_UP,,,,52.38244200,-1.34697400,,,INITIALIZING
1057.720,WARMING_UP,,,,52.38244200,-1.34697400,,,INITIALIZING
1057.820,WARMING_UP,,,,52.38244200,-1.34697400,,,INITIALIZING
1057.920,WARMING_UP,,,,52.38244200,-1.34697400,,,INITIALIZING
1058.020,WARMING_UP,,,,52.38244200,-1.34697400,,,INITIALIZING
1058.120,WARMING_UP,,,,52.38244200,-1.34697400,,,INITIALIZING
1058.222,WARMING_UP,,,,52.38244200,-1.34697400,,,INITIALIZING
1058.321,WARMING_UP,,,,52.38244200,-1.34697400,,,INITIALIZING
1058.420,WARMING_UP,,,,52.38244200,-1.34697400,,,INITIALIZING
1058.521,WARMING_UP,,,,52.38244200,-1.34697400,,,INITIALIZING
1058.620,WARMING_UP,,,,52.38244200,-1.34697400,,,INITIALIZING
1058.721,WARMING_UP,,,,52.38244200,-1.34697400,,,INITIALIZING
1058.820,WARMING_UP,,,,52.38244200,-1.34697400,,,INITIALIZING
1058.921,WARMING_UP,,,,52.38244200,-1.34697400,,,INITIALIZING
1059.020,WARMING_UP,,,,52.38244200,-1.34697400,,,INITIALIZING
1059.120,WARMING_UP,,,,52.38244200,-1.34697400,,,INITIALIZING
1059.220,WARMING_UP,,,,52.38244200,-1.34697400,,,INITIALIZING
1059.320,WARMING_UP,,,,52.38244200,-1.34697400,,,INITIALIZING
1059.421,WARMING_UP,,,,52.38244200,-1.34697400,,,INITIALIZING
1059.520,WARMING_UP,,,,52.38244200,-1.34697400,,,INITIALIZING
1059.620,WARMING_UP,,,,52.38244200,-1.34697400,,,INITIALIZING
1059.721,WARMING_UP,,,,52.38244200,-1.34697400,,,INITIALIZING
1059.821,WARMING_UP,,,,52.38244200,-1.34697400,,,INITIALIZING
1059.920,WARMING_UP,,,,52.38244200,-1.34697400,,,INITIALIZING
1060.021,WARMING_UP,,,,52.38244200,-1.34697400,,,INITIALIZING
1060.121,WARMING_UP,,,,52.38244200,-1.34697400,,,INITIALIZING
1060.220,WARMING_UP,,,,52.38244200,-1.34697400,,,INITIALIZING
1060.320,BLACKOUT,52.38197351,-1.34404166,104.70,52.38197700,-1.34406300,,,INITIALIZING
1060.421,BLACKOUT,52.38196933,-1.34401583,104.80,52.38197700,-1.34406300,,,INITIALIZING
1060.520,BLACKOUT,52.38196513,-1.34398990,104.80,52.38197700,-1.34406300,,,INITIALIZING
1060.620,BLACKOUT,52.38196079,-1.34396328,104.80,52.38197700,-1.34406300,,,INITIALIZING
1060.721,BLACKOUT,52.38195637,-1.34393603,104.90,52.38197700,-1.34406300,,,INITIALIZING
1060.820,BLACKOUT,52.38195202,-1.34390920,104.90,52.38197700,-1.34406300,,,INITIALIZING
1060.920,BLACKOUT,52.38194762,-1.34388193,105.00,52.38197700,-1.34406300,,,INITIALIZING
1061.021,BLACKOUT,52.38194317,-1.34385433,104.90,52.38197700,-1.34406300,,,INITIALIZING
1061.120,BLACKOUT,52.38193880,-1.34382720,104.80,52.38197700,-1.34406300,,,INITIALIZING
1061.221,BLACKOUT,52.38193439,-1.34379970,104.80,52.38197700,-1.34406300,,,INITIALIZING
1061.321,BLACKOUT,52.38193002,-1.34377254,104.90,52.38197700,-1.34406300,,,INITIALIZING
1061.420,BLACKOUT,52.38192571,-1.34374573,104.70,52.38197700,-1.34406300,,,INITIALIZING
1061.520,BLACKOUT,52.38192136,-1.34371864,104.70,52.38197700,-1.34406300,,,INITIALIZING
1061.620,BLACKOUT,52.38191704,-1.34369175,104.80,52.38197700,-1.34406300,,,INITIALIZING
1061.720,BLACKOUT,52.38191270,-1.34366494,104.70,52.38197700,-1.34406300,,,INITIALIZING
1061.820,BLACKOUT,52.38190834,-1.34363826,104.80,52.38197700,-1.34406300,,,INITIALIZING
1061.921,BLACKOUT,52.38190393,-1.34361135,104.70,52.38197700,-1.34406300,,,INITIALIZING
1062.020,BLACKOUT,52.38189961,-1.34358506,104.90,52.38197700,-1.34406300,,,INITIALIZING
1062.121,BLACKOUT,52.38189521,-1.34355837,104.70,52.38197700,-1.34406300,,,INITIALIZING
1062.221,BLACKOUT,52.38189089,-1.34353203,104.60,52.38197700,-1.34406300,,,INITIALIZING
1062.320,BLACKOUT,52.38188664,-1.34350610,104.50,52.38197700,-1.34406300,,,INITIALIZING
1062.421,BLACKOUT,52.38188238,-1.34348010,104.50,52.38197700,-1.34406300,,,INITIALIZING
1062.521,BLACKOUT,52.38187819,-1.34345450,104.40,52.38197700,-1.34406300,,,INITIALIZING
1062.621,BLACKOUT,52.38187408,-1.34342934,104.30,52.38197700,-1.34406300,,,INITIALIZING
1062.720,BLACKOUT,52.38187001,-1.34340457,104.30,52.38197700,-1.34406300,,,INITIALIZING
1062.823,BLACKOUT,52.38186582,-1.34337894,104.20,52.38197700,-1.34406300,,,INITIALIZING
1062.921,BLACKOUT,52.38186186,-1.34335475,104.40,52.38197700,-1.34406300,,,INITIALIZING
1063.021,BLACKOUT,52.38185783,-1.34333020,104.40,52.38197700,-1.34406300,,,INITIALIZING
1063.121,BLACKOUT,52.38185383,-1.34330582,104.50,52.38197700,-1.34406300,,,INITIALIZING
1063.221,BLACKOUT,52.38184983,-1.34328167,104.60,52.38197700,-1.34406300,,,INITIALIZING
1063.320,BLACKOUT,52.38184593,-1.34325797,104.80,52.38197700,-1.34406300,,,INITIALIZING
1063.421,BLACKOUT,52.38184191,-1.34323394,104.90,52.38197700,-1.34406300,,,INITIALIZING
1063.521,BLACKOUT,52.38183797,-1.34321035,105.00,52.38197700,-1.34406300,,,INITIALIZING
1063.621,BLACKOUT,52.38183404,-1.34318694,105.20,52.38197700,-1.34406300,,,INITIALIZING
1063.721,BLACKOUT,52.38183011,-1.34316371,105.50,52.38197700,-1.34406300,,,INITIALIZING
1063.821,BLACKOUT,52.38182618,-1.34314068,105.50,52.38197700,-1.34406300,,,INITIALIZING
1063.920,BLACKOUT,52.38182227,-1.34311809,105.60,52.38197700,-1.34406300,,,INITIALIZING
1064.020,BLACKOUT,52.38181832,-1.34309542,105.70,52.38197700,-1.34406300,,,INITIALIZING
1064.121,BLACKOUT,52.38181430,-1.34307265,105.50,52.38197700,-1.34406300,,,INITIALIZING
1064.220,BLACKOUT,52.38181035,-1.34305050,105.20,52.38197700,-1.34406300,,,INITIALIZING
1064.321,BLACKOUT,52.38180637,-1.34302812,105.00,52.38197700,-1.34406300,,,INITIALIZING
1064.420,BLACKOUT,52.38180245,-1.34300634,105.00,52.38197700,-1.34406300,,,INITIALIZING
1064.520,BLACKOUT,52.38179854,-1.34298461,105.00,52.38197700,-1.34406300,,,INITIALIZING
1064.620,BLACKOUT,52.38179463,-1.34296307,105.00,52.38197700,-1.34406300,,,INITIALIZING
1064.720,BLACKOUT,52.38179074,-1.34294173,104.90,52.38197700,-1.34406300,,,INITIALIZING
1064.821,BLACKOUT,52.38178694,-1.34292073,105.00,52.38197700,-1.34406300,,,INITIALIZING
1064.921,BLACKOUT,52.38178333,-1.34290033,104.90,52.38197700,-1.34406300,,,INITIALIZING
1065.021,BLACKOUT,52.38177974,-1.34288002,104.50,52.38197700,-1.34406300,,,INITIALIZING
1065.120,BLACKOUT,52.38177621,-1.34286017,104.50,52.38197700,-1.34406300,,,INITIALIZING
1065.221,BLACKOUT,52.38177255,-1.34283989,104.10,52.38197700,-1.34406300,,,INITIALIZING
1065.320,BLACKOUT,52.38176899,-1.34281998,104.40,52.38197700,-1.34406300,,,INITIALIZING
1065.421,BLACKOUT,52.38176531,-1.34279963,104.30,52.38197700,-1.34406300,,,INITIALIZING
1065.520,BLACKOUT,52.38176168,-1.34277966,104.60,52.38197700,-1.34406300,,,INITIALIZING
1065.621,BLACKOUT,52.38175796,-1.34275915,105.00,52.38197700,-1.34406300,,,INITIALIZING
1065.721,BLACKOUT,52.38175424,-1.34273867,105.30,52.38197700,-1.34406300,,,INITIALIZING
1065.821,BLACKOUT,52.38175052,-1.34271804,105.40,52.38197700,-1.34406300,,,INITIALIZING
1065.920,BLACKOUT,52.38174684,-1.34269760,105.60,52.38197700,-1.34406300,,,INITIALIZING
1066.021,BLACKOUT,52.38174304,-1.34267675,105.50,52.38197700,-1.34406300,,,INITIALIZING
1066.120,BLACKOUT,52.38173933,-1.34265638,105.20,52.38197700,-1.34406300,,,INITIALIZING
1066.221,BLACKOUT,52.38173556,-1.34263566,105.10,52.38197700,-1.34406300,,,INITIALIZING
1066.321,BLACKOUT,52.38173186,-1.34261522,105.20,52.38197700,-1.34406300,,,INITIALIZING
1066.420,BLACKOUT,52.38172821,-1.34259499,105.20,52.38197700,-1.34406300,,,INITIALIZING
1066.520,BLACKOUT,52.38172448,-1.34257453,105.40,52.38197700,-1.34406300,,,INITIALIZING
1066.621,BLACKOUT,52.38172071,-1.34255388,105.60,52.38197700,-1.34406300,,,INITIALIZING
1066.721,BLACKOUT,52.38171689,-1.34253337,105.40,52.38197700,-1.34406300,,,INITIALIZING
1066.820,BLACKOUT,52.38171309,-1.34251308,105.40,52.38197700,-1.34406300,,,INITIALIZING
1066.920,BLACKOUT,52.38170927,-1.34249261,105.50,52.38197700,-1.34406300,,,INITIALIZING
1067.020,BLACKOUT,52.38170549,-1.34247224,105.50,52.38197700,-1.34406300,,,INITIALIZING
1067.120,BLACKOUT,52.38170175,-1.34245190,105.50,52.38197700,-1.34406300,,,INITIALIZING
1067.220,BLACKOUT,52.38169796,-1.34243163,105.80,52.38197700,-1.34406300,,,INITIALIZING
1067.320,BLACKOUT,52.38169422,-1.34241155,105.80,52.38197700,-1.34406300,,,INITIALIZING
1067.421,BLACKOUT,52.38169044,-1.34239119,105.60,52.38197700,-1.34406300,,,INITIALIZING
1067.520,BLACKOUT,52.38168679,-1.34237124,105.90,52.38197700,-1.34406300,,,INITIALIZING
1067.621,BLACKOUT,52.38168297,-1.34235082,105.50,52.38197700,-1.34406300,,,INITIALIZING
1067.721,BLACKOUT,52.38167920,-1.34233043,105.40,52.38197700,-1.34406300,,,INITIALIZING
1067.821,BLACKOUT,52.38167522,-1.34230965,105.10,52.38197700,-1.34406300,,,INITIALIZING
1067.921,BLACKOUT,52.38167120,-1.34228891,104.80,52.38197700,-1.34406300,,,INITIALIZING
1068.020,BLACKOUT,52.38166723,-1.34226828,104.70,52.38197700,-1.34406300,,,INITIALIZING
1068.120,BLACKOUT,52.38166321,-1.34224736,104.80,52.38197700,-1.34406300,,,INITIALIZING
1068.220,BLACKOUT,52.38165920,-1.34222629,105.10,52.38197700,-1.34406300,,,INITIALIZING
1068.321,BLACKOUT,52.38165511,-1.34220488,105.20,52.38197700,-1.34406300,,,INITIALIZING
1068.420,BLACKOUT,52.38165110,-1.34218366,105.20,52.38197700,-1.34406300,,,INITIALIZING
1068.520,BLACKOUT,52.38164706,-1.34216208,105.30,52.38197700,-1.34406300,,,INITIALIZING
1068.621,BLACKOUT,52.38164297,-1.34214013,105.40,52.38197700,-1.34406300,,,INITIALIZING
1068.721,BLACKOUT,52.38163887,-1.34211824,105.20,52.38197700,-1.34406300,,,INITIALIZING
1068.821,BLACKOUT,52.38163470,-1.34209615,105.10,52.38197700,-1.34406300,,,INITIALIZING
1068.920,BLACKOUT,52.38163058,-1.34207408,105.10,52.38197700,-1.34406300,,,INITIALIZING
1069.020,BLACKOUT,52.38162636,-1.34205166,105.20,52.38197700,-1.34406300,,,INITIALIZING
1069.120,BLACKOUT,52.38162213,-1.34202909,105.50,52.38197700,-1.34406300,,,INITIALIZING
1069.221,BLACKOUT,52.38161779,-1.34200618,105.50,52.38197700,-1.34406300,,,INITIALIZING
1069.320,BLACKOUT,52.38161352,-1.34198349,105.60,52.38164500,-1.34205600,,,INITIALIZING
1069.421,BLACKOUT,52.38160917,-1.34196015,105.50,52.38164500,-1.34205600,,,INITIALIZING
1069.520,BLACKOUT,52.38160488,-1.34193709,105.30,52.38164500,-1.34205600,,,INITIALIZING
1069.620,BLACKOUT,52.38160042,-1.34191366,104.90,52.38164500,-1.34205600,,,INITIALIZING
1069.721,BLACKOUT,52.38159584,-1.34188987,105.20,52.38164500,-1.34205600,,,INITIALIZING
1069.820,BLACKOUT,52.38159126,-1.34186653,105.20,52.38164500,-1.34205600,,,INITIALIZING
1069.920,BLACKOUT,52.38158666,-1.34184280,105.50,52.38164500,-1.34205600,,,INITIALIZING
1070.020,BLACKOUT,52.38158205,-1.34181897,105.60,52.38164500,-1.34205600,,,INITIALIZING
1070.121,BLACKOUT,52.38157740,-1.34179479,105.70,52.38164500,-1.34205600,,,INITIALIZING
1070.220,BLACKOUT,52.38157284,-1.34177097,105.50,52.38164500,-1.34205600,,,INITIALIZING
1070.321,BLACKOUT,52.38156831,-1.34174647,105.10,52.38164500,-1.34205600,,,INITIALIZING
1070.420,BLACKOUT,52.38156385,-1.34172232,104.80,52.38164500,-1.34205600,,,INITIALIZING
1070.520,BLACKOUT,52.38155923,-1.34169784,104.60,52.38164500,-1.34205600,,,INITIALIZING
1070.620,BLACKOUT,52.38155456,-1.34167319,104.60,52.38164500,-1.34205600,,,INITIALIZING
1070.720,BLACKOUT,52.38155002,-1.34164825,104.80,52.38164500,-1.34205600,,,INITIALIZING
1070.820,BLACKOUT,52.38154545,-1.34162300,104.70,52.38164500,-1.34205600,,,INITIALIZING
1070.921,BLACKOUT,52.38154072,-1.34159745,104.50,52.38164500,-1.34205600,,,INITIALIZING
1071.021,BLACKOUT,52.38153608,-1.34157202,104.40,52.38164500,-1.34205600,,,INITIALIZING
1071.121,BLACKOUT,52.38153140,-1.34154678,104.70,52.38164500,-1.34205600,,,INITIALIZING
1071.220,BLACKOUT,52.38152681,-1.34152142,105.10,52.38164500,-1.34205600,,,INITIALIZING
1071.320,BLACKOUT,52.38152217,-1.34149562,105.50,52.38164500,-1.34205600,,,INITIALIZING
1071.421,BLACKOUT,52.38151727,-1.34146943,105.80,52.38164500,-1.34205600,,,INITIALIZING
1071.520,BLACKOUT,52.38151245,-1.34144371,105.70,52.38164500,-1.34205600,,,INITIALIZING
1071.621,BLACKOUT,52.38150754,-1.34141731,105.40,52.38164500,-1.34205600,,,INITIALIZING
1071.721,BLACKOUT,52.38150258,-1.34139115,105.00,52.38164500,-1.34205600,,,INITIALIZING
1071.821,BLACKOUT,52.38149762,-1.34136495,104.80,52.38164500,-1.34205600,,,INITIALIZING
1071.920,BLACKOUT,52.38149271,-1.34133897,104.70,52.38164500,-1.34205600,,,INITIALIZING
1072.020,BLACKOUT,52.38148782,-1.34131272,104.80,52.38164500,-1.34205600,,,INITIALIZING
1072.120,BLACKOUT,52.38148303,-1.34128663,104.70,52.38164500,-1.34205600,,,INITIALIZING
1072.220,BLACKOUT,52.38147826,-1.34126060,104.60,52.38164500,-1.34205600,,,INITIALIZING
1072.320,BLACKOUT,52.38147353,-1.34123454,104.60,52.38164500,-1.34205600,,,INITIALIZING
1072.420,BLACKOUT,52.38146878,-1.34120853,104.80,52.38164500,-1.34205600,,,INITIALIZING
1072.521,BLACKOUT,52.38146398,-1.34118221,104.90,52.38164500,-1.34205600,,,INITIALIZING
1072.621,BLACKOUT,52.38145923,-1.34115610,105.10,52.38164500,-1.34205600,,,INITIALIZING
1072.720,BLACKOUT,52.38145454,-1.34113022,105.00,52.38164500,-1.34205600,,,INITIALIZING
1072.820,BLACKOUT,52.38144983,-1.34110403,105.00,52.38164500,-1.34205600,,,INITIALIZING
1072.920,BLACKOUT,52.38144519,-1.34107779,104.90,52.38164500,-1.34205600,,,INITIALIZING
1073.020,BLACKOUT,52.38144056,-1.34105150,104.80,52.38164500,-1.34205600,,,INITIALIZING
1073.120,BLACKOUT,52.38143599,-1.34102525,104.80,52.38164500,-1.34205600,,,INITIALIZING
1073.220,BLACKOUT,52.38143144,-1.34099894,104.40,52.38164500,-1.34205600,,,INITIALIZING
1073.320,BLACKOUT,52.38142682,-1.34097302,104.20,52.38164500,-1.34205600,,,INITIALIZING
1073.421,BLACKOUT,52.38142215,-1.34094660,104.10,52.38164500,-1.34205600,,,INITIALIZING
1073.521,BLACKOUT,52.38141756,-1.34092035,104.20,52.38164500,-1.34205600,,,INITIALIZING
1073.620,BLACKOUT,52.38141298,-1.34089427,104.20,52.38164500,-1.34205600,,,INITIALIZING
1073.721,BLACKOUT,52.38140842,-1.34086750,103.80,52.38164500,-1.34205600,,,INITIALIZING
1073.821,BLACKOUT,52.38140385,-1.34084078,103.40,52.38164500,-1.34205600,,,INITIALIZING
1073.921,BLACKOUT,52.38139923,-1.34081394,103.40,52.38164500,-1.34205600,,,INITIALIZING
1074.021,BLACKOUT,52.38139465,-1.34078719,103.40,52.38164500,-1.34205600,,,INITIALIZING
1074.120,BLACKOUT,52.38139010,-1.34076039,103.70,52.38164500,-1.34205600,,,INITIALIZING
1074.221,BLACKOUT,52.38138526,-1.34073290,104.00,52.38164500,-1.34205600,,,INITIALIZING
1074.321,BLACKOUT,52.38138051,-1.34070550,103.90,52.38164500,-1.34205600,,,INITIALIZING
1074.421,BLACKOUT,52.38137577,-1.34067788,103.90,52.38164500,-1.34205600,,,INITIALIZING
1074.521,BLACKOUT,52.38137097,-1.34065006,103.80,52.38164500,-1.34205600,,,INITIALIZING
1074.620,BLACKOUT,52.38136609,-1.34062266,103.80,52.38164500,-1.34205600,,,INITIALIZING
1074.721,BLACKOUT,52.38136113,-1.34059462,103.70,52.38164500,-1.34205600,,,INITIALIZING
1074.820,BLACKOUT,52.38135617,-1.34056684,104.00,52.38164500,-1.34205600,,,INITIALIZING
1074.920,BLACKOUT,52.38135117,-1.34053854,103.80,52.38164500,-1.34205600,,,INITIALIZING
1075.020,BLACKOUT,52.38134616,-1.34050999,103.40,52.38164500,-1.34205600,,,INITIALIZING
1075.121,BLACKOUT,52.38134098,-1.34048130,103.20,52.38164500,-1.34205600,,,INITIALIZING
1075.220,BLACKOUT,52.38133589,-1.34045305,102.80,52.38164500,-1.34205600,,,INITIALIZING
1075.320,BLACKOUT,52.38133069,-1.34042439,102.70,52.38164500,-1.34205600,,,INITIALIZING
1075.421,BLACKOUT,52.38132566,-1.34039505,103.10,52.38164500,-1.34205600,,,INITIALIZING
1075.520,BLACKOUT,52.38132095,-1.34036808,104.10,52.38164500,-1.34205600,,,INITIALIZING
1075.621,BLACKOUT,52.38131564,-1.34033835,104.50,52.38164500,-1.34205600,,,INITIALIZING
1075.720,BLACKOUT,52.38131033,-1.34030905,104.50,52.38164500,-1.34205600,,,INITIALIZING
1075.820,BLACKOUT,52.38130498,-1.34027928,104.50,52.38164500,-1.34205600,,,INITIALIZING
1075.921,BLACKOUT,52.38129953,-1.34024930,104.60,52.38164500,-1.34205600,,,INITIALIZING
1076.021,BLACKOUT,52.38129411,-1.34021964,104.80,52.38164500,-1.34205600,,,INITIALIZING
1076.121,BLACKOUT,52.38128865,-1.34018987,105.00,52.38164500,-1.34205600,,,INITIALIZING
1076.222,BLACKOUT,52.38128309,-1.34016001,105.10,52.38164500,-1.34205600,,,INITIALIZING
1076.320,BLACKOUT,52.38127772,-1.34013112,105.30,52.38164500,-1.34205600,,,INITIALIZING
1076.422,BLACKOUT,52.38127213,-1.34010097,104.80,52.38164500,-1.34205600,,,INITIALIZING
1076.521,BLACKOUT,52.38126672,-1.34007199,104.10,52.38164500,-1.34205600,,,INITIALIZING
1076.620,BLACKOUT,52.38126139,-1.34004329,103.50,52.38164500,-1.34205600,,,INITIALIZING
1076.720,BLACKOUT,52.38125595,-1.34001448,103.40,52.38164500,-1.34205600,,,INITIALIZING
1076.821,BLACKOUT,52.38125061,-1.33998545,103.80,52.38164500,-1.34205600,,,INITIALIZING
1076.921,BLACKOUT,52.38124550,-1.33995665,103.90,52.38164500,-1.34205600,,,INITIALIZING
1077.021,BLACKOUT,52.38124059,-1.33992779,104.10,52.38164500,-1.34205600,,,INITIALIZING
1077.121,BLACKOUT,52.38123570,-1.33989936,104.40,52.38164500,-1.34205600,,,INITIALIZING
1077.220,BLACKOUT,52.38123084,-1.33987149,104.10,52.38164500,-1.34205600,,,INITIALIZING
1077.320,BLACKOUT,52.38122596,-1.33984364,103.60,52.38164500,-1.34205600,,,INITIALIZING
1077.421,BLACKOUT,52.38122092,-1.33981561,103.50,52.38164500,-1.34205600,,,INITIALIZING
1077.520,BLACKOUT,52.38121611,-1.33978810,103.50,52.38164500,-1.34205600,,,INITIALIZING
1077.621,BLACKOUT,52.38121118,-1.33976003,103.20,52.38164500,-1.34205600,,,INITIALIZING
1077.720,BLACKOUT,52.38120627,-1.33973243,102.80,52.38164500,-1.34205600,,,INITIALIZING
1077.821,BLACKOUT,52.38120119,-1.33970445,102.30,52.38164500,-1.34205600,,,INITIALIZING
1077.920,BLACKOUT,52.38119612,-1.33967704,102.00,52.38164500,-1.34205600,,,INITIALIZING
1078.020,BLACKOUT,52.38119090,-1.33964935,102.10,52.38164500,-1.34205600,,,INITIALIZING
1078.121,BLACKOUT,52.38118584,-1.33962124,102.20,52.38164500,-1.34205600,,,INITIALIZING
1078.221,BLACKOUT,52.38118084,-1.33959336,102.40,52.38164500,-1.34205600,,,INITIALIZING
1078.320,BLACKOUT,52.38117586,-1.33956577,102.60,52.38122000,-1.34001300,,,INITIALIZING
1078.421,BLACKOUT,52.38117080,-1.33953771,102.70,52.38122000,-1.34001300,,,INITIALIZING
1078.521,BLACKOUT,52.38116584,-1.33950982,102.60,52.38122000,-1.34001300,,,INITIALIZING
1078.620,BLACKOUT,52.38116096,-1.33948226,102.70,52.38122000,-1.34001300,,,INITIALIZING
1078.720,BLACKOUT,52.38115616,-1.33945453,102.70,52.38122000,-1.34001300,,,INITIALIZING
1078.820,BLACKOUT,52.38115142,-1.33942680,102.60,52.38122000,-1.34001300,,,INITIALIZING
1078.920,BLACKOUT,52.38114673,-1.33939916,102.60,52.38122000,-1.34001300,,,INITIALIZING
1079.020,BLACKOUT,52.38114209,-1.33937153,102.60,52.38122000,-1.34001300,,,INITIALIZING
1079.120,BLACKOUT,52.38113753,-1.33934398,102.60,52.38122000,-1.34001300,,,INITIALIZING
1079.221,BLACKOUT,52.38113294,-1.33931614,102.60,52.38122000,-1.34001300,,,INITIALIZING
1079.321,BLACKOUT,52.38112843,-1.33928859,102.70,52.38122000,-1.34001300,,,INITIALIZING
1079.420,BLACKOUT,52.38112399,-1.33926143,102.90,52.38122000,-1.34001300,,,INITIALIZING
1079.521,BLACKOUT,52.38111939,-1.33923373,102.80,52.38122000,-1.34001300,,,INITIALIZING
1079.621,BLACKOUT,52.38111483,-1.33920638,102.40,52.38122000,-1.34001300,,,INITIALIZING
1079.721,BLACKOUT,52.38111019,-1.33917893,102.40,52.38122000,-1.34001300,,,INITIALIZING
1079.821,BLACKOUT,52.38110570,-1.33915157,102.20,52.38122000,-1.34001300,,,INITIALIZING
1079.921,BLACKOUT,52.38110112,-1.33912417,101.90,52.38122000,-1.34001300,,,INITIALIZING
1080.021,BLACKOUT,52.38109655,-1.33909695,101.80,52.38122000,-1.34001300,,,INITIALIZING
1080.121,BLACKOUT,52.38109212,-1.33906971,101.70,52.38122000,-1.34001300,,,INITIALIZING
1080.221,BLACKOUT,52.38108782,-1.33904253,101.80,52.38122000,-1.34001300,,,INITIALIZING
1080.321,BLACKOUT,52.38108351,-1.33901535,102.00,52.38122000,-1.34001300,,,INITIALIZING
1080.421,BLACKOUT,52.38107915,-1.33898823,102.40,52.38122000,-1.34001300,,,INITIALIZING
1080.521,BLACKOUT,52.38107474,-1.33896121,102.90,52.38122000,-1.34001300,,,INITIALIZING
1080.620,BLACKOUT,52.38107034,-1.33893447,103.10,52.38122000,-1.34001300,,,INITIALIZING
1080.721,BLACKOUT,52.38106586,-1.33890717,102.90,52.38122000,-1.34001300,,,INITIALIZING
1080.821,BLACKOUT,52.38106142,-1.33888014,102.80,52.38122000,-1.34001300,,,INITIALIZING
1080.921,BLACKOUT,52.38105694,-1.33885324,102.60,52.38122000,-1.34001300,,,INITIALIZING
1081.021,BLACKOUT,52.38105243,-1.33882633,102.70,52.38122000,-1.34001300,,,INITIALIZING
1081.121,BLACKOUT,52.38104787,-1.33879936,103.10,52.38122000,-1.34001300,,,INITIALIZING
1081.221,BLACKOUT,52.38104323,-1.33877223,103.50,52.38122000,-1.34001300,,,INITIALIZING
1081.320,BLACKOUT,52.38103859,-1.33874531,103.90,52.38122000,-1.34001300,,,INITIALIZING
1081.421,BLACKOUT,52.38103384,-1.33871777,103.80,52.38122000,-1.34001300,,,INITIALIZING
1081.521,BLACKOUT,52.38102919,-1.33869044,103.90,52.38122000,-1.34001300,,,INITIALIZING
1081.620,BLACKOUT,52.38102467,-1.33866351,103.70,52.38122000,-1.34001300,,,INITIALIZING
1081.721,BLACKOUT,52.38101997,-1.33863611,103.70,52.38122000,-1.34001300,,,INITIALIZING
1081.821,BLACKOUT,52.38101537,-1.33860892,104.00,52.38122000,-1.34001300,,,INITIALIZING
1081.921,BLACKOUT,52.38101076,-1.33858165,104.40,52.38122000,-1.34001300,,,INITIALIZING
1082.021,BLACKOUT,52.38100611,-1.33855433,104.40,52.38122000,-1.34001300,,,INITIALIZING
1082.121,BLACKOUT,52.38100149,-1.33852692,104.50,52.38122000,-1.34001300,,,INITIALIZING
1082.221,BLACKOUT,52.38099687,-1.33849944,104.30,52.38122000,-1.34001300,,,INITIALIZING
1082.321,BLACKOUT,52.38099223,-1.33847187,104.10,52.38122000,-1.34001300,,,INITIALIZING
1082.420,BLACKOUT,52.38098757,-1.33844453,103.80,52.38122000,-1.34001300,,,INITIALIZING
1082.521,BLACKOUT,52.38098280,-1.33841659,103.70,52.38122000,-1.34001300,,,INITIALIZING
1082.621,BLACKOUT,52.38097807,-1.33838887,103.30,52.38122000,-1.34001300,,,INITIALIZING
1082.720,BLACKOUT,52.38097336,-1.33836169,102.90,52.38122000,-1.34001300,,,INITIALIZING
1082.820,BLACKOUT,52.38096858,-1.33833422,102.90,52.38122000,-1.34001300,,,INITIALIZING
1082.921,BLACKOUT,52.38096382,-1.33830646,103.40,52.38122000,-1.34001300,,,INITIALIZING
1083.021,BLACKOUT,52.38095910,-1.33827902,103.70,52.38122000,-1.34001300,,,INITIALIZING
1083.120,BLACKOUT,52.38095446,-1.33825187,104.00,52.38122000,-1.34001300,,,INITIALIZING
1083.220,BLACKOUT,52.38094980,-1.33822443,104.20,52.38122000,-1.34001300,,,INITIALIZING
1083.320,BLACKOUT,52.38094515,-1.33819696,104.20,52.38122000,-1.34001300,,,INITIALIZING
1083.421,BLACKOUT,52.38094052,-1.33816912,104.00,52.38122000,-1.34001300,,,INITIALIZING
1083.520,BLACKOUT,52.38093604,-1.33814187,104.10,52.38122000,-1.34001300,,,INITIALIZING
1083.620,BLACKOUT,52.38093157,-1.33811422,104.00,52.38122000,-1.34001300,,,INITIALIZING
1083.720,BLACKOUT,52.38092711,-1.33808648,103.80,52.38122000,-1.34001300,,,INITIALIZING
1083.820,BLACKOUT,52.38092266,-1.33805864,103.80,52.38122000,-1.34001300,,,INITIALIZING
1083.920,BLACKOUT,52.38091821,-1.33803068,104.00,52.38122000,-1.34001300,,,INITIALIZING
1084.020,BLACKOUT,52.38091373,-1.33800253,104.10,52.38122000,-1.34001300,,,INITIALIZING
1084.121,BLACKOUT,52.38090920,-1.33797394,104.10,52.38122000,-1.34001300,,,INITIALIZING
1084.220,BLACKOUT,52.38090474,-1.33794578,104.20,52.38122000,-1.34001300,,,INITIALIZING
1084.321,BLACKOUT,52.38090021,-1.33791691,104.00,52.38122000,-1.34001300,,,INITIALIZING
1084.420,BLACKOUT,52.38089577,-1.33788844,104.00,52.38122000,-1.34001300,,,INITIALIZING
1084.521,BLACKOUT,52.38089125,-1.33785919,103.70,52.38122000,-1.34001300,,,INITIALIZING
1084.620,BLACKOUT,52.38088678,-1.33783034,103.60,52.38122000,-1.34001300,,,INITIALIZING
1084.720,BLACKOUT,52.38088230,-1.33780100,103.20,52.38122000,-1.34001300,,,INITIALIZING
1084.820,BLACKOUT,52.38087784,-1.33777145,102.70,52.38122000,-1.34001300,,,INITIALIZING
1084.920,BLACKOUT,52.38087334,-1.33774172,102.80,52.38122000,-1.34001300,,,INITIALIZING
1085.020,BLACKOUT,52.38086892,-1.33771184,102.80,52.38122000,-1.34001300,,,INITIALIZING
1085.120,BLACKOUT,52.38086452,-1.33768181,102.90,52.38122000,-1.34001300,,,INITIALIZING
1085.220,BLACKOUT,52.38086011,-1.33765169,102.90,52.38122000,-1.34001300,,,INITIALIZING
1085.320,BLACKOUT,52.38085579,-1.33762152,102.60,52.38122000,-1.34001300,,,INITIALIZING
1085.421,BLACKOUT,52.38085143,-1.33759132,102.70,52.38122000,-1.34001300,,,INITIALIZING
1085.520,BLACKOUT,52.38084723,-1.33756167,102.70,52.38122000,-1.34001300,,,INITIALIZING
1085.620,BLACKOUT,52.38084297,-1.33753168,102.00,52.38122000,-1.34001300,,,INITIALIZING
1085.720,BLACKOUT,52.38083865,-1.33750217,101.30,52.38122000,-1.34001300,,,INITIALIZING
1085.820,BLACKOUT,52.38083436,-1.33747269,100.60,52.38122000,-1.34001300,,,INITIALIZING
1085.920,BLACKOUT,52.38083006,-1.33744335,100.60,52.38122000,-1.34001300,,,INITIALIZING
1086.020,BLACKOUT,52.38082599,-1.33741395,100.80,52.38122000,-1.34001300,,,INITIALIZING
1086.121,BLACKOUT,52.38082192,-1.33738433,100.40,52.38122000,-1.34001300,,,INITIALIZING
1086.221,BLACKOUT,52.38081798,-1.33735495,99.80,52.38122000,-1.34001300,,,INITIALIZING
1086.320,BLACKOUT,52.38081396,-1.33732616,99.70,52.38122000,-1.34001300,,,INITIALIZING
1086.421,BLACKOUT,52.38080987,-1.33729714,100.20,52.38122000,-1.34001300,,,INITIALIZING
1086.521,BLACKOUT,52.38080573,-1.33726853,100.30,52.38122000,-1.34001300,,,INITIALIZING
1086.620,BLACKOUT,52.38080190,-1.33724019,100.10,52.38122000,-1.34001300,,,INITIALIZING
1086.721,BLACKOUT,52.38079820,-1.33721159,100.60,52.38122000,-1.34001300,,,INITIALIZING
1086.820,BLACKOUT,52.38079453,-1.33718381,101.00,52.38122000,-1.34001300,,,INITIALIZING
1086.921,BLACKOUT,52.38079075,-1.33715539,101.70,52.38122000,-1.34001300,,,INITIALIZING
1087.020,BLACKOUT,52.38078701,-1.33712747,101.90,52.38122000,-1.34001300,,,INITIALIZING
1087.120,BLACKOUT,52.38078332,-1.33709943,101.90,52.38122000,-1.34001300,,,INITIALIZING
1087.220,BLACKOUT,52.38077962,-1.33707123,102.10,52.38122000,-1.34001300,,,INITIALIZING
1087.320,BLACKOUT,52.38077593,-1.33704303,102.00,52.38041000,-1.33804200,,,INITIALIZING
1087.421,BLACKOUT,52.38077213,-1.33701467,101.50,52.38041000,-1.33804200,,,INITIALIZING
1087.521,BLACKOUT,52.38076843,-1.33698700,101.20,52.38041000,-1.33804200,,,INITIALIZING
1087.621,BLACKOUT,52.38076469,-1.33695933,100.90,52.38041000,-1.33804200,,,INITIALIZING
1087.720,BLACKOUT,52.38076101,-1.33693199,100.90,52.38041000,-1.33804200,,,INITIALIZING
1087.820,BLACKOUT,52.38075744,-1.33690430,101.10,52.38041000,-1.33804200,,,INITIALIZING
1087.920,BLACKOUT,52.38075384,-1.33687645,101.50,52.38041000,-1.33804200,,,INITIALIZING
1088.020,BLACKOUT,52.38075032,-1.33684861,101.50,52.38041000,-1.33804200,,,INITIALIZING
1088.120,BLACKOUT,52.38074691,-1.33682066,101.30,52.38041000,-1.33804200,,,INITIALIZING
1088.221,BLACKOUT,52.38074347,-1.33679234,100.90,52.38041000,-1.33804200,,,INITIALIZING
1088.321,BLACKOUT,52.38073999,-1.33676416,101.00,52.38041000,-1.33804200,,,INITIALIZING
1088.420,BLACKOUT,52.38073655,-1.33673615,101.10,52.38041000,-1.33804200,,,INITIALIZING
1088.520,BLACKOUT,52.38073307,-1.33670768,101.10,52.38041000,-1.33804200,,,INITIALIZING
1088.621,BLACKOUT,52.38072959,-1.33667879,101.00,52.38041000,-1.33804200,,,INITIALIZING
1088.721,BLACKOUT,52.38072618,-1.33665003,101.00,52.38041000,-1.33804200,,,INITIALIZING
1088.821,BLACKOUT,52.38072274,-1.33662137,100.60,52.38041000,-1.33804200,,,INITIALIZING
1088.921,BLACKOUT,52.38071930,-1.33659256,101.00,52.38041000,-1.33804200,,,INITIALIZING
1089.021,BLACKOUT,52.38071588,-1.33656362,101.20,52.38041000,-1.33804200,,,INITIALIZING
1089.121,BLACKOUT,52.38071253,-1.33653462,101.50,52.38041000,-1.33804200,,,INITIALIZING
1089.220,BLACKOUT,52.38070924,-1.33650589,101.50,52.38041000,-1.33804200,,,INITIALIZING
1089.320,BLACKOUT,52.38070596,-1.33647687,101.60,52.38041000,-1.33804200,,,INITIALIZING
1089.421,BLACKOUT,52.38070260,-1.33644765,101.40,52.38041000,-1.33804200,,,INITIALIZING
1089.521,BLACKOUT,52.38069928,-1.33641877,101.10,52.38041000,-1.33804200,,,INITIALIZING
1089.620,BLACKOUT,52.38069600,-1.33639009,101.20,52.38041000,-1.33804200,,,INITIALIZING
1089.721,BLACKOUT,52.38069263,-1.33636068,101.10,52.38041000,-1.33804200,,,INITIALIZING
1089.820,BLACKOUT,52.38068933,-1.33633177,101.30,52.38041000,-1.33804200,,,INITIALIZING
1089.920,BLACKOUT,52.38068603,-1.33630241,101.30,52.38041000,-1.33804200,,,INITIALIZING
1090.021,BLACKOUT,52.38068265,-1.33627260,101.50,52.38041000,-1.33804200,,,INITIALIZING
1090.122,BLACKOUT,52.38067905,-1.33624240,101.60,52.38041000,-1.33804200,,,INITIALIZING
1090.220,BLACKOUT,52.38067557,-1.33621296,101.90,52.38041000,-1.33804200,,,INITIALIZING
1090.320,BLACKOUT,52.38067205,-1.33618278,101.90,52.38041000,-1.33804200,,,INITIALIZING
1090.421,BLACKOUT,52.38066840,-1.33615221,101.60,52.38041000,-1.33804200,,,INITIALIZING
1090.520,BLACKOUT,52.38066485,-1.33612215,101.40,52.38041000,-1.33804200,,,INITIALIZING
1090.621,BLACKOUT,52.38066122,-1.33609146,101.30,52.38041000,-1.33804200,,,INITIALIZING
1090.721,BLACKOUT,52.38065764,-1.33606133,101.50,52.38041000,-1.33804200,,,INITIALIZING
1090.821,BLACKOUT,52.38065403,-1.33603125,101.30,52.38041000,-1.33804200,,,INITIALIZING
1090.921,BLACKOUT,52.38065041,-1.33600116,101.40,52.38041000,-1.33804200,,,INITIALIZING
1091.021,BLACKOUT,52.38064686,-1.33597135,101.30,52.38041000,-1.33804200,,,INITIALIZING
1091.121,BLACKOUT,52.38064331,-1.33594176,101.40,52.38041000,-1.33804200,,,INITIALIZING
1091.224,BLACKOUT,52.38063970,-1.33591153,101.30,52.38041000,-1.33804200,,,INITIALIZING
1091.321,BLACKOUT,52.38063634,-1.33588333,101.70,52.38041000,-1.33804200,,,INITIALIZING
1091.420,BLACKOUT,52.38063295,-1.33585469,101.70,52.38041000,-1.33804200,,,INITIALIZING
1091.521,BLACKOUT,52.38062955,-1.33582568,102.00,52.38041000,-1.33804200,,,INITIALIZING
1091.620,BLACKOUT,52.38062627,-1.33579733,101.80,52.38041000,-1.33804200,,,INITIALIZING
1091.720,BLACKOUT,52.38062299,-1.33576899,101.80,52.38041000,-1.33804200,,,INITIALIZING
1091.820,BLACKOUT,52.38061966,-1.33574069,101.50,52.38041000,-1.33804200,,,INITIALIZING
1091.920,BLACKOUT,52.38061635,-1.33571252,101.70,52.38041000,-1.33804200,,,INITIALIZING
1092.021,BLACKOUT,52.38061304,-1.33568429,101.80,52.38041000,-1.33804200,,,INITIALIZING
1092.121,BLACKOUT,52.38060980,-1.33565652,101.80,52.38041000,-1.33804200,,,INITIALIZING
1092.221,BLACKOUT,52.38060655,-1.33562872,101.80,52.38041000,-1.33804200,,,INITIALIZING
1092.321,BLACKOUT,52.38060334,-1.33560108,101.50,52.38041000,-1.33804200,,,INITIALIZING
1092.421,BLACKOUT,52.38060015,-1.33557329,101.70,52.38041000,-1.33804200,,,INITIALIZING
1092.521,BLACKOUT,52.38059701,-1.33554556,101.80,52.38041000,-1.33804200,,,INITIALIZING
1092.621,BLACKOUT,52.38059388,-1.33551782,101.80,52.38041000,-1.33804200,,,INITIALIZING
1092.721,BLACKOUT,52.38059080,-1.33549012,101.90,52.38041000,-1.33804200,,,INITIALIZING
1092.821,BLACKOUT,52.38058772,-1.33546252,101.70,52.38041000,-1.33804200,,,INITIALIZING
1092.920,BLACKOUT,52.38058473,-1.33543523,101.90,52.38041000,-1.33804200,,,INITIALIZING
1093.020,BLACKOUT,52.38058178,-1.33540761,102.10,52.38041000,-1.33804200,,,INITIALIZING
1093.121,BLACKOUT,52.38057879,-1.33537963,102.10,52.38041000,-1.33804200,,,INITIALIZING
1093.220,BLACKOUT,52.38057574,-1.33535231,102.00,52.38041000,-1.33804200,,,INITIALIZING
1093.321,BLACKOUT,52.38057270,-1.33532436,101.90,52.38041000,-1.33804200,,,INITIALIZING
1093.420,BLACKOUT,52.38056967,-1.33529693,102.00,52.38041000,-1.33804200,,,INITIALIZING
1093.521,BLACKOUT,52.38056660,-1.33526902,102.00,52.38041000,-1.33804200,,,INITIALIZING
1093.620,BLACKOUT,52.38056345,-1.33524148,101.50,52.38041000,-1.33804200,,,INITIALIZING
1093.721,BLACKOUT,52.38056024,-1.33521341,101.30,52.38041000,-1.33804200,,,INITIALIZING
1093.820,BLACKOUT,52.38055707,-1.33518568,101.40,52.38041000,-1.33804200,,,INITIALIZING
1093.921,BLACKOUT,52.38055389,-1.33515747,101.80,52.38041000,-1.33804200,,,INITIALIZING
1094.021,BLACKOUT,52.38055067,-1.33512919,101.70,52.38041000,-1.33804200,,,INITIALIZING
1094.121,BLACKOUT,52.38054733,-1.33510078,101.60,52.38041000,-1.33804200,,,INITIALIZING
1094.221,BLACKOUT,52.38054398,-1.33507260,101.60,52.38041000,-1.33804200,,,INITIALIZING
1094.320,BLACKOUT,52.38054058,-1.33504460,102.10,52.38041000,-1.33804200,,,INITIALIZING
1094.420,BLACKOUT,52.38053704,-1.33501591,102.70,52.38041000,-1.33804200,,,INITIALIZING
1094.521,BLACKOUT,52.38053338,-1.33498681,103.10,52.38041000,-1.33804200,,,INITIALIZING
1094.620,BLACKOUT,52.38052972,-1.33495838,103.10,52.38041000,-1.33804200,,,INITIALIZING
1094.720,BLACKOUT,52.38052590,-1.33492979,103.10,52.38041000,-1.33804200,,,INITIALIZING
1094.821,BLACKOUT,52.38052194,-1.33490079,103.20,52.38041000,-1.33804200,,,INITIALIZING
1094.921,BLACKOUT,52.38051794,-1.33487222,103.30,52.38041000,-1.33804200,,,INITIALIZING
1095.021,BLACKOUT,52.38051386,-1.33484368,103.40,52.38041000,-1.33804200,,,INITIALIZING
1095.120,BLACKOUT,52.38050974,-1.33481561,103.40,52.38041000,-1.33804200,,,INITIALIZING
1095.220,BLACKOUT,52.38050552,-1.33478726,103.40,52.38041000,-1.33804200,,,INITIALIZING
1095.321,BLACKOUT,52.38050123,-1.33475877,103.50,52.38041000,-1.33804200,,,INITIALIZING
1095.421,BLACKOUT,52.38049698,-1.33473071,103.60,52.38041000,-1.33804200,,,INITIALIZING
1095.520,BLACKOUT,52.38049275,-1.33470285,103.80,52.38041000,-1.33804200,,,INITIALIZING
1095.621,BLACKOUT,52.38048845,-1.33467456,103.90,52.38041000,-1.33804200,,,INITIALIZING
1095.720,BLACKOUT,52.38048426,-1.33464700,103.80,52.38041000,-1.33804200,,,INITIALIZING
1095.821,BLACKOUT,52.38047999,-1.33461912,103.50,52.38041000,-1.33804200,,,INITIALIZING
1095.920,BLACKOUT,52.38047580,-1.33459187,103.40,52.38041000,-1.33804200,,,INITIALIZING
1096.021,BLACKOUT,52.38047159,-1.33456436,103.50,52.38041000,-1.33804200,,,INITIALIZING
1096.120,BLACKOUT,52.38046753,-1.33453745,103.40,52.38041000,-1.33804200,,,INITIALIZING
1096.220,BLACKOUT,52.38046349,-1.33451035,103.00,52.38041000,-1.33804200,,,INITIALIZING
1096.321,BLACKOUT,52.38045943,-1.33448304,102.70,52.37950500,-1.33613800,,,INITIALIZING
1096.421,BLACKOUT,52.38045543,-1.33445601,102.50,52.37950500,-1.33613800,,,INITIALIZING
1096.520,BLACKOUT,52.38045148,-1.33442922,102.40,52.37950500,-1.33613800,,,INITIALIZING
1096.620,BLACKOUT,52.38044764,-1.33440210,102.10,52.37950500,-1.33613800,,,INITIALIZING
1096.721,BLACKOUT,52.38044381,-1.33437457,101.90,52.37950500,-1.33613800,,,INITIALIZING
1096.821,BLACKOUT,52.38044007,-1.33434716,101.70,52.37950500,-1.33613800,,,INITIALIZING
1096.920,BLACKOUT,52.38043636,-1.33431986,101.40,52.37950500,-1.33613800,,,INITIALIZING
1097.021,BLACKOUT,52.38043263,-1.33429184,100.70,52.37950500,-1.33613800,,,INITIALIZING
1097.120,BLACKOUT,52.38042899,-1.33426437,100.60,52.37950500,-1.33613800,,,INITIALIZING
1097.220,BLACKOUT,52.38042534,-1.33423652,100.40,52.37950500,-1.33613800,,,INITIALIZING
1097.321,BLACKOUT,52.38042171,-1.33420823,100.30,52.37950500,-1.33613800,,,INITIALIZING
1097.421,BLACKOUT,52.38041820,-1.33418013,100.00,52.37950500,-1.33613800,,,INITIALIZING
1097.521,BLACKOUT,52.38041471,-1.33415203,99.90,52.37950500,-1.33613800,,,INITIALIZING
1097.621,BLACKOUT,52.38041132,-1.33412394,99.80,52.37950500,-1.33613800,,,INITIALIZING
1097.721,BLACKOUT,52.38040796,-1.33409599,99.90,52.37950500,-1.33613800,,,INITIALIZING
1097.821,BLACKOUT,52.38040470,-1.33406814,99.90,52.37950500,-1.33613800,,,INITIALIZING
1097.922,BLACKOUT,52.38040153,-1.33404005,100.10,52.37950500,-1.33613800,,,INITIALIZING
1098.020,BLACKOUT,52.38039856,-1.33401281,100.40,52.37950500,-1.33613800,,,INITIALIZING
1098.121,BLACKOUT,52.38039564,-1.33398489,100.50,52.37950500,-1.33613800,,,INITIALIZING
1098.220,BLACKOUT,52.38039294,-1.33395777,100.40,52.37950500,-1.33613800,,,INITIALIZING
1098.320,BLACKOUT,52.38039034,-1.33393046,100.60,52.37950500,-1.33613800,,,INITIALIZING
1098.421,BLACKOUT,52.38038777,-1.33390305,100.50,52.37950500,-1.33613800,,,INITIALIZING
1098.520,BLACKOUT,52.38038526,-1.33387628,100.40,52.37950500,-1.33613800,,,INITIALIZING
1098.621,BLACKOUT,52.38038272,-1.33384912,100.60,52.37950500,-1.33613800,,,INITIALIZING
1098.721,BLACKOUT,52.38038039,-1.33382244,100.30,52.37950500,-1.33613800,,,INITIALIZING
1098.820,BLACKOUT,52.38037824,-1.33379610,100.40,52.37950500,-1.33613800,,,INITIALIZING
1098.920,BLACKOUT,52.38037617,-1.33376966,100.60,52.37950500,-1.33613800,,,INITIALIZING
1099.021,BLACKOUT,52.38037413,-1.33374310,100.40,52.37950500,-1.33613800,,,INITIALIZING
1099.120,BLACKOUT,52.38037222,-1.33371717,100.20,52.37950500,-1.33613800,,,INITIALIZING
1099.222,BLACKOUT,52.38037029,-1.33369058,100.30,52.37950500,-1.33613800,,,INITIALIZING
1099.321,BLACKOUT,52.38036843,-1.33366486,100.30,52.37950500,-1.33613800,,,INITIALIZING
1099.420,BLACKOUT,52.38036653,-1.33363921,100.60,52.37950500,-1.33613800,,,INITIALIZING
1099.521,BLACKOUT,52.38036475,-1.33361310,100.80,52.37950500,-1.33613800,,,INITIALIZING
1099.620,BLACKOUT,52.38036301,-1.33358774,101.20,52.37950500,-1.33613800,,,INITIALIZING
1099.720,BLACKOUT,52.38036138,-1.33356227,100.80,52.37950500,-1.33613800,,,INITIALIZING
1099.820,BLACKOUT,52.38035978,-1.33353686,100.40,52.37950500,-1.33613800,,,INITIALIZING
1099.920,BLACKOUT,52.38035825,-1.33351139,100.50,52.37950500,-1.33613800,,,INITIALIZING
1100.020,BLACKOUT,52.38035662,-1.33348603,100.10,52.37950500,-1.33613800,,,INITIALIZING
1100.120,BLACKOUT,52.38035509,-1.33346059,99.80,52.37950500,-1.33613800,,,INITIALIZING
1100.221,BLACKOUT,52.38035361,-1.33343482,99.70,52.37950500,-1.33613800,,,INITIALIZING
1100.320,BLACKOUT,52.38035210,-1.33340949,99.70,52.37950500,-1.33613800,,,INITIALIZING
1100.421,BLACKOUT,52.38035040,-1.33338363,99.60,52.37950500,-1.33613800,,,INITIALIZING
1100.520,BLACKOUT,52.38034878,-1.33335828,99.70,52.37950500,-1.33613800,,,INITIALIZING
1100.620,BLACKOUT,52.38034709,-1.33333268,99.80,52.37950500,-1.33613800,,,INITIALIZING
1100.720,BLACKOUT,52.38034544,-1.33330713,99.90,52.37950500,-1.33613800,,,INITIALIZING
1100.820,BLACKOUT,52.38034374,-1.33328163,99.90,52.37950500,-1.33613800,,,INITIALIZING
1100.920,BLACKOUT,52.38034200,-1.33325616,100.00,52.37950500,-1.33613800,,,INITIALIZING
1101.020,BLACKOUT,52.38034020,-1.33323083,100.20,52.37950500,-1.33613800,,,INITIALIZING
1101.120,BLACKOUT,52.38033845,-1.33320572,100.30,52.37950500,-1.33613800,,,INITIALIZING
1101.221,BLACKOUT,52.38033664,-1.33318055,100.50,52.37950500,-1.33613800,,,INITIALIZING
1101.321,BLACKOUT,52.38033484,-1.33315589,100.50,52.37950500,-1.33613800,,,INITIALIZING
1101.420,BLACKOUT,52.38033295,-1.33313174,100.50,52.37950500,-1.33613800,,,INITIALIZING
1101.521,BLACKOUT,52.38033093,-1.33310734,100.60,52.37950500,-1.33613800,,,INITIALIZING
1101.620,BLACKOUT,52.38032892,-1.33308363,100.90,52.37950500,-1.33613800,,,INITIALIZING
1101.720,BLACKOUT,52.38032696,-1.33305999,101.10,52.37950500,-1.33613800,,,INITIALIZING
1101.821,BLACKOUT,52.38032497,-1.33303638,100.80,52.37950500,-1.33613800,,,INITIALIZING
1101.921,BLACKOUT,52.38032302,-1.33301324,100.80,52.37950500,-1.33613800,,,INITIALIZING
1102.021,BLACKOUT,52.38032100,-1.33299038,100.80,52.37950500,-1.33613800,,,INITIALIZING
1102.120,BLACKOUT,52.38031891,-1.33296788,101.20,52.37950500,-1.33613800,,,INITIALIZING
1102.221,BLACKOUT,52.38031684,-1.33294496,101.20,52.37950500,-1.33613800,,,INITIALIZING
1102.321,BLACKOUT,52.38031467,-1.33292235,101.20,52.37950500,-1.33613800,,,INITIALIZING
1102.421,BLACKOUT,52.38031244,-1.33289970,101.40,52.37950500,-1.33613800,,,INITIALIZING
1102.521,BLACKOUT,52.38031017,-1.33287706,101.80,52.37950500,-1.33613800,,,INITIALIZING
1102.621,BLACKOUT,52.38030788,-1.33285446,101.60,52.37950500,-1.33613800,,,INITIALIZING
1102.720,BLACKOUT,52.38030551,-1.33283202,101.70,52.37950500,-1.33613800,,,INITIALIZING
1102.820,BLACKOUT,52.38030308,-1.33280935,102.00,52.37950500,-1.33613800,,,INITIALIZING
1102.920,BLACKOUT,52.38030057,-1.33278661,102.20,52.37950500,-1.33613800,,,INITIALIZING
1103.020,BLACKOUT,52.38029789,-1.33276371,102.00,52.37950500,-1.33613800,,,INITIALIZING
1103.120,BLACKOUT,52.38029503,-1.33274069,101.70,52.37950500,-1.33613800,,,INITIALIZING
1103.220,BLACKOUT,52.38029211,-1.33271762,102.00,52.37950500,-1.33613800,,,INITIALIZING
1103.320,BLACKOUT,52.38028917,-1.33269445,102.00,52.37950500,-1.33613800,,,INITIALIZING
1103.421,BLACKOUT,52.38028613,-1.33267080,101.90,52.37950500,-1.33613800,,,INITIALIZING
1103.520,BLACKOUT,52.38028314,-1.33264753,101.70,52.37950500,-1.33613800,,,INITIALIZING
1103.620,BLACKOUT,52.38028008,-1.33262390,101.70,52.37950500,-1.33613800,,,INITIALIZING
1103.721,BLACKOUT,52.38027690,-1.33259999,101.90,52.37950500,-1.33613800,,,INITIALIZING
1103.821,BLACKOUT,52.38027371,-1.33257624,101.90,52.37950500,-1.33613800,,,INITIALIZING
1103.920,BLACKOUT,52.38027055,-1.33255255,101.70,52.37950500,-1.33613800,,,INITIALIZING
1104.020,BLACKOUT,52.38026733,-1.33252848,101.40,52.37950500,-1.33613800,,,INITIALIZING
1104.120,BLACKOUT,52.38026407,-1.33250432,101.70,52.37950500,-1.33613800,,,INITIALIZING
1104.224,BLACKOUT,52.38026063,-1.33247903,102.10,52.37950500,-1.33613800,,,INITIALIZING
1104.321,BLACKOUT,52.38025738,-1.33245522,102.20,52.37950500,-1.33613800,,,INITIALIZING
1104.420,BLACKOUT,52.38025408,-1.33243080,102.40,52.37950500,-1.33613800,,,INITIALIZING
1104.521,BLACKOUT,52.38025065,-1.33240578,102.40,52.37950500,-1.33613800,,,INITIALIZING
1104.620,BLACKOUT,52.38024722,-1.33238112,102.60,52.37950500,-1.33613800,,,INITIALIZING
1104.721,BLACKOUT,52.38024371,-1.33235583,102.60,52.37950500,-1.33613800,,,INITIALIZING
1104.821,BLACKOUT,52.38024025,-1.33233057,102.50,52.37950500,-1.33613800,,,INITIALIZING
1104.921,BLACKOUT,52.38023678,-1.33230514,102.40,52.37950500,-1.33613800,,,INITIALIZING
1105.021,BLACKOUT,52.38023336,-1.33227952,102.40,52.37950500,-1.33613800,,,INITIALIZING
1105.120,BLACKOUT,52.38022994,-1.33225393,102.30,52.37950500,-1.33613800,,,INITIALIZING
1105.220,BLACKOUT,52.38022650,-1.33222790,101.90,52.37950500,-1.33613800,,,INITIALIZING
1105.321,BLACKOUT,52.38022302,-1.33220142,102.00,52.37888000,-1.33402100,,,INITIALIZING
1105.420,WARMING_UP,52.38022302,-1.33220142,102.00,52.37888000,-1.33402100,,,INITIALIZING
1105.520,WARMING_UP,52.38022302,-1.33220142,102.00,52.37888000,-1.33402100,,,INITIALIZING
1105.620,WARMING_UP,52.38022302,-1.33220142,102.00,52.37888000,-1.33402100,,,INITIALIZING
1105.720,WARMING_UP,52.38022302,-1.33220142,102.00,52.37888000,-1.33402100,,,INITIALIZING
1105.820,WARMING_UP,52.38022302,-1.33220142,102.00,52.37888000,-1.33402100,,,INITIALIZING
1105.920,WARMING_UP,52.38022302,-1.33220142,102.00,52.37888000,-1.33402100,,,INITIALIZING
1106.020,WARMING_UP,52.38022302,-1.33220142,102.00,52.37888000,-1.33402100,,,INITIALIZING
1106.121,WARMING_UP,52.38022302,-1.33220142,102.00,52.37888000,-1.33402100,,,INITIALIZING
1106.220,WARMING_UP,52.38022302,-1.33220142,102.00,52.37888000,-1.33402100,,,INITIALIZING
1106.321,WARMING_UP,52.38022302,-1.33220142,102.00,52.37888000,-1.33402100,,,INITIALIZING
1106.420,WARMING_UP,52.38022302,-1.33220142,102.00,52.37888000,-1.33402100,,,INITIALIZING
1106.521,WARMING_UP,52.38022302,-1.33220142,102.00,52.37888000,-1.33402100,,,INITIALIZING
1106.621,WARMING_UP,52.38022302,-1.33220142,102.00,52.37888000,-1.33402100,,,INITIALIZING
1106.720,WARMING_UP,52.38022302,-1.33220142,102.00,52.37888000,-1.33402100,,,INITIALIZING
1106.821,WARMING_UP,52.38022302,-1.33220142,102.00,52.37888000,-1.33402100,,,INITIALIZING
1106.921,WARMING_UP,52.38022302,-1.33220142,102.00,52.37888000,-1.33402100,,,INITIALIZING
1107.020,WARMING_UP,52.38022302,-1.33220142,102.00,52.37888000,-1.33402100,,,INITIALIZING
1107.120,WARMING_UP,52.38022302,-1.33220142,102.00,52.37888000,-1.33402100,,,INITIALIZING
1107.220,WARMING_UP,52.38022302,-1.33220142,102.00,52.37888000,-1.33402100,,,INITIALIZING
1107.320,WARMING_UP,52.38022302,-1.33220142,102.00,52.37888000,-1.33402100,,,INITIALIZING
1107.420,WARMING_UP,52.38022302,-1.33220142,102.00,52.37888000,-1.33402100,,,INITIALIZING
1107.521,WARMING_UP,52.38022302,-1.33220142,102.00,52.37888000,-1.33402100,,,INITIALIZING
1107.621,WARMING_UP,52.38022302,-1.33220142,102.00,52.37888000,-1.33402100,,,INITIALIZING
1107.721,WARMING_UP,52.38022302,-1.33220142,102.00,52.37888000,-1.33402100,,,INITIALIZING
1107.821,WARMING_UP,52.38022302,-1.33220142,102.00,52.37888000,-1.33402100,,,INITIALIZING
1107.921,WARMING_UP,52.38022302,-1.33220142,102.00,52.37888000,-1.33402100,,,INITIALIZING
1108.021,WARMING_UP,52.38022302,-1.33220142,102.00,52.37888000,-1.33402100,,,INITIALIZING
1108.121,WARMING_UP,52.38022302,-1.33220142,102.00,52.37888000,-1.33402100,,,INITIALIZING
1108.221,WARMING_UP,52.38022302,-1.33220142,102.00,52.37888000,-1.33402100,,,INITIALIZING
1108.320,WARMING_UP,52.38022302,-1.33220142,102.00,52.37888000,-1.33402100,,,INITIALIZING
1108.421,WARMING_UP,52.38022302,-1.33220142,102.00,52.37888000,-1.33402100,,,INITIALIZING
1108.521,WARMING_UP,52.38022302,-1.33220142,102.00,52.37888000,-1.33402100,,,INITIALIZING
1108.621,WARMING_UP,52.38022302,-1.33220142,102.00,52.37888000,-1.33402100,,,INITIALIZING
1108.721,WARMING_UP,52.38022302,-1.33220142,102.00,52.37888000,-1.33402100,,,INITIALIZING
1108.821,WARMING_UP,52.38022302,-1.33220142,102.00,52.37888000,-1.33402100,,,INITIALIZING
1108.920,WARMING_UP,52.38022302,-1.33220142,102.00,52.37888000,-1.33402100,,,INITIALIZING
1109.021,WARMING_UP,52.38022302,-1.33220142,102.00,52.37888000,-1.33402100,,,INITIALIZING
1109.121,WARMING_UP,52.38022302,-1.33220142,102.00,52.37888000,-1.33402100,,,INITIALIZING
1109.220,WARMING_UP,52.38022302,-1.33220142,102.00,52.37888000,-1.33402100,,,INITIALIZING
1109.320,WARMING_UP,52.38022302,-1.33220142,102.00,52.37888000,-1.33402100,,,INITIALIZING
1109.421,WARMING_UP,52.38022302,-1.33220142,102.00,52.37888000,-1.33402100,,,INITIALIZING
1109.520,WARMING_UP,52.38022302,-1.33220142,102.00,52.37888000,-1.33402100,,,INITIALIZING
1109.621,WARMING_UP,52.38022302,-1.33220142,102.00,52.37888000,-1.33402100,,,INITIALIZING
1109.721,WARMING_UP,52.38022302,-1.33220142,102.00,52.37888000,-1.33402100,,,INITIALIZING
1109.821,WARMING_UP,52.38022302,-1.33220142,102.00,52.37888000,-1.33402100,,,INITIALIZING
1109.920,WARMING_UP,52.38022302,-1.33220142,102.00,52.37888000,-1.33402100,,,INITIALIZING
1110.020,WARMING_UP,52.38022302,-1.33220142,102.00,52.37888000,-1.33402100,,,INITIALIZING
1110.121,WARMING_UP,52.38022302,-1.33220142,102.00,52.37888000,-1.33402100,,,INITIALIZING
1110.221,WARMING_UP,52.38022302,-1.33220142,102.00,52.37888000,-1.33402100,,,INITIALIZING
