config,seed,scenario_id,trip,domain,dist_m,duration_s,map_err_m,map_drift_pct,pure_err_m,pure_drift_pct,final_at_m,final_ct_m,hdg_seed_err,t_start_s,speed_ratio,creep_m,gt_stop_s,r1_gyro_scale,r1_scale_engine,r1_scale_ekf,r1_scale_effective,r1_gyro_windows,r1_stops,r1_stopped_s,r1_idle_std_gate,r1_turns,r1_anchors
all_on,541098,1,S-M,Highway,301.50211302841956,30.0,79.97391505180443,26.525159060582137,95.00168753616211,31.50945994438429,79.91024842518826,-3.190499230203475,31.091103227815097,8551.867,1.1435982961436355,0.0,0.0,1.08,0.9515,1.0,0.9515,3.0,0.0,0.0,0.35,1.0,0.0
all_on,541098,2,S-M,Highway,600.1756005696226,45.0,45.034803725414015,7.503604558844409,79.27302130789579,13.208304574970775,44.864553957387365,-3.912204594757501,9.071130062640918,8861.866,1.0712537655163015,0.0,0.0,1.0,1.0193,1.0,1.0193,1.0,0.0,0.0,0.35,2.0,0.0
all_on,541098,3,S-M,Highway,1174.598854097475,75.0,81.14087567372819,6.907964824814537,348.44890783804965,29.665353973615687,81.12074425730246,-1.8073616795609837,48.25895541818525,9410.865,1.0409566094486646,0.0,0.0,1.0,1.2027,1.0,1.2027,2.0,0.0,0.0,0.35,7.0,0.0
all_on,541098,4,S-M,Highway,326.68651659871364,45.0,58.932727111638584,18.03953457437265,83.7605275967047,25.639419853863206,58.859681304656235,-2.9332987452974955,20.624059800463158,9698.866,1.2208510017926129,1.0231942574747859,1.7000000000000002,1.0,0.9401,1.0,0.9401,1.0,0.0,0.0,0.35,1.0,0.0
all_on,541098,5,S-M,Highway,288.585563099286,75.0,13.894887201708256,4.814824086306705,82.74603227600245,28.672963188922314,-9.651469059604189,9.995850906235994,80.99460336129528,9788.866,0.9657681764697718,0.041624598334592325,11.8,1.0,0.9492,1.0,0.9492,2.0,4.0,13.8,0.35,1.0,1.0
all_on,541098,6,S-M,Highway,427.1267600882112,30.0,8.038980861284509,1.8821065811058715,30.311451182905746,7.096593801953724,-6.610843999058085,-4.574052350839063,11.10581459467349,9999.866,0.9890984456271114,0.0,0.0,1.0,1.35,1.0,1.35,2.0,0.0,0.0,0.163,0.0,0.0
all_on,541098,7,S-M,Highway,603.3384456646849,60.0,125.33945345170171,20.774319016521144,238.38923550076416,39.51169318211372,48.09471640438397,-115.74487826920542,29.17141243727849,10204.866,1.431593951184757,0.0,0.0,1.0,1.35,1.0,1.35,2.0,0.0,0.0,0.155,2.0,0.0
all_on,541098,8,S-M,Highway,314.7221984450349,60.0,44.76610869690571,14.2240073684297,121.76926092826244,38.691030225988015,23.19384605754108,-38.28903227978299,8.276115961745234,10467.866,1.1770494177893842,0.8591605520831145,22.8,0.92,1.1067,1.0214,1.1303,5.0,1.0,16.8,0.35,2.0,0.0
all_on,541098,9,S-S2,Arterial,872.0570921675635,75.0,927.9353561739922,106.40763827372118,875.6516926972434,100.41219784369224,-927.77775581248,-17.101492838695165,160.43264540488082,7663.1,0.6379040502462833,0.11162878043420604,2.2,0.92,0.9121,1.0,0.9121,10.0,0.0,0.0,0.35,6.0,1.0
all_on,541098,10,S-S2,Arterial,245.71170014260218,30.0,49.71242580154172,20.23201409321999,135.4287572502508,55.116934672485215,-47.4073936538984,-14.962095642593127,4.294718616810371,8260.1,0.8587926387984572,0.0,0.0,0.92,0.8591,1.0,0.8591,5.0,0.0,0.0,0.35,2.0,0.0
all_on,541098,11,S-S2,Arterial,435.6199448894815,60.0,8.773042000923205,2.013921103440055,64.34248638255353,14.770326092134619,-8.532455367647502,-2.040458612436421,123.41967365130239,8377.1,0.952624805448973,0.0,0.0,0.9978385414543112,0.9191,1.0,0.9191,9.0,0.0,0.0,0.35,1.0,1.0
all_on,541098,12,S-S2,Arterial,261.9845410038697,45.0,66.35307792497866,25.327096656439195,77.73173173185674,29.670350561145735,-65.69120126806858,-9.348637658846151,156.2642678010033,8746.102,1.1537391003062465,1.8214019367152987,1.8,0.9807355335550682,0.9753,1.0,0.9753,3.0,0.0,0.0,0.35,1.0,0.0
all_on,541098,13,S-S2,Arterial,331.6062735237266,45.0,6.945608912004263,2.0945348343982104,72.49724026712813,21.86244533215712,-6.279211614929929,-2.9686671510026357,158.80680668550212,9213.2,1.0145524579262277,0.0,0.0,1.0,1.25,1.0,1.25,1.0,0.0,0.0,0.35,3.0,0.0
all_on,541098,14,S-S2,Arterial,202.61192015346592,30.0,31.12493030710799,15.361845583188193,31.12493030710799,15.361845583188193,-23.671862867380785,-20.2090127173558,3.3408625498216793,9339.1,0.9738488439265134,0.0,0.0,1.0,1.1369,1.0,1.1369,2.0,0.0,0.0,0.35,3.0,0.0
all_on,541098,15,S-S1,Urban,399.7366392000315,45.0,77.92352436954829,19.493715793851642,81.26687448963206,20.330104003542555,-77.92149396650255,0.5625195106777028,87.62347932763555,4180.0,0.7959591129033268,3.361210087494051,2.5,0.9814708360150064,0.9481,1.0,0.9481,3.0,0.0,0.0,0.35,1.0,0.0
all_on,541098,16,S-S1,Urban,200.52748296600998,30.0,19.316950830304396,9.63306901607032,27.76762248541942,13.847290194195534,-8.034134856661403,17.566936741656924,75.4051869606287,4313.0,0.9399887263397576,0.0,0.0,1.0,1.25,1.0,1.25,0.0,0.0,0.0,0.35,1.0,0.0
all_on,541098,17,S-S1,Urban,102.8116693867008,75.0,22.58246501705568,21.964885067780866,22.006747977186063,21.40491260229721,22.549217045814302,-1.2249640269416968,3.9317586851160513,4601.900000000001,1.1828018842855113,0.0,54.2,0.92,1.2471,1.0,1.2471,3.0,1.0,50.3,0.35,0.0,0.0
all_on,541098,18,S-S1,Urban,98.90032418706596,45.0,5.862562807416942,5.927748827524712,60.3730853862217,61.044375620072245,-5.652101155969802,-1.5567257926793805,169.93039598364027,4717.999000000001,1.5283087135268925,5.545209602448399,9.1,1.0,1.1989,1.0,1.1989,0.0,1.0,5.5,0.35,2.0,0.0
all_on,541098,19,S-S1,Urban,361.7536080700408,30.0,15.854226131424555,4.382603456536899,38.56328729465862,10.66009749022108,15.155794734875277,-4.653855625250107,41.46467105785601,4990.999000000001,1.011678239540684,0.0,0.0,1.0,1.25,1.0,1.25,0.0,0.0,0.0,0.35,0.0,0.0
all_on,541098,20,S-S1,Urban,135.11595351460952,60.0,36.42117430253929,26.95549515446466,97.66636090895646,72.28336726232422,-24.177420955412327,-27.238837227766115,39.337035459604095,5098.901000000001,1.7539704569454917,0.0,21.8,1.0,1.25,1.035,1.2938,0.0,2.0,18.1,0.35,3.0,0.0
all_on,541098,21,S-S3a,Mixed,325.8588383644856,30.0,46.37033483965201,14.230190923281022,62.0052747367648,19.02826237519742,46.00829340853118,-5.7831557800176165,1.7551657388016224,135.0,1.1128261188953796,0.0,0.0,1.0,1.2495,1.0,1.2495,0.0,0.0,0.0,0.35,1.0,0.0
all_on,541098,22,S-S3a,Mixed,475.17047321369193,45.0,29.60773382027098,6.230970880834992,31.073793358995996,6.5395042644035675,28.184080660338424,-9.070584286778645,35.176679854921275,419.999,1.0441715415734858,0.0,0.0,1.0,1.25,0.9643,1.2053,0.0,0.0,0.0,0.35,1.0,0.0
all_on,541098,23,S-S3a,Mixed,1128.3874145740722,75.0,96.08483461766603,8.51523451756459,99.31881378545097,8.801836364236697,-95.78162973223527,-7.627243888929861,92.09391047375448,776.999,0.8818740351766262,0.0,0.0,1.0,1.2379,1.0,1.2379,0.0,0.0,0.0,0.35,3.0,2.0
all_on,541098,24,S-S3a,Mixed,603.876045450248,30.0,123.60004417933644,20.467783928600884,138.30328482233026,22.9025949719883,-122.49618468908868,-16.481979788562867,3.056138112276642,867.0,0.7815584233095269,0.0,0.0,0.92,1.25,1.0,1.25,3.0,0.0,0.0,0.35,1.0,0.0
all_on,541098,25,S-S3a,Mixed,614.3347078381609,45.0,22.00967558749697,3.582684700486621,29.6975803915671,4.834104277792258,18.809323765130237,-11.429573875056189,8.81432858228564,1028.999,0.9229440744275172,0.0,0.0,1.0,1.25,1.0,1.25,2.0,0.0,0.0,0.35,3.0,0.0
all_on,541098,26,S-S3a,Mixed,892.8209535663941,75.0,80.68608790663441,9.037208141714412,89.68770689199347,10.045430333342182,80.67969948889267,-1.015318698295438,30.735912676330372,1235.999,1.1007240607348652,0.0,0.0,1.0,1.2159,1.0,1.2159,1.0,0.0,0.0,0.35,1.0,0.0
all_on,541098,27,S-S3a,Mixed,591.9272083319421,60.0,85.1715653640809,14.388857982064279,85.80104737978428,14.495202479638106,-30.739662200422035,79.43090528485655,107.21316428735915,1681.0,0.8826590958990718,0.0,0.0,1.0,0.864,1.0159,0.8777,0.0,0.0,0.0,0.35,0.0,0.0
all_on,541098,28,S-S3a,Mixed,374.5169547186968,45.0,0.9473478447429178,0.25295192455425136,87.17759472283595,23.277342620794258,-0.37527402691629086,0.86984903498313,22.501865699104087,1950.0000000000002,1.1812174088209515,0.0,0.0,0.9480703002442346,1.25,1.0,1.25,3.0,0.0,0.0,0.35,3.0,2.0
all_on,541098,29,S-S3a,Mixed,164.32151314371677,30.0,8.446862537387956,5.140448366003221,76.46633426123455,46.534585032914435,-8.240478102117546,1.8558037003005734,153.1200085911421,2085.0,1.005977101206512,0.0,0.0,1.0,0.85,1.0,0.85,2.0,0.0,0.0,0.35,1.0,1.0
all_on,541098,30,S-S3a,Mixed,244.21348357269213,60.0,25.507542009529757,10.444772187174191,42.4764836482722,17.393177078868675,-18.432223838201534,17.63201133581648,105.14888430240501,2273.9990000000003,1.0499901178436999,0.0,0.0,0.92,1.0349,1.0,1.0349,5.0,0.0,0.0,0.35,6.0,0.0
all_on,541098,31,S-S4,Arterial,490.93854491218735,45.0,54.67941028111731,11.137730139094629,42.35881821616066,8.628130476847616,54.41381492931164,-5.382810931974012,4.538823315801039,348.0,1.0714452617092398,0.0,0.0,1.0,1.0948,1.0,1.0948,0.0,0.0,0.0,0.35,2.0,0.0
all_on,541098,32,S-S4,Arterial,610.8780669596541,75.0,143.90236367388442,23.55664271760285,161.23225478622703,26.393524912210626,-143.44407019130472,11.4755826816304,19.06192035815431,1083.0,0.726880057233063,0.0,0.0,1.0,1.0915,1.0,1.0915,1.0,1.0,24.0,0.35,2.0,1.0
all_on,541098,33,S-S4,Arterial,443.4769618838301,60.0,6.2236978343854075,1.4033869556488305,67.72826397277491,15.27210425657162,-6.210866258173,-0.3994434338197883,9.303195708201372,1710.0,0.9420192240685226,0.0,0.6000000000000001,1.0554590002866144,0.9862,1.0,0.9862,3.0,0.0,0.0,0.35,3.0,0.0
all_on,541098,34,S-S4,Arterial,328.2861353219824,45.0,7.236802554519636,2.204419186762729,156.2164886710308,47.58546641569677,-6.84568551348476,2.3468917877837567,27.618620347207468,2790.0,1.169355960596206,0.0,0.0,1.08,1.0461,1.0,1.0461,7.0,0.0,0.0,0.35,3.0,1.0
all_on,541098,35,S-S4,Arterial,465.9824416119758,75.0,205.06559322524654,44.00715025138328,200.35956719370682,42.99723536805417,159.33262447794306,-129.0930373869678,111.39732455541744,4258.999000000001,1.7227175649698372,0.0,0.0,1.064447741668853,1.25,1.0,1.25,3.0,0.0,0.0,0.35,5.0,1.0
all_on,541098,36,S-S4,Arterial,739.7297196818564,45.0,92.13289560295385,12.45494038587208,214.6655122874781,29.019452183130024,-91.73939420912933,8.506115583905707,12.875515015389794,5883.001,0.8502342577222799,0.0,0.0,0.92,1.25,1.0,1.25,3.0,0.0,0.0,0.35,3.0,0.0
all_on,541098,37,S-S4,Arterial,677.8112579079375,30.0,209.82229375344428,30.955858479108212,231.52494524054953,34.15773086377329,-209.82033396709238,-0.9068681792237925,1.3927787615772331,6252.0,0.6554538997701124,0.0,0.0,1.0,1.25,1.0,1.25,0.0,0.0,0.0,0.35,0.0,0.0
all_on,541098,38,S-S4,Arterial,931.746854758649,60.0,305.0149542833518,32.73581796660425,330.60007102174916,35.48174800197042,-301.78428062875093,-44.2760691780845,33.23377379905048,7124.0,0.6787441188516398,0.0,0.0,1.0,1.25,1.0,1.25,1.0,0.0,0.0,0.35,2.0,0.0
all_on,541098,39,S-S4,Arterial,186.86305768129444,30.0,30.184402026768318,16.153220653302984,40.249456617511605,21.53954725827046,29.921637482102323,3.9741333776340095,118.1309895534481,7344.000000000001,1.144512479688406,0.0,0.0,1.0,1.25,0.975,1.2188,1.0,0.0,0.0,0.35,0.0,0.0
all_on,541098,40,S-S4,Arterial,181.31319816687812,30.0,183.17606442860054,101.02743003849497,238.7563829856643,131.68174484789367,-174.41658183224735,-55.96719183151662,88.78109478894385,8877.0,1.3295569368607816,0.0,0.0,1.0,1.1521,1.0,1.1521,2.0,0.0,0.0,0.35,1.0,0.0
all_on,75496,1,S-M,Highway,445.0656418597341,60.0,63.09640919306361,14.17687712972212,312.0299172558212,70.10874080326332,-62.92992062072827,-4.580605170428941,58.379904344391036,8699.865,0.8436548350224475,0.0,0.0,1.0,0.85,1.0,0.85,1.0,0.0,0.0,0.35,4.0,0.0
all_on,75496,2,S-M,Highway,1042.662585896704,75.0,113.96555326239402,10.930242899660785,242.68154802540136,23.275175623252263,-113.79677875973297,-6.200038250846138,29.956541335906422,8807.866,0.8762174478477011,0.0,0.0,1.0,0.9223,1.0,0.9223,2.0,0.0,0.0,0.35,5.0,0.0
all_on,75496,3,S-M,Highway,374.54070896985667,45.0,68.89821300003628,18.395387030033433,77.84292597026581,20.783568810014366,-64.8081402570574,-23.38522420290095,2.5661000813719284,8987.865,0.8730768819357473,0.0,0.0,1.0,0.85,1.0,0.85,2.0,0.0,0.0,0.35,4.0,0.0
all_on,75496,4,S-M,Highway,581.9438627961036,30.0,40.39240170159603,6.940944699978452,69.8238620673533,11.998384471633749,-40.066600919312414,5.119922459925666,33.729921940064344,9257.866,0.903093881544519,0.0,0.0,1.0,1.35,1.0,1.35,0.0,0.0,0.0,0.35,0.0,0.0
all_on,75496,5,S-M,Highway,881.0026183499426,60.0,73.2466225836425,8.314007365929104,195.24169142813128,22.161306602448647,-72.12014085177788,12.796601245263833,31.483479582047835,9374.965,0.8992365530308183,0.0,0.0,1.0,1.0544,1.0,1.0544,2.0,0.0,0.0,0.35,6.0,0.0
all_on,75496,6,S-M,Highway,701.9774669971542,45.0,49.87424506149894,7.1048213662535025,161.38359165015575,22.989853554773713,49.76902422257018,-3.2379852358639383,19.51871592787532,9500.865,1.0456311358953017,0.0,0.0,1.0,1.0919,1.0,1.0919,1.0,0.0,0.0,0.35,3.0,0.0
all_on,75496,7,S-M,Highway,714.5390436288836,75.0,149.82254967317414,20.967720519830515,141.12969414857707,19.751152215816052,148.87080948731582,-16.860559693024705,29.247687497540795,9590.865,1.1801538466262982,0.0,0.0,1.0,1.0637,0.9993,1.063,0.0,0.0,0.0,0.35,3.0,0.0
all_on,75496,8,S-M,Highway,573.1359150171827,30.0,32.97896723769138,5.754126791496335,45.19220835813008,7.885077025189603,-24.708673322165534,21.84247565463281,9.724339946075503,10098.866,1.0151179100530925,0.0,0.0,1.0,1.35,1.0,1.35,1.0,0.0,0.0,0.35,1.0,0.0
all_on,75496,9,S-S2,Arterial,218.47241867770953,45.0,3.322247501506796,1.5206713605380893,97.8885491310619,44.80590718202606,-2.9074419394230735,1.6075166655907318,73.11668161338903,7771.1990000000005,1.3006158518463495,0.0,0.0,0.92,1.25,1.0,1.25,8.0,0.0,0.0,0.35,2.0,1.0
all_on,75496,10,S-S2,Arterial,356.1974439331983,60.0,66.31324196920966,18.61698984612762,98.89537754761449,27.764201914419534,-42.443626394284315,-50.950806067905944,60.422758340115365,8116.101000000001,1.1792111848904443,0.0,7.300000000000001,1.0131112080272064,1.25,1.0,1.25,5.0,1.0,7.1,0.35,3.0,1.0
all_on,75496,11,S-S2,Arterial,188.09413144507553,30.0,13.35994109795851,7.102795284104695,51.60478228522254,27.43561528940705,-13.339180818304941,-0.7445006631873641,126.67992257282316,8350.1,0.9337051161627588,0.0,0.0,0.9647476104020718,0.85,1.0,0.85,8.0,0.0,0.0,0.35,0.0,0.0
all_on,75496,12,S-S2,Arterial,497.2582750673289,45.0,4.932188447985057,0.9918765951792833,145.52205733697866,29.26488399157861,-2.800383857492564,-4.060090286820272,96.68511700082259,8611.1,1.0862642104625682,0.0,0.0,0.9969266675853274,1.1373,1.0,1.1373,4.0,0.0,0.0,0.35,1.0,1.0
all_on,75496,13,S-S2,Arterial,470.34963942815,75.0,60.91206422088296,12.950379699437997,92.06035398600443,19.572748923105625,60.677958255383196,-5.335255345992788,121.11730400064226,8755.1,1.3470378837427115,2.0298615559903483,1.8,1.0,1.0755,1.0,1.0755,2.0,0.0,0.0,0.35,2.0,1.0
all_on,75496,14,S-S2,Arterial,216.55646042401838,30.0,110.61661629987599,51.07980435369521,110.61661629987599,51.07980435369521,23.47564895106708,108.09685336752526,56.36371712593541,9348.2,1.0128701834741378,0.0,0.0,1.0,1.1084,1.0,1.1084,2.0,0.0,0.0,0.35,2.0,0.0
all_on,75496,15,S-S1,Urban,116.3966216812929,30.0,49.76256378849182,42.75258428440246,50.11041763642042,43.05143647006217,49.601381060633614,-4.001968475829575,3.5775216050885206,4224.900000000001,1.6517282970534444,17.813565093130006,10.600000000000001,0.9814708360150064,1.2067,1.0,1.2067,3.0,1.0,7.0,0.35,2.0,0.0
all_on,75496,16,S-S1,Urban,410.1744865962999,45.0,73.89675698678455,18.01593209757946,81.4962173854972,19.868670541107313,73.80578773291236,-3.6655682080921785,46.73435686555641,4322.001,1.141888533499961,0.0,0.0,1.0,1.25,1.0,1.25,0.0,0.0,0.0,0.35,2.0,1.0
all_on,75496,17,S-S1,Urban,429.3201913293343,75.0,40.99440494741691,9.548678533027541,42.90328649333465,9.993307410138383,-8.767687070952034,40.04583499464907,147.29130918729845,4385.0,0.8399102884008096,2.6451874606128443,9.1,1.0,0.9577,1.0,0.9577,1.0,1.0,4.6,0.35,6.0,1.0
all_on,75496,18,S-S1,Urban,271.23683041913415,30.0,55.63199672259329,20.510487693218813,100.65250627138737,37.10871643642645,-55.60123044371157,-1.8499276980229524,13.998002824754167,4583.999000000001,0.7666895745669962,0.0,0.0,0.92,0.9319,1.0,0.9319,3.0,0.0,0.0,0.35,1.0,0.0
all_on,75496,19,S-S1,Urban,298.28230919465443,60.0,8.83758087384912,2.962824345067629,18.710343065645176,6.272696197157002,7.789323100852796,-4.174839078616657,40.41444697936279,4999.900000000001,0.9547633372315555,0.0,26.5,1.0,1.1741,1.0,1.1741,0.0,2.0,21.8,0.35,2.0,0.0
all_on,75496,20,S-S1,Urban,133.1744210584332,45.0,50.39266248248484,37.83959568359899,117.0213535267626,87.87074319280644,-17.619940401158658,-47.211843136370476,29.913070422902194,5123.999000000001,1.7748101660289242,0.0,6.6000000000000005,1.0,1.25,1.0,1.25,1.0,2.0,5.1,0.35,3.0,0.0
all_on,75496,21,S-S3a,Mixed,134.91232747961672,45.0,42.155456912825095,31.246556708610758,38.375667940189565,28.444893552064443,-33.13840160082817,-26.056263870157636,0.6112793787012833,537.0,0.7998090210564883,0.0,20.1,1.0,0.9936,1.0,0.9936,2.0,4.0,21.0,0.35,2.0,0.0
all_on,75496,22,S-S3a,Mixed,433.9026808716475,30.0,13.501336078237525,3.111604669304025,16.988896443658547,3.9153702414399283,-11.687274139301486,-6.759711465020748,34.434552670667244,714.0,0.9744386437202266,0.0,0.0,1.0,1.25,1.0,1.25,0.0,0.0,0.0,0.35,0.0,0.0
all_on,75496,23,S-S3a,Mixed,314.4610350854063,30.0,13.136178026172892,4.177362712873206,34.03291470906285,10.822617403081324,-13.061605242658796,1.39772730539823,103.94992736315444,768.0,0.9321640004976373,0.0,0.0,1.0,1.25,1.0,1.25,0.0,0.0,0.0,0.35,1.0,0.0
all_on,75496,24,S-S3a,Mixed,572.302681471267,60.0,146.38644997639548,25.578501502049132,137.26604257889935,23.98486797685761,98.48187381570915,108.30657074452353,6.675200044193957,903.0,0.8702110205136377,0.0,0.0,0.92,1.1361,1.0,1.1361,3.0,0.0,0.0,0.35,6.0,1.0
all_on,75496,25,S-S3a,Mixed,1059.8631507836958,60.0,61.22882358580625,5.777049946545623,65.03675165239116,6.1363348281616314,-61.009225169792884,-5.181050268362085,2.738490691710723,1091.999,0.9293990962086942,0.0,0.0,1.0,1.25,1.0,1.25,1.0,0.0,0.0,0.35,1.0,0.0
all_on,75496,26,S-S3a,Mixed,804.8478004230153,75.0,185.4519674504637,23.04186795975501,189.81861914438295,23.584411741526445,185.29050110567167,7.7370815723330395,23.751114459310912,1609.0,1.22552530438915,0.0,0.0,1.0,1.1767,1.0,1.1767,0.0,0.0,0.0,0.35,4.0,0.0
all_on,75496,27,S-S3a,Mixed,575.8224103748213,75.0,27.56858580807662,4.787688931754383,143.9873192589571,25.00550806371553,27.348250949440928,-3.4785188606197113,95.92342952667786,1851.0000000000002,1.2833637432436265,0.0,0.0,1.0,1.1282,1.0,1.1282,2.0,0.0,0.0,0.35,5.0,1.0
all_on,75496,28,S-S3a,Mixed,372.34095679910627,45.0,458.0977528976901,123.03179237540964,469.68501781320975,126.14379622670002,-190.15071706281788,-416.7688280214937,163.56904331357984,1959.0000000000002,1.243409654237266,0.0,1.4000000000000001,1.0,1.25,1.0,1.25,2.0,0.0,0.0,0.35,4.0,0.0
all_on,75496,29,S-S3a,Mixed,379.0118862723627,45.0,439.118321432045,115.85872035593339,439.118321432045,115.85872035593339,-151.33499920158374,412.21671270577264,33.01892856242199,2201.9990000000003,0.9549334553133608,0.0,0.0,0.92,1.0538,1.0,1.0538,5.0,0.0,0.0,0.35,2.0,0.0
all_on,75496,30,S-S3a,Mixed,104.09674927723412,30.0,44.23537078284508,42.49447854037774,91.44103710986907,87.84235602433664,-23.55495560005218,37.44238367112002,127.78745772283166,2426.9990000000003,1.372274356435474,0.0,0.0,0.96667298723963,0.9208,1.0,0.9208,5.0,0.0,0.0,0.35,0.0,0.0
all_on,75496,31,S-S4,Arterial,183.87954809499564,30.0,32.200249590137865,17.511599263612833,32.74660495307395,17.808726034151682,-31.67750121980874,-5.778580287249611,19.965447010647523,285.0,0.8743172205514196,0.0,0.0,1.0,1.0062,1.0,1.0062,0.0,1.0,3.7,0.35,1.0,0.0
all_on,75496,32,S-S4,Arterial,512.020208051412,75.0,52.25105825875199,10.20488204119972,56.53657520141863,11.041864034347212,-8.729571281425503,51.516673751340015,144.14077617480527,1011.0010000000001,0.9505018186980053,0.0,0.9,1.0,0.9403,1.0,0.9403,1.0,1.0,2.2,0.35,5.0,0.0
all_on,75496,33,S-S4,Arterial,554.9976674046155,60.0,28.024201698405392,5.0494269335324296,117.56651653670001,21.183245163261073,-26.425747852074846,9.329294254737036,36.48475256741551,2207.0,1.0533853192439027,0.0,0.0,1.0,0.9516,1.0,0.9516,1.0,0.0,0.0,0.35,1.0,0.0
all_on,75496,34,S-S4,Arterial,152.28595898599954,75.0,7.086742411023467,4.653575719134414,2.9906166719293563,1.96381642263178,6.931996208835402,1.4728701778807016,0.22995181049259372,2889.0,0.6886295769982754,0.0,2.8000000000000003,1.08,1.111,1.0,1.111,4.0,1.0,42.0,0.35,1.0,0.0
all_on,75496,35,S-S4,Arterial,257.13661053889035,30.0,1.4052614437631528,0.5465038373252631,36.63415288204934,14.246961101833708,1.402992943470331,-0.07981557429322417,72.62400432335411,3129.0,0.968124419683156,0.0,0.0,1.0,0.969,1.0,0.969,2.0,0.0,0.0,0.35,2.0,1.0
all_on,75496,36,S-S4,Arterial,1218.2243066778026,45.0,497.82276484909715,40.8646225592642,497.50729513157285,40.838726694619645,-485.3832899438627,-110.59189412100505,9.881175435602984,6547.999000000001,0.6037898858625711,0.0,0.0,1.0,1.25,1.0,1.25,0.0,0.0,0.0,0.35,0.0,0.0
all_on,75496,37,S-S4,Arterial,667.7306583481962,45.0,120.34280350299572,18.022656590412463,183.2169905387444,27.43875666754299,-120.0508869717341,-8.377045556791572,53.83324617128929,6691.999000000001,0.7441835768948836,0.0,0.0,1.0,1.25,1.0,1.25,2.0,0.0,0.0,0.35,0.0,0.0
all_on,75496,38,S-S4,Arterial,1059.3347150652953,45.0,349.9059372259883,33.03072506260882,361.8540982198724,34.15861795840123,-277.2953051134218,-213.4044954260607,15.699015814753494,6791.0,0.6470749326309801,0.0,0.0,1.0,1.25,1.0,1.25,2.0,0.0,0.0,0.35,1.0,0.0
all_on,75496,39,S-S4,Arterial,383.6085289112717,30.0,73.68539956058706,19.20848834349833,108.03754240569924,28.16348810395929,-73.65940744153684,-1.9569884427436532,37.43516587848316,7632.999000000001,0.740721027151708,0.0,0.0,1.0,1.0211,1.0,1.0211,0.0,0.0,0.0,0.35,0.0,0.0
all_on,75496,40,S-S4,Arterial,599.2279698380357,60.0,17.44871475179801,2.9118658724348587,117.97618195200464,19.68802991353895,-15.050780358223358,-8.827890863514998,5.513866198158723,8690.0,1.0259201986763848,0.0,0.0,1.0,1.25,1.0,1.25,2.0,0.0,0.0,0.35,4.0,0.0
all_on,45736,1,S-M,Highway,296.59410644351794,30.0,16.240919285107008,5.475806475001503,49.03630426724659,16.533135083243756,15.228308232991516,-5.645005543519295,4.761905510850909,8578.866,1.031278722596431,0.0,0.0,1.0,0.85,1.0,0.85,1.0,0.0,0.0,0.35,3.0,0.0
all_on,45736,2,S-M,Highway,719.1201235373318,60.0,47.438697966809215,6.596769637520305,138.59624494430477,19.273031084508347,-45.97993512128426,11.673715390938721,37.704151608560636,8798.866,0.8863024545782416,0.0,0.0,1.0,0.9123,1.0041,0.9161,2.0,0.0,0.0,0.35,5.0,0.0
all_on,45736,3,S-M,Highway,1064.0307356267638,60.0,110.44427895334975,10.379801565440017,199.0639600550372,18.708478372833774,-110.23073205285459,-6.864726113772716,28.309390082936147,9104.966,0.890266178572149,0.0,0.0,0.9370728411326007,1.1059,1.0,1.1059,3.0,0.0,0.0,0.35,1.0,0.0
all_on,45736,4,S-M,Highway,948.1258432643681,45.0,51.467993399542706,5.42839263006902,152.38773072981814,16.072521576371326,-47.50467143438614,-19.805568320207055,46.97197926167922,9257.866,0.9238691523774994,0.0,0.0,1.0,1.35,1.0,1.35,0.0,0.0,0.0,0.35,1.0,0.0
all_on,45736,5,S-M,Highway,619.7285890006121,75.0,17.94508957702182,2.895636879679936,125.10245889254506,20.18665285303168,-17.800232047289125,-2.2755173016258228,26.888842214058513,9653.866,0.9505823037654169,0.0,0.0,1.0,0.85,1.0,0.85,1.0,0.0,0.0,0.35,4.0,0.0
all_on,45736,6,S-M,Highway,1045.1212884927832,75.0,168.5245737735243,16.1248819279685,261.9813932743752,25.067080362719473,-160.78068199319378,50.49855704227131,83.16486122599468,10098.866,1.091546901020286,4.8185884531476475,0.4,1.0,1.35,1.0,1.35,1.0,0.0,0.0,0.35,2.0,0.0
all_on,45736,7,S-M,Highway,527.8491336942978,45.0,36.34017386036583,6.884575826814205,84.53524127610179,16.015038366068456,-26.014853518415734,25.373916383108632,34.6262470476326,10366.866,1.0066233163170069,0.0,0.0,0.9718275524353859,1.0705,1.0,1.0705,8.0,0.0,0.0,0.35,1.0,0.0
all_on,45736,8,S-S2,Arterial,383.51596087782053,45.0,43.41973685285171,11.321494092050123,99.64103394523642,25.980935374155074,41.259439201461966,-13.525243996015497,28.37821249288541,7573.200000000001,1.1833221342587013,0.0,0.0,0.9671355724472019,1.25,1.0,1.25,3.0,0.0,0.0,0.35,1.0,0.0
all_on,45736,9,S-S2,Arterial,663.8291381419549,75.0,296.05692087772417,44.59836181737696,268.85983979414425,40.501361622461744,-259.5760078078313,-142.37273815638918,111.2691693803815,7645.200000000001,0.9185179940031406,0.18583170240479624,2.2,0.92,1.109,1.0,1.109,8.0,0.0,0.0,0.35,4.0,1.0
all_on,45736,10,S-S2,Arterial,248.0932639985645,30.0,30.543385150565378,12.311251284412988,23.26932153416066,9.379263732970717,30.516710066866988,-1.2762378894848212,48.16639240930374,8269.1,1.0695805519068078,0.0,0.0,0.92,1.0053,1.0,1.0053,6.0,0.0,0.0,0.217,0.0,0.0
all_on,45736,11,S-S2,Arterial,338.4735134374312,45.0,132.30716839041835,39.0893712913451,228.5069868974218,67.51103936517107,24.94964034020656,129.93345317655826,172.9767264470167,8728.1,1.0799317301574582,1.6484291878209234,1.2000000000000002,0.9412819263012498,0.8946,1.0,0.8946,3.0,0.0,0.0,0.35,3.0,0.0
all_on,45736,12,S-S2,Arterial,198.4000418380012,30.0,47.164296261243706,23.772321731542064,118.90890606449763,59.93391178898534,-38.49119309407074,-27.25617170501625,44.48569425383468,8845.101,0.9093978937361495,0.0,0.0,1.08,0.85,1.0,0.85,4.0,0.0,0.0,0.35,1.0,0.0
all_on,45736,13,S-S2,Arterial,795.2399514488269,60.0,14.588953428061382,1.834534771735518,243.24103483179792,30.587124601655567,-13.84312266627673,-4.604944839252628,58.66950706963871,8935.1,0.9298246373346385,0.0,0.0,1.0703414585166375,1.25,1.0,1.25,3.0,0.0,0.0,0.35,5.0,1.0
all_on,45736,14,S-S1,Urban,367.78349382229334,45.0,67.53548051907359,18.362836193977092,58.82127695667676,15.993452111012408,67.16482092131581,-7.065971946572104,1.3391514794338093,4207.0,1.159987204722076,4.799697606977948,7.7,0.9814708360150064,1.25,1.0,1.25,3.0,1.0,4.2,0.35,2.0,0.0
all_on,45736,15,S-S1,Urban,519.1869216436147,60.0,131.02035771967638,25.23568145840404,143.38829660919768,27.61785604214885,130.04766998620534,-15.935421806497343,71.96623636623096,4331.0,1.1789717039046606,0.0,0.0,1.0,1.1866,1.0,1.1866,0.0,0.0,0.0,0.35,3.0,1.0
all_on,45736,16,S-S1,Urban,613.1675124847341,75.0,35.109639757097774,5.72594585365804,82.43260060298634,13.443732573003638,-35.103980416447534,-0.6303671904917474,78.68948117406296,4475.999000000001,1.0432928351482016,8.016036926808068,1.0,0.9523646306842768,1.25,1.0,1.25,4.0,1.0,0.8,0.35,5.0,1.0
all_on,45736,17,S-S1,Urban,459.6583331865379,45.0,37.45584235216307,8.148626849099848,13.880906840342554,3.0198314352563744,-3.825781706159404,-37.25994525823822,59.74319142328039,4673.0,1.0349530651197525,0.0,0.0,1.0,1.25,1.0,1.25,1.0,0.0,0.0,0.146,4.0,0.0
all_on,45736,18,S-S1,Urban,233.75096190398332,30.0,15.566441997186768,6.659413022471718,159.6852303296242,68.31425591960442,-14.85352729046852,-4.6569135146668685,25.769591652919928,4769.999000000001,0.9912635171967498,0.0,0.0,1.0,1.0856,1.0,1.0856,1.0,0.0,0.0,0.35,4.0,1.0
all_on,45736,19,S-S1,Urban,124.70434194091698,30.0,37.19310621514104,29.8250290537298,98.58648689323802,79.05617828443118,-24.206941802625437,-28.237406369832705,11.054025728457901,5123.999000000001,1.7921191030559338,0.0,0.0,1.0,1.25,1.0,1.25,1.0,0.0,0.0,0.35,1.0,0.0
all_on,45736,20,S-S3a,Mixed,225.05044832033616,30.0,68.70599501956171,30.529152699916327,68.14119487642841,30.27818668436351,-64.79070685017356,22.862153386829313,4.243316116917526,45.0,0.7318974672554234,0.0,0.0,1.0,0.85,1.0,0.85,0.0,0.0,0.0,0.35,3.0,0.0
all_on,45736,21,S-S3a,Mixed,660.7244543186248,60.0,5.390903033454618,0.815907902033687,29.32060591233978,4.437645030495623,5.280782202270514,-1.0840548179373475,18.36317266590345,153.0,1.0069059315351996,0.0,0.0,1.0,1.1021,1.0,1.1021,1.0,0.0,0.0,0.35,2.0,0.0
all_on,45736,22,S-S3a,Mixed,195.4343382075998,30.0,43.104838056809164,22.05591834686754,43.23176731666286,22.12086561305311,42.55957154635526,-6.834466599114482,5.516181061661655,387.0,1.1977460431949565,0.0,7.800000000000001,1.0,1.2405,1.0,1.2405,1.0,1.0,8.5,0.216,0.0,0.0
all_on,45736,23,S-S3a,Mixed,1229.654966317879,75.0,62.834159914850595,5.109901690797327,143.72651722615547,11.688361464235378,11.227363509192225,-61.82295658440703,115.48264288975588,849.0,0.8892374953963387,0.0,0.0,0.92,1.25,1.0,1.25,3.0,0.0,0.0,0.35,6.0,0.0
all_on,45736,24,S-S3a,Mixed,1716.616105021255,75.0,396.6432815181933,23.106114428145954,426.7652303786461,24.86084274348352,-395.5714867362299,-29.139177318679415,12.534188113724156,965.999,0.7727324502273646,0.0,0.0,0.92,1.25,1.0,1.25,5.0,0.0,0.0,0.35,2.0,0.0
all_on,45736,25,S-S3a,Mixed,604.206085632241,30.0,93.5491789196132,15.482991837416431,148.07524549420543,24.507407160465718,-93.51972412134704,-2.3473552779549234,11.64850522003087,1074.0,0.8247749208147566,0.0,0.0,1.0,1.25,1.0,1.25,1.0,0.0,0.0,0.35,1.0,0.0
all_on,45736,26,S-S3a,Mixed,511.9479982345725,45.0,42.4516643628387,8.292182899284924,76.04214140969344,14.85348935280947,-42.39155390610432,-2.2583101206346754,43.75800050787805,1272.0,0.8856621742567368,0.0,0.0,1.0,0.991,1.0,0.991,1.0,0.0,0.0,0.35,2.0,0.0
all_on,45736,27,S-S3a,Mixed,207.11840865271077,45.0,24.677957900354023,11.914903200001502,89.55328945011077,43.237725720590454,-24.66060685095048,-0.9252436838476132,59.09801107283721,1779.999,1.0538664358619538,0.0,4.5,1.0,0.85,1.0,0.85,1.0,2.0,4.1,0.35,5.0,1.0
all_on,45736,28,S-S3a,Mixed,200.05131627067323,60.0,35.73386578140621,17.862349744831278,99.07304561472958,49.52381591965227,-34.5037738116435,9.295093137698958,115.77727593369838,2093.9990000000003,1.0946096989896952,0.0,0.0,0.92,0.85,1.007,0.8559,3.0,0.0,0.0,0.35,3.0,2.0
all_on,45736,29,S-S3a,Mixed,249.7664044834033,45.0,9.509999859225772,3.8075576572820067,36.820660613190284,14.742038942085575,-0.8017897140168913,-9.476140067399326,88.59917084788941,2265.0,0.8598402374758688,0.0,0.0,0.92,0.8571,1.035,0.8871,5.0,0.0,0.0,0.35,4.0,1.0
all_on,45736,30,S-S4,Arterial,585.7610505539918,75.0,106.10944020468153,18.114799559364187,50.15431518124763,8.56224822968572,-23.50265602558794,-103.47385399362382,80.76501712386255,983.999,1.0370751281697215,2.3209680000512876,0.9,1.0,0.991,1.0,0.991,1.0,1.0,2.0,0.35,3.0,0.0
all_on,45736,31,S-S4,Arterial,505.6339728595723,75.0,122.05427258630564,24.138859162496047,122.20985182870879,24.16962830593854,19.67994391566441,-120.45723417067364,17.250674273247455,1781.999,1.18950694119591,0.0,1.1,1.0014233801748662,1.25,1.0,1.25,4.0,1.0,6.6,0.35,1.0,0.0
all_on,45736,32,S-S4,Arterial,234.92076653320157,30.0,19.48573491569876,8.294598729288934,30.415006149308454,12.946921039868936,-16.50313873563244,10.36051529014604,76.15179417461552,2754.0,0.8043993198407107,0.0,0.0,0.9914977679932312,0.8601,1.0,0.8601,7.0,0.0,0.0,0.35,1.0,1.0
all_on,45736,33,S-S4,Arterial,370.044617244353,45.0,78.91551917981124,21.32594706213512,82.80135568482739,22.3760465160748,-78.76342200605274,4.897195249896079,68.7981781756801,3394.0,0.9168381819995701,0.7300675723095786,0.30000000000000004,1.0,0.85,1.0,0.85,2.0,0.0,0.0,0.35,3.0,1.0
all_on,45736,34,S-S4,Arterial,125.13336243153022,30.0,11.401751226032863,9.111679734708328,40.956183200074065,32.73002691227469,2.063059209565538,-11.213550629402299,85.00665241051436,4148.0,1.3127616229599217,0.0,0.0,1.0,0.85,1.0,0.85,0.0,0.0,0.0,0.35,1.0,0.0
all_on,45736,35,S-S4,Arterial,392.65608744074865,45.0,8.173244483438133,2.0815275109344804,15.72162920758108,4.003918367865227,-7.560381305368024,-3.1052471565873088,16.65883452604149,4193.0,0.988152209741295,0.0,0.0,1.0,1.0133,1.0,1.0133,0.0,0.0,0.0,0.35,4.0,1.0
all_on,45736,36,S-S4,Arterial,435.11592687334655,30.0,117.74893985598233,27.061509952554935,119.64400132636062,27.497040199401063,-117.58604005214018,6.191609004469605,3.968659806016035,7115.0,0.7408999905998067,0.0,0.0,1.0,1.25,1.0,1.25,1.0,0.0,0.0,0.35,1.0,0.0
all_on,45736,37,S-S4,Arterial,494.64730174739884,60.0,3.104812825985146,0.6276821515081625,94.76570178507082,19.158236879146013,1.7476695508911364,-2.5662255990636993,20.53917277831215,8038.999000000001,1.039253671676898,0.0,0.0,0.92,1.034,1.0,1.034,5.0,0.0,0.0,0.35,5.0,0.0
all_on,45736,38,S-S4,Arterial,1087.475292240806,60.0,207.69740290165674,19.09904568716078,346.90251899763683,31.89980696322985,-193.99452360718504,-74.19121229980307,106.24372022310797,9170.800000000001,0.7949622676064603,0.0,0.0,0.92,1.25,1.0,1.25,3.0,0.0,0.0,0.35,1.0,0.0
all_on,12345,1,S-M,Highway,783.698075254369,60.0,103.19575112426102,13.167794381881853,164.33600299176635,20.96930031867527,-102.76189199747462,-9.452862169723215,29.692012451472465,8807.866,0.8603967127729046,0.0,0.0,1.0,0.9223,1.0,0.9223,2.0,0.0,0.0,0.35,4.0,0.0
all_on,12345,2,S-M,Highway,543.8158974898474,45.0,8.144771819777523,1.497707561947392,89.70523243976771,16.495514907495405,7.052422490689125,-4.0743889123479935,28.212171614134917,9032.865,0.9491527269532984,0.0,0.0,0.9370728411326007,1.0322,1.0,1.0322,3.0,0.0,0.0,0.35,2.0,0.0
all_on,12345,3,S-M,Highway,1253.6196653158977,75.0,311.61549634057207,24.85725973850678,397.8425147868483,31.73550366143918,-190.77913233446463,246.38900183508582,111.70537899185052,9149.867,1.024280851401113,0.0,0.0,1.0,1.2818,1.0,1.2818,1.0,0.0,0.0,0.35,2.0,0.0
all_on,12345,4,S-M,Highway,312.2247443755553,30.0,7.506188440014033,2.4040978734809424,21.83787511265534,6.994280724396382,7.47838981198478,0.6454074038950544,24.21074944141094,9770.865,1.0070400614797268,0.0,0.0,1.0,0.8783,1.0,0.8783,2.0,0.0,0.0,0.35,0.0,0.0
all_on,12345,5,S-M,Highway,514.9010912767462,60.0,103.91794226751038,20.182117309139112,156.86023870475884,30.464149593431422,103.88897946029111,-2.4532981500080737,120.7475553213873,9847.866,1.2369924244431731,0.0,0.0,1.0,1.35,1.0,1.35,1.0,0.0,0.0,0.35,4.0,1.0
all_on,12345,6,S-M,Highway,548.9507548567317,30.0,240.07011332556485,43.732540888521,258.8476398545031,47.15316220342181,-10.870921280972315,239.82385699227768,25.167303099980813,10017.965,1.0165463482599495,0.0,0.0,0.92,1.35,1.0,1.35,3.0,0.0,0.0,0.35,0.0,0.0
all_on,12345,7,S-M,Highway,1215.9447032075054,75.0,504.7052178673408,41.50725082612667,404.1717698965242,33.23932156046004,-476.1998985996933,-167.21547032545107,98.12866565374128,10276.866,0.9081529650262048,34.189860198502515,2.3000000000000003,0.9550810353747126,1.133,1.0,1.133,4.0,0.0,0.0,0.35,4.0,0.0
all_on,12345,8,S-M,Highway,54.67298308472394,45.0,13.834911447433258,25.304841014425715,13.834911447433258,25.304841014425715,9.236901519013859,10.299729369568858,122.02641331691109,10543.866,1.272570348531903,0.0,22.900000000000002,1.0,1.2325,1.0,1.2325,1.0,2.0,20.3,0.35,2.0,0.0
all_on,12345,9,S-S2,Arterial,113.8174453501425,30.0,60.07583746016733,52.78262684191595,111.52436828243407,97.9853026391041,39.92152586509077,44.89296179963328,74.36201241863819,7798.099,1.0239102485630576,0.754396934513637,0.9,0.92,0.8794,1.0,0.8794,6.0,0.0,0.0,0.35,1.0,0.0
all_on,12345,10,S-S2,Arterial,151.77327215354785,30.0,14.351193997952995,9.45567937906353,49.985773219279935,32.93450322973185,-9.222910013007976,10.995212597255197,2.9445055295404643,7881.1,0.8563113687390668,0.0,0.0,1.0079925899834858,0.85,1.0,0.85,4.0,0.0,0.0,0.35,2.0,0.0
all_on,12345,11,S-S2,Arterial,447.2158137852094,60.0,113.19108048811835,25.31016949737878,209.03006011946417,46.74031053379923,33.95162166525563,-107.97920211025377,92.72418424411262,8134.1990000000005,1.2584112257011035,0.0,0.0,1.0131112080272064,1.25,1.0,1.25,5.0,0.0,0.0,0.131,2.0,1.0
all_on,12345,12,S-S2,Arterial,405.3951175276845,45.0,53.51157280229416,13.19985626088352,206.5910633331434,50.960422166168605,-53.347910206379225,4.181973264779186,17.4791283272981,8260.1,0.8829430043279264,0.0,0.0,0.92,0.8591,1.0,0.8591,5.0,0.0,0.0,0.35,2.0,0.0
all_on,12345,13,S-S2,Arterial,564.670244756734,45.0,39.660898745086584,7.023727407873763,273.5021395028644,48.43572723062326,39.51314824292307,3.4202346704277136,38.420770861997994,8530.2,1.0962546186750715,0.0,0.0,1.08,1.25,1.0199,1.2749,5.0,0.0,0.0,0.35,0.0,0.0
all_on,12345,14,S-S2,Arterial,1343.456906371082,75.0,505.1240447303479,37.59882749754725,582.9772445744534,43.39381797881255,-505.0450630491205,8.932236811486717,48.99987739499164,9061.2,0.6368045617537262,0.0,0.0,1.0,1.25,1.0,1.25,1.0,0.0,0.0,0.35,3.0,0.0
all_on,12345,15,S-S1,Urban,498.7707254824574,60.0,71.9712400378937,14.429724192067692,88.76252935052509,17.796258845116807,-71.87233322383463,3.7718840854660343,88.02433232296266,4180.0,0.9033306276791848,16.365323152779556,5.2,0.9814708360150064,0.9481,1.0,0.9481,3.0,0.0,0.0,0.35,3.0,0.0
all_on,12345,16,S-S1,Urban,121.0194791617665,30.0,14.929455796146899,12.336407245804393,16.683949417417168,13.786168584576178,-14.929379454098674,0.047743948732552055,7.579688981060087,4393.999000000001,0.8721042382287555,0.0,6.7,1.0,1.0353,1.0,1.0353,1.0,1.0,4.6,0.35,2.0,0.0
all_on,12345,17,S-S1,Urban,191.77579845013074,45.0,6.689744970041179,3.488315535174672,30.276388017306896,15.787387283479335,-6.554882694337316,-1.3364881696702136,1.1715644256576638,4592.999000000001,0.8818392116257442,0.0,22.5,0.92,1.0269,1.0,1.0269,3.0,1.0,18.9,0.35,0.0,0.0
all_on,12345,18,S-S1,Urban,105.77425225241359,45.0,13.894087770182903,13.13560481337826,21.38937478457782,20.221721571271853,-13.205344556153454,-4.320248849176913,12.85311545721828,4788.0,0.9802889960796642,4.434318563062519,29.400000000000002,1.0,1.016,1.0,1.016,2.0,2.0,25.9,0.35,2.0,0.0
all_on,12345,19,S-S1,Urban,180.13164778791392,30.0,310.847975635993,172.56710825295053,298.8130200522939,165.88590829087113,-126.88345689089694,-283.7728886352796,152.28175407393144,4865.999000000001,0.9518654018532064,1.4539566680938631,0.7000000000000001,1.0,1.25,1.0,1.25,2.0,0.0,0.0,0.363,2.0,0.0
all_on,12345,20,S-S1,Urban,555.0088184825844,75.0,23.436253686575597,4.222681317145774,74.51428782725347,13.425784482303978,23.11017412425092,-3.8958745883731076,50.46065905296027,4982.0,1.0074258022392986,0.0,26.5,1.0,1.2204,1.0,1.2204,0.0,2.0,21.8,0.31,2.0,0.0
all_on,12345,21,S-S3a,Mixed,1769.1501173916868,75.0,443.08696927057474,25.045187794681418,499.42021444030723,28.229385936825874,-443.08696619298235,-0.052223387004318056,7.811133846787641,957.0000000000001,0.7543003545389746,0.0,0.0,0.92,1.25,1.0,1.25,5.0,0.0,0.0,0.35,4.0,0.0
all_on,12345,22,S-S3a,Mixed,1231.7818929957293,75.0,76.16322389141861,6.183174499033059,91.66079625590842,7.441317068964759,-76.13221399038142,-2.1731696797837827,20.866981168163335,1146.0,0.9342827210877677,0.0,0.0,1.0,1.25,1.0,1.25,0.0,0.0,0.0,0.35,3.0,0.0
all_on,12345,23,S-S3a,Mixed,138.51106062656623,60.0,29.420118401051926,21.24026649421901,33.67277437104112,24.310531028150056,28.45802051082058,-7.462200435369541,11.982232986859628,1307.999,1.2553661118545463,9.439236295327092,38.0,1.0,1.0831,1.0116,1.0957,1.0,2.0,24.7,0.35,2.0,0.0
all_on,12345,24,S-S3a,Mixed,488.7073372724425,45.0,93.32667277772879,19.096638347727822,83.78535458341625,17.14428006156739,93.1964829713591,-4.9278203630446065,8.568950958085452,1572.999,1.1749474629387286,0.0,0.0,1.0,1.2119,1.0,1.2119,0.0,0.0,0.0,0.35,1.0,0.0
all_on,12345,25,S-S3a,Mixed,238.0199395775557,30.0,14.391515645714641,6.046348751813439,13.557956248359345,5.696143051049578,-14.211514181934158,2.2690498534703107,35.205673934005546,1734.999,1.0029855176258746,0.0,0.0,1.0,0.85,0.9936,0.8446,0.0,0.0,0.0,0.35,2.0,1.0
all_on,12345,26,S-S3a,Mixed,207.11840865271077,45.0,24.677957900354023,11.914903200001502,89.55328945011077,43.237725720590454,-24.66060685095048,-0.9252436838476132,59.09801107283721,1779.999,1.0538664358619538,0.0,4.5,1.0,0.85,1.0,0.85,1.0,2.0,4.1,0.35,5.0,1.0
all_on,12345,27,S-S3a,Mixed,257.0707501113978,60.0,11.234327366284424,4.3701305424347945,78.23400210368087,30.432868021655253,-10.947627097889033,2.5218192438025424,76.08569993398362,1904.999,1.0980094607350686,0.12866225394381572,3.1,0.9554180286286602,0.9652,1.0,0.9652,4.0,1.0,1.2,0.35,7.0,1.0
all_on,12345,28,S-S3a,Mixed,98.90739891707942,30.0,15.075413521052257,15.24194720123109,16.723555611770493,16.908295835168964,-14.912607338646154,2.2095780579291717,7.116422878176365,2291.9990000000003,0.7905322866450657,0.0,0.0,0.92,0.8525,1.0,0.8525,5.0,0.0,0.0,0.35,3.0,1.0
all_on,12345,29,S-S3a,Mixed,294.92856772094046,30.0,382.6726289163392,129.75095355239426,302.45483347984236,102.55189445263342,-295.2520465369539,-243.4431554541689,82.60168193178083,2363.9990000000003,0.7797568430563432,0.0,0.0,0.9715801373561405,0.85,1.0,0.85,7.0,0.0,0.0,0.35,2.0,0.0
all_on,12345,30,S-S4,Arterial,458.8808663714479,75.0,10.254397903506018,2.234653622538588,48.33129078225389,10.532426676324178,-9.83949288111971,-2.8873960943769315,61.86598433255409,1727.999,0.9293999720658457,0.0,0.6000000000000001,1.0014233801748662,1.0352,1.0,1.0352,4.0,1.0,9.0,0.35,3.0,0.0
all_on,12345,31,S-S4,Arterial,232.91056931938414,30.0,4.715119051897654,2.0244332688191298,131.42244051462362,56.42613853835352,-4.6949915530143365,-0.43520339002845243,75.64237650714745,2790.0,1.106904071152855,0.0,0.0,1.08,1.0461,1.0,1.0461,7.0,0.0,0.0,0.35,3.0,1.0
all_on,12345,32,S-S4,Arterial,291.3009575322234,45.0,2.3529921345321245,0.8077529694600606,9.513279184017863,3.265790564030506,1.3621768525710154,-1.918605276624081,10.18324451063512,4613.999000000001,0.9530646745270728,0.0,0.0,1.0,1.0333,1.0,1.0333,2.0,0.0,0.0,0.35,2.0,0.0
all_on,12345,33,S-S4,Arterial,211.5995001088083,30.0,69.1182978864605,32.66467919391049,67.22613948616191,31.770462336438893,-68.85576121777899,6.018575399685133,43.28731473558685,4906.999000000001,0.6636360053425935,0.0,0.0,1.0,0.85,1.0,0.85,2.0,0.0,0.0,0.35,3.0,1.0
all_on,12345,34,S-S4,Arterial,674.9360141089741,75.0,141.9425322671042,21.030516863808426,144.39749057484994,21.394248870461926,-112.48630269354156,-86.57086214619136,113.62481737862936,4970.0,0.7877242484963838,0.0,0.0,0.9390796026846042,0.85,1.0,0.85,4.0,0.0,0.0,0.35,4.0,1.0
all_on,12345,35,S-S4,Arterial,183.4425225563541,60.0,7.030931069699769,3.8327705985071403,33.19550089774174,18.09585936518289,-7.024523200600346,-0.3001091652999205,47.99457617132933,5222.0,0.6108718740980277,0.0,2.0,1.0,1.1499,1.0,1.1499,2.0,1.0,32.4,0.35,1.0,0.0
all_on,12345,36,S-S4,Arterial,1115.3688392277472,45.0,754.1035123701114,67.61023670808602,526.4880574955182,47.20304521507388,-738.9694940427603,-150.3203054917255,36.954611300572964,6710.0,0.6394506124316153,0.0,0.0,1.0,1.25,1.0,1.25,2.0,0.0,0.0,0.35,0.0,0.0
all_on,12345,37,S-S4,Arterial,343.6883113248635,30.0,9.9128964504046,2.8842692997594157,14.718770748693819,4.282592763179903,9.839989749195254,-1.2000490707368772,2.787836943319064,7087.999000000001,0.9402642132727975,0.0,0.0,1.0,1.1908,1.0,1.1908,1.0,0.0,0.0,0.35,3.0,0.0
all_on,12345,38,S-S4,Arterial,716.5876912876818,60.0,50.34075588746927,7.025065668796065,67.11925610768418,9.36650976896817,50.31035226301358,-1.7493308701493246,63.11960774710849,7606.000000000001,1.0270777840862697,0.0,0.0,1.0,1.25,1.0,1.25,0.0,0.0,0.0,0.35,1.0,0.0
all_on,12345,39,S-S4,Arterial,403.4263825753887,45.0,67.02597077337445,16.614176382192667,141.2801548678606,35.020058422049146,66.85039156449203,-4.8482889546046195,16.508793435014752,8011.999000000001,1.1310715217697414,0.0,0.0,0.92,1.0512,1.0,1.0512,4.0,0.0,0.0,0.35,4.0,0.0
all_on,987654,1,S-M,Highway,427.08928122812824,60.0,73.26602371714316,17.15473249678874,86.62910533288502,20.283605592670536,-73.18130078377477,-3.5224206045939876,4.341152341636132,8726.866,0.844080153945552,0.0,0.0,1.0,0.9602,1.0,0.9602,2.0,0.0,0.0,0.35,1.0,0.0
all_on,987654,2,S-M,Highway,818.6155364482948,75.0,22.890976066229463,2.7963036427998818,205.8166278515825,25.142037829449652,22.856759751824377,1.251127056725772,8.703566908894288,8906.865,1.000355517564662,0.0,0.0,1.0,0.8765,1.0,0.8765,0.0,0.0,0.0,0.35,6.0,0.0
all_on,987654,3,S-M,Highway,423.20936379262923,30.0,44.692198629398966,10.56030476946109,47.530324292510194,11.230924539703674,44.63570224632874,-2.246486881051113,14.912821023935777,9365.866,1.0664857388856286,0.0,0.0,1.0,1.1239,1.0,1.1239,2.0,0.0,0.0,0.35,3.0,0.0
all_on,987654,4,S-M,Highway,385.85668169977976,60.0,86.19253357925186,22.337965795889716,114.9310988043344,29.785955318445893,31.63880390650633,80.17567543947541,70.81411390470277,9698.866,1.2392956850425545,1.0231942574747859,1.7000000000000002,1.0,0.9401,1.0,0.9401,1.0,0.0,0.0,0.35,2.0,0.0
all_on,987654,5,S-M,Highway,127.49065222729283,45.0,28.36749896076966,22.250650118406742,30.901706212774343,24.238409383679503,-28.364028077069584,0.4437437689431576,4.680204747761309,9797.965,0.8427151675817797,0.04127545585240478,11.8,1.0,0.85,1.0,0.85,1.0,4.0,14.3,0.35,0.0,0.0
all_on,987654,6,S-M,Highway,498.83433485424433,45.0,130.08524278435135,26.077844625984152,220.07717085409746,44.11828847314657,130.05997943316947,-2.5636185572665156,46.63855818965044,9865.865,1.250850801122987,0.0,0.0,1.0,1.35,1.0,1.35,1.0,0.0,0.0,0.35,3.0,0.0
all_on,987654,7,S-M,Highway,427.1267600882112,30.0,8.038980861284509,1.8821065811058715,30.311451182905746,7.096593801953724,-6.610843999058085,-4.574052350839063,11.10581459467349,9999.866,0.9890984456271114,0.0,0.0,1.0,1.35,1.0,1.35,2.0,0.0,0.0,0.163,0.0,0.0
all_on,987654,8,S-M,Highway,485.52801697754387,75.0,43.10040105297373,8.877016268036941,203.92771614149586,42.00122526625023,27.063816887097367,33.54391727912592,16.57254435796355,10152.865,1.1201284600441046,2.7848288950497353,15.4,1.0,1.0051,1.0,1.0051,2.0,1.0,6.7,0.35,2.0,0.0
all_on,987654,9,S-S2,Arterial,263.72929562995785,60.0,86.2239847424439,32.69412468436042,86.2268865319462,32.69522497528387,-84.09247977680593,-19.05335639336769,169.1233441392394,7618.101000000001,1.0413775855426646,0.0,0.0,0.92,0.975,1.0,0.975,5.0,0.0,0.0,0.35,2.0,0.0
all_on,987654,10,S-S2,Arterial,113.8174453501425,30.0,60.07583746016733,52.78262684191595,111.52436828243407,97.9853026391041,39.92152586509077,44.89296179963328,74.36201241863819,7798.099,1.0239102485630576,0.754396934513637,0.9,0.92,0.8794,1.0,0.8794,6.0,0.0,0.0,0.35,1.0,0.0
all_on,987654,11,S-S2,Arterial,280.8252391519308,30.0,76.04238390431958,27.07818717931527,49.97599529046157,17.79611955157057,75.88294910706071,-4.921603871417908,43.94620674473248,8033.1,1.1943995745613805,9.503950419041791,5.2,0.9757847894796773,1.25,1.0,1.25,5.0,1.0,0.2,0.35,0.0,0.0
all_on,987654,12,S-S2,Arterial,347.2174278735249,45.0,194.38659285413004,55.98411175516686,191.17124884014243,55.058079892745816,-139.30925442689835,-135.5694623152981,80.50180933041867,8206.2,1.294653272403676,0.0,0.0,1.0,1.1062,1.0,1.1062,2.0,0.0,0.0,0.35,0.0,0.0
all_on,987654,13,S-S2,Arterial,566.2036149193818,75.0,16.023774059597457,2.8300373995102417,107.58595169721754,19.001283083036487,-6.572185461244698,14.613956116535737,56.884325587289084,8386.201000000001,0.9348799537931276,5.193206920147146,5.9,0.9978385414543112,0.9263,1.0,0.9263,9.0,1.0,1.2,0.35,0.0,0.0
all_on,987654,14,S-S2,Arterial,265.2414706002461,45.0,19.416856698495245,7.320445273717778,152.01704239492378,57.31269776589104,-18.11860022276446,-6.980734203329859,45.77417672348645,8854.1,0.8493392304667662,0.0,1.5,1.08,0.8898,1.0,0.8898,4.0,0.0,0.0,0.35,3.0,0.0
all_on,987654,15,S-S1,Urban,242.83061682813025,60.0,70.95106113443727,29.218334187510937,66.43192347500003,27.35730952823753,70.52513390144001,-7.762639002723983,10.59820143225815,4216.0,1.2205366241431683,1.3876576329218673,31.6,0.9814708360150064,1.2345,0.9803,1.2102,3.0,1.0,28.1,0.35,2.0,0.0
all_on,987654,16,S-S1,Urban,254.781794447736,30.0,28.35234874790498,11.128090533062387,21.47306830476941,8.428023027043336,28.246835769304997,2.4437570551797725,71.0186966093849,4331.0,1.0302312468744939,0.0,0.0,1.0,1.1866,1.0,1.1866,0.0,0.0,0.0,0.35,2.0,1.0
all_on,987654,17,S-S1,Urban,191.77579845013074,45.0,6.689744970041179,3.488315535174672,30.276388017306896,15.787387283479335,-6.554882694337316,-1.3364881696702136,1.1715644256576638,4592.999000000001,0.8818392116257442,0.0,22.5,0.92,1.0269,1.0,1.0269,3.0,1.0,18.9,0.35,0.0,0.0
all_on,987654,18,S-S1,Urban,105.77425225241359,30.0,13.894087770182903,13.13560481337826,21.38937478457782,20.221721571271853,-13.205344556153454,-4.320248849176913,12.405228723436323,4788.0,0.9485205998124332,1.1753143739481164,14.4,1.0,1.016,1.0,1.016,2.0,1.0,14.0,0.35,2.0,0.0
all_on,987654,19,S-S1,Urban,284.2776100888617,45.0,19.24993473222585,6.7715268628466925,21.82748623409381,7.6782291181042375,18.404326460608623,-5.642761267880866,32.40741184661624,4999.900000000001,1.01746948041027,0.0,18.2,1.0,1.1741,1.0,1.1741,0.0,1.0,11.9,0.35,2.0,0.0
all_on,987654,20,S-S1,Urban,155.02425348000529,75.0,62.29587682112005,40.1846004239297,59.08514984781626,38.11348774237893,32.96215563932083,-52.860879339274646,156.89782481313244,5065.999000000001,0.8274064811163897,0.0,30.700000000000003,1.0,0.8963,1.0,0.8963,0.0,2.0,31.5,0.35,1.0,0.0
all_on,987654,21,S-S3a,Mixed,666.7759832065091,60.0,51.162058669292364,7.673050613379219,61.297610042619986,9.193134063983726,-49.98788503949053,-10.898054714433819,17.793435567023266,143.999,0.9296262414595451,0.0,0.0,1.0,1.0954,1.0,1.0954,1.0,0.0,0.0,0.35,3.0,0.0
all_on,987654,22,S-S3a,Mixed,343.4174747817301,60.0,3.8319104886062534,1.115816977875615,109.70102381511157,31.943925941694012,2.621587723646364,-2.7947836767659298,37.22878171029353,519.0,1.0118456461505376,0.0,17.1,1.0,1.178,1.0,1.178,2.0,4.0,17.9,0.35,3.0,0.0
all_on,987654,23,S-S3a,Mixed,389.703307789954,30.0,8.215124491319616,2.10804587159098,14.892396579892218,3.8214704063838902,-5.531533654481138,6.073747264845807,66.67658664791507,758.999,0.9662820723847746,0.0,0.0,1.0,1.25,1.0,1.25,0.0,0.0,0.0,0.35,1.0,0.0
all_on,987654,24,S-S3a,Mixed,338.24202909803245,30.0,33.01152734497382,9.75973548674701,43.40788503103314,12.833380034641484,33.00208852327782,0.7893609755296396,9.931923731117934,1253.999,1.0789238425291905,0.0,0.0,1.0,1.1503,1.0,1.1503,1.0,0.0,0.0,0.35,0.0,0.0
all_on,987654,25,S-S3a,Mixed,391.5396147133529,45.0,45.950777467384256,11.735920387270376,35.08177224154914,8.95995473337547,45.45520373794893,-6.730408828490511,8.766471779883972,1653.999,1.0773982536216031,0.0,0.0,1.0,1.032,1.0159,1.0484,0.0,0.0,0.0,0.35,1.0,0.0
all_on,987654,26,S-S3a,Mixed,213.90171974270731,30.0,32.02464373022422,14.971662578844718,45.086155882159076,21.077977276849932,1.0500319841150045,-32.00742474614484,106.00368365829371,1762.0,1.0632724780358018,0.0,0.0,1.0,0.85,1.0,0.85,0.0,0.0,0.0,0.35,2.0,1.0
all_on,987654,27,S-S3a,Mixed,649.9862446243249,75.0,124.77798956384811,19.197020028626383,297.1060097835349,45.70958420131713,67.05744930591555,-105.22758750527524,62.619423094812106,1832.999,1.256070203774815,0.0,0.0,1.0,1.25,1.0,1.25,2.0,0.0,0.0,0.35,3.0,0.0
all_on,987654,28,S-S3a,Mixed,117.86811273614683,45.0,27.3425515038343,23.197581490968517,102.29598144583923,86.78851223726087,-27.051374054471225,3.9797342254115797,5.849567194954204,2111.9990000000003,1.4194131616359413,0.0,0.0,0.92,1.0459,1.0,1.0459,4.0,0.0,0.0,0.35,3.0,1.0
all_on,987654,29,S-S3a,Mixed,744.0517077882085,75.0,46.576257196848445,6.259814567901804,21.167694004205906,2.8449224405558664,37.47704157395801,27.655362758980374,10.512631681673213,2372.9990000000003,1.0232106415346782,0.0,0.0,0.9715801373561405,0.9348,1.0,0.9348,7.0,0.0,0.0,0.35,5.0,0.0
all_on,987654,30,S-S4,Arterial,746.4163097109229,60.0,832.5683894056407,111.5420950177366,861.6256693375663,115.43500029779126,-279.96211630944083,-784.0863067730756,115.82525612826521,1547.999,0.9603222994260713,0.0,0.0,1.0,1.25,1.0,1.25,0.0,0.0,0.0,0.18,5.0,0.0
all_on,987654,31,S-S4,Arterial,897.9297776571389,75.0,134.20047824609458,14.9455426900139,201.03568236272832,22.388797806357058,-134.1992889647232,0.5649803918928455,142.99748269650905,2243.0,0.8275672385913584,0.0,0.0,1.0,0.9097,1.0,0.9097,1.0,0.0,0.0,0.35,1.0,0.0
all_on,987654,32,S-S4,Arterial,201.7132984681376,30.0,9.692262161823574,4.804969347796647,24.29439640119652,12.044023168375304,-8.899002113117932,3.8402743657503913,62.65873616472071,2745.0,0.8023651759061347,0.0,0.0,0.9914977679932312,0.85,1.0,0.85,7.0,0.0,0.0,0.35,1.0,1.0
all_on,987654,33,S-S4,Arterial,909.1128397279243,45.0,257.1187387052587,28.28237898193234,252.71800099903083,27.7983095117943,-255.78154968660817,-26.188635575383984,49.39721231044493,6682.999000000001,0.7183903843923831,0.0,0.0,1.0,1.25,1.0,1.25,2.0,0.0,0.0,0.35,0.0,0.0
all_on,987654,34,S-S4,Arterial,579.2657750776938,45.0,41.80078810512723,7.2161674146070025,271.91375590771304,46.941105034427885,41.7992167059704,-0.36244858541745373,38.446659540798436,7588.000000000001,1.009711925713084,0.0,0.0,1.0,1.115,1.0,1.115,1.0,0.0,0.0,0.35,4.0,0.0
all_on,987654,35,S-S4,Arterial,750.5722351617737,45.0,68.93133805307565,9.183837987055119,136.89766866029277,18.23910641069566,-66.90478444954111,-16.591539517110398,29.538835895551927,7678.000000000001,0.8845614268263622,0.0,0.0,1.0,1.25,1.0,1.25,0.0,0.0,0.0,0.35,1.0,0.0
all_on,987654,36,S-S4,Arterial,709.3914725673854,60.0,115.88476585445487,16.33579910892528,172.81469130785825,24.360976694915443,-115.8567296160159,-2.548952691443425,104.6741934540791,7876.999000000001,0.9092357032413657,0.0,0.0,1.0,1.2141,1.0,1.2141,2.0,0.0,0.0,0.35,3.0,0.0
all_on,987654,37,S-S4,Arterial,448.2073809849286,30.0,55.05459568966415,12.283286270003531,60.00831377108069,13.388515298256214,-55.00432879622649,-2.3520884823909185,5.096915866555264,8357.0,0.8773208319946499,0.0,0.0,1.0,1.2463,1.0,1.2463,1.0,0.0,0.0,0.35,1.0,0.0
all_on,987654,38,S-S4,Arterial,265.2023800060632,30.0,33.11630432169258,12.487182174208037,72.88694201172545,27.483517308577348,-33.10626729488541,0.8152776990418111,107.7620341483152,8671.999,0.8864832600326286,0.0,0.0,1.0,1.1422,1.0,1.1422,1.0,0.0,0.0,0.35,2.0,1.0
all_on,987654,39,S-S4,Arterial,934.3708203197764,75.0,1289.1071098212767,137.96525766719645,1286.0114605590152,137.6339492407195,-1286.74755553853,77.96068821773669,62.05393412875401,9098.900000000001,0.7985544100017278,0.0,0.0,1.0560614480319441,1.2161,1.0,1.2161,4.0,0.0,0.0,0.35,3.0,0.0
all_on,314159,1,S-M,Highway,251.82914529169057,30.0,83.5549101833077,33.1792057216122,90.49366838159456,35.93454930594982,83.25770585485007,-7.041124308509222,7.202618749303639,8780.866,1.2980770484164594,0.0,0.0,1.0,1.2133,1.0224,1.2405,2.0,0.0,0.0,0.35,1.0,0.0
all_on,314159,2,S-M,Highway,448.95398291648814,45.0,28.19230933645444,6.279554343924511,52.98912734455229,11.802797026172952,28.140601226785112,-1.7067127225741447,24.465422576371026,8879.866,1.0111929350012323,0.0,0.0,1.0,0.9237,1.0,0.9237,0.0,0.0,0.0,0.35,2.0,0.0
all_on,314159,3,S-M,Highway,1174.598854097475,75.0,81.14087567372819,6.907964824814537,348.44890783804965,29.665353973615687,81.12074425730246,-1.8073616795609837,48.25895541818525,9410.865,1.0409566094486646,0.0,0.0,1.0,1.2027,1.0,1.2027,2.0,0.0,0.0,0.35,7.0,0.0
all_on,314159,4,S-M,Highway,954.223430562703,75.0,10.514464373612437,1.1018870462457713,298.511441667836,31.28318086800746,10.501822962003356,-0.5154372306151993,43.6778569161626,9545.865,0.9758713124428161,0.0,0.0,1.0,1.0027,1.0,1.0027,0.0,0.0,0.0,0.35,4.0,0.0
all_on,314159,5,S-M,Highway,454.7242394214451,60.0,11.363224296969673,2.4989264507709845,51.49693682404883,11.324871726558811,-10.861845888914349,-3.338138749170917,11.2480215915202,9662.865,0.9279475399226328,0.0,0.0,1.0,0.85,1.0,0.85,1.0,0.0,0.0,0.35,4.0,0.0
all_on,314159,6,S-M,Highway,285.0293085231636,30.0,55.13654806836775,19.34416792225665,73.77389904603461,25.88291689310231,54.82502489320605,-5.85282652696673,9.033752640843346,9910.865,1.188108601888634,0.0,0.0,0.92,1.0504,0.9916,1.0416,3.0,0.0,0.0,0.35,1.0,0.0
all_on,314159,7,S-M,Highway,944.5454113194985,60.0,36.02484055221392,3.8139871434967234,141.7191222458476,15.003950106313118,35.78635123734797,-4.138381559208792,18.75262890021375,10026.865,1.0184532511518976,0.0,0.0,0.92,1.35,1.0,1.35,3.0,0.0,0.0,0.35,1.0,0.0
all_on,314159,8,S-M,Highway,54.67298308472394,45.0,13.834911447433258,25.304841014425715,13.834911447433258,25.304841014425715,9.236901519013859,10.299729369568858,122.02641331691109,10543.866,1.272570348531903,0.0,22.900000000000002,1.0,1.2325,1.0,1.2325,1.0,2.0,20.3,0.35,2.0,0.0
all_on,314159,9,S-S2,Arterial,498.960672253589,75.0,58.44183102293628,11.712712899591839,100.45685073478815,20.13322017566397,-18.588876786357943,55.40668978683928,140.19073046954043,7573.200000000001,1.2612443854141866,0.0,0.0,0.9671355724472019,1.25,1.0,1.25,3.0,0.0,0.0,0.35,1.0,0.0
all_on,314159,10,S-S2,Arterial,632.0199215559988,60.0,64.44864088219587,10.19724832779429,128.12549977816906,20.272383101901443,-43.243451795374625,47.787353854166916,164.23268447664486,7970.1990000000005,0.8220459543368869,0.0,0.0,1.0127026106104007,0.9988,1.0,0.9988,3.0,0.0,0.0,0.35,2.0,0.0
all_on,314159,11,S-S2,Arterial,280.67219450907874,45.0,93.09888348718552,33.169970274406396,101.0698286157805,36.009918543075074,75.37893021730518,-54.63898778212479,100.37056865201487,8359.2,1.0225100258967004,0.0,0.0,1.0695963313132184,0.9302,1.0,0.9302,7.0,0.0,0.0,0.35,0.0,0.0
all_on,314159,12,S-S2,Arterial,391.759845436425,30.0,94.28080021265644,24.06596829943777,137.39841101752842,35.07210159950544,-34.54066884301699,87.7257743460602,34.00228920925076,8647.1,0.7700691287897441,0.0,0.0,0.9840657373687399,0.9764,1.0,0.9764,5.0,0.0,0.0,0.35,1.0,0.0
all_on,314159,13,S-S2,Arterial,198.4000418380012,30.0,47.164296261243706,23.772321731542064,118.90890606449763,59.93391178898534,-38.49119309407074,-27.25617170501625,44.48569425383468,8845.101,0.9093978937361495,0.0,0.0,1.08,0.85,1.0,0.85,4.0,0.0,0.0,0.35,1.0,0.0
all_on,314159,14,S-S2,Arterial,328.3427892753167,45.0,195.24321698854956,59.46322665390936,69.99414435547119,21.31739957193969,-160.29444634469664,-111.47019445163365,15.936669610460086,9312.1,0.9594537884795299,0.0,0.0,1.0,1.25,1.0,1.25,1.0,0.0,0.0,0.35,4.0,0.0
all_on,314159,15,S-S1,Urban,350.4209584234263,30.0,43.86190467613072,12.516918187048272,40.06757750768474,11.434127024808156,43.68576293501785,-3.926932467384516,0.15726411144245844,4207.0,1.1596606961347231,0.0,0.0,0.9814708360150064,1.25,1.0,1.25,3.0,0.0,0.0,0.35,2.0,0.0
all_on,314159,16,S-S1,Urban,375.2656671401586,60.0,62.30208842883839,16.60212854099682,91.95602197725415,24.504245932764572,-61.07224683133674,12.317909301788129,98.93584023408619,4375.999000000001,0.8483087982211326,0.0,6.7,1.0,0.8971,1.0,0.8971,1.0,1.0,4.7,0.35,4.0,1.0
all_on,314159,17,S-S1,Urban,301.4854626724725,45.0,7.79849165090561,2.5866891165421553,39.77770883251404,13.193906094148131,7.416980370024025,-2.409330658071403,16.987906385609648,4457.999000000001,1.0494808006620269,0.0,0.0,1.0,1.25,1.0,1.25,2.0,1.0,0.8,0.35,3.0,1.0
all_on,314159,18,S-S1,Urban,110.71098871230231,30.0,80.11258744218321,72.36191129172079,97.05774441961726,87.66767016401157,77.19242141738083,-21.432609323247092,101.77747471417734,4557.0,1.3531567369066662,0.0,0.0,0.92,1.1117,1.0,1.1117,4.0,0.0,0.0,0.35,0.0,0.0
all_on,314159,19,S-S1,Urban,329.19584120109806,75.0,62.53037585376483,18.994886334413465,60.597172734849856,18.407636169933404,62.41933902987325,3.7247844886433725,10.907096240371175,4700.0,1.2218814533693207,5.63141199919178,9.1,1.0,1.2356,1.0,1.2356,1.0,1.0,5.5,0.35,4.0,1.0
all_on,314159,20,S-S1,Urban,133.1744210584332,45.0,50.39266248248484,37.83959568359899,117.0213535267626,87.87074319280644,-17.619940401158658,-47.211843136370476,29.913070422902194,5123.999000000001,1.7748101660289242,0.0,6.6000000000000005,1.0,1.25,1.0,1.25,1.0,2.0,5.1,0.35,3.0,0.0
all_on,314159,21,S-S3a,Mixed,235.67019116312846,30.0,3.865419326553001,1.6401816909790674,129.32695251781493,54.87624543415257,-3.738283553580193,-0.9832103758206087,16.44704418311602,98.99900000000001,1.1652554031295106,0.0,0.0,1.0,1.25,0.9861,1.2326,0.0,0.0,0.0,0.35,2.0,1.0
all_on,314159,22,S-S3a,Mixed,254.06524017411385,30.0,25.084627457962448,9.873301613700349,33.89574105529773,13.341353202062816,25.047665827655553,-1.3612388808948657,3.336568105106153,189.0,1.0717759964090694,0.26216881388979013,5.7,1.0,1.068,1.0331,1.1034,1.0,1.0,0.9,0.35,2.0,0.0
all_on,314159,23,S-S3a,Mixed,475.09849544200557,45.0,40.4348625285639,8.51083784025574,116.2988693126155,24.478896571629303,40.14583236047571,-4.825997491549563,13.407698019697307,254.99900000000002,1.123070930758307,0.0,8.3,1.0,1.2387,1.0,1.2387,2.0,1.0,7.8,0.35,0.0,0.0
all_on,314159,24,S-S3a,Mixed,333.3256230673337,45.0,37.382030694919216,11.214868617336336,23.969176483805583,7.1909192768428944,37.300241713232914,-2.4714746630872293,1.9845066731223255,378.0,1.0372134337613328,0.0,7.800000000000001,1.0,1.1828,1.0,1.1828,1.0,1.0,9.5,0.35,0.0,0.0
all_on,314159,25,S-S3a,Mixed,343.4174747817301,75.0,3.8319104886062534,1.115816977875615,109.70102381511157,31.943925941694012,2.621587723646364,-2.7947836767659298,36.96045690671457,519.0,1.011065336643907,0.0,31.700000000000003,1.0,1.178,1.0,1.178,2.0,4.0,32.6,0.35,3.0,0.0
all_on,314159,26,S-S3a,Mixed,760.9367917587459,60.0,157.86145527154395,20.745672568503394,172.21095694128041,22.63144045686776,-157.63508450135748,-8.450987794308709,7.191247009157536,623.999,0.7933670444136052,0.0,0.0,1.0,1.25,1.0,1.25,1.0,0.0,0.0,0.35,0.0,0.0
all_on,314159,27,S-S3a,Mixed,603.876045450248,30.0,123.60004417933644,20.467783928600884,138.30328482233026,22.9025949719883,-122.49618468908868,-16.481979788562867,3.056138112276642,867.0,0.7815584233095269,0.0,0.0,0.92,1.25,1.0,1.25,3.0,0.0,0.0,0.35,1.0,0.0
all_on,314159,28,S-S3a,Mixed,1516.8425334734472,75.0,182.79580262027469,12.051073106559521,222.67888073000742,14.680421719193932,-180.30512306033614,30.072712777324412,16.52104735090643,993.0000000000001,0.8655237389781679,0.0,0.0,1.0,1.25,1.0,1.25,2.0,0.0,0.0,0.35,3.0,0.0
all_on,314159,29,S-S3a,Mixed,604.9259033017199,60.0,68.00054332170258,11.241135972282185,52.68668385133802,8.709609485024712,67.54013590576571,-7.8996160588630175,0.7582972234754095,1546.0,1.0669875392555248,0.0,0.0,1.0,1.25,1.035,1.2938,0.0,0.0,0.0,0.35,0.0,0.0
all_on,314159,30,S-S3a,Mixed,294.225288472987,45.0,151.7386833249007,51.57227786653421,165.90768892137692,56.387977315759855,143.20582386608223,50.16692165173317,160.00498969218347,2219.9990000000003,0.7571267290121636,0.0,0.0,0.92,0.85,1.0,0.85,5.0,0.0,0.0,0.35,3.0,0.0
all_on,314159,31,S-S4,Arterial,509.6097765756361,45.0,206.4123312652218,40.50399751987218,86.4116302944425,16.956431031424163,-84.81223678119697,-188.1832484322498,108.8012842439316,693.0,1.0254458448254948,0.0,0.0,1.0,1.2027,1.0,1.2027,1.0,0.0,0.0,0.35,0.0,0.0
all_on,314159,32,S-S4,Arterial,616.3999516839654,45.0,65.27649364662548,10.58995761896059,149.93030063097598,24.323541918096513,-65.23207161087787,-2.407790719983158,16.56110449225571,1521.0,0.9119827485276124,0.0,0.0,1.0,1.25,1.0,1.25,0.0,0.0,0.0,0.18,5.0,0.0
all_on,314159,33,S-S4,Arterial,625.5146730841803,60.0,219.77422911757657,35.134943842956,141.5534303431192,22.629913642980085,-179.00654086954896,127.50439251313475,137.0710971344751,2234.0,0.8158402215661288,0.0,0.0,1.0,0.85,1.0,0.85,2.0,0.0,0.0,0.35,1.0,0.0
all_on,314159,34,S-S4,Arterial,440.756279466452,45.0,13.536829141382396,3.071273121229064,73.61704089926572,16.702437226392156,-0.5877930484616982,13.524061613848104,86.73646106741523,2546.0,0.9466592325299273,0.0,0.0,1.0,0.8922,1.0,0.8922,2.0,0.0,0.0,0.35,1.0,0.0
all_on,314159,35,S-S4,Arterial,226.64428517034582,30.0,19.318929626239544,8.523898853977032,13.800165831333086,6.088909685483966,19.206848599893533,-2.0779818970250643,35.84971844831074,4348.999000000001,1.024598693597453,0.0,0.0,1.0504590331114143,0.9787,1.0,0.9787,5.0,0.0,0.0,0.35,0.0,0.0
all_on,314159,36,S-S4,Arterial,627.4258978727169,75.0,51.435606090779004,8.197877433043658,102.35314072276877,16.313183926547563,-51.30680240962552,3.637801592366891,7.618954950481822,5332.0,0.9131451668367268,0.0,1.1,1.0,1.1288,1.0,1.1288,2.0,1.0,13.2,0.35,5.0,0.0
all_on,314159,37,S-S4,Arterial,363.68766426295684,30.0,53.54572678328079,14.722997793118894,47.34279348829642,13.017431752666264,53.52490794629392,1.4930124214203957,25.919816985658997,5712.0,1.094590339721457,0.0,0.0,1.0,1.25,1.0,1.25,1.0,0.0,0.0,0.35,2.0,0.0
all_on,314159,38,S-S4,Arterial,780.2399620221747,60.0,104.33505295564755,13.372174976175124,151.53895972531123,19.422096675561516,-104.31691999323544,-1.9451165473298246,10.212523002529053,5972.999000000001,0.8287888207369072,0.0,0.0,1.0,1.25,1.0,1.25,2.0,0.0,0.0,0.35,1.0,0.0
all_on,314159,39,S-S4,Arterial,182.92241218330372,30.0,6.550868328372827,3.5812278277897973,70.93499666764971,38.77873455799766,-2.0281457741009437,6.229004782039798,69.89052378178096,7525.000000000001,1.1287204154234471,0.0,0.0,0.92,1.1844,1.0,1.1844,3.0,0.0,0.0,0.35,1.0,0.0
all_on,314159,40,S-S4,Arterial,759.6562336548984,75.0,28.28326733361043,3.723166622030135,128.5348879029805,16.920138637521163,28.279241173930526,0.47721032171064426,45.13279910411637,8699.0,1.0766061247219294,0.0,0.0,1.0,1.25,1.0,1.25,2.0,0.0,0.0,0.35,4.0,0.0
