config,seed,scenario_id,trip,domain,dist_m,duration_s,map_err_m,map_drift_pct,pure_err_m,pure_drift_pct,final_at_m,final_ct_m,hdg_seed_err,t_start_s,speed_ratio,creep_m,gt_stop_s,r1_gyro_scale,r1_scale_engine,r1_scale_ekf,r1_scale_effective,r1_gyro_windows
t4_gyro,541098,1,S-M,Highway,301.50211302841956,30.0,76.16961485225094,25.26337679267648,97.0918872404113,32.202721985984695,76.10255862137544,-3.195433933030639,31.091103227815097,8551.867,1.155105146571805,0.0,0.0,1.08,0.9515,1.0,0.9515,3.0
t4_gyro,541098,2,S-M,Highway,600.1756005696226,45.0,94.55530225613131,15.754606179656342,104.318334302209,17.38130210611714,94.18455213704716,-8.365125431946367,9.071130062640918,8861.866,1.12893327928808,0.0,0.0,1.0,1.0193,1.0,1.0193,1.0
t4_gyro,541098,3,S-M,Highway,1174.598854097475,75.0,84.54628860369692,7.197886181206916,346.7142489277777,29.517673009666108,84.52728156550437,-1.792648265990465,48.25895541818525,9410.865,1.0315112616577709,0.0,0.0,1.0,1.2027,1.0,1.2027,2.0
t4_gyro,541098,4,S-M,Highway,326.68651659871364,45.0,59.41456840425837,18.187028048433486,84.50039929469202,25.865897428049756,59.34162416872553,-2.94322606709499,20.624059800463158,9698.866,1.2236945222194744,1.029599105622452,1.7000000000000002,1.0,0.9401,1.0,0.9401,1.0
t4_gyro,541098,5,S-M,Highway,288.585563099286,75.0,13.416992020678782,4.649224956573019,82.81500479517115,28.69686338629462,-9.340436999505748,9.631817665488802,80.9928195909855,9788.866,0.965408496368752,0.04162459833459232,11.8,1.0,0.9492,1.0,0.9492,2.0
t4_gyro,541098,6,S-M,Highway,427.1267600882112,30.0,5.0616828428764755,1.1850540204577968,30.359866859474153,7.107929002904001,-2.371436318326033,-4.471791921589638,11.10581459467349,9999.866,0.9893493722916471,0.0,0.0,1.0,1.35,1.0,1.35,2.0
t4_gyro,541098,7,S-M,Highway,603.3384456646849,60.0,125.33945345170171,20.774319016521144,238.38923550076416,39.51169318211372,48.09471640438397,-115.74487826920542,29.17141243727849,10204.866,1.431593951184757,0.0,0.0,1.0,1.35,1.0,1.35,2.0
t4_gyro,541098,8,S-M,Highway,314.7221984450349,60.0,45.54663855550537,14.472013344003098,125.18185419560628,39.7753494396325,23.570732436938492,-38.9732838761645,8.275879675440592,10467.866,1.1804387345279506,0.9647495530338427,22.8,0.92,1.1067,1.0214,1.1303,5.0
t4_gyro,541098,9,S-S2,Arterial,872.0570921675635,75.0,787.4500672862067,90.29799474813517,863.3923506053644,99.00640203032324,-752.8181287831725,230.9598957491413,160.43264540488082,7663.1,0.6648713080012895,0.15186777130681006,2.2,0.92,0.9121,1.0,0.9121,10.0
t4_gyro,541098,10,S-S2,Arterial,245.71170014260218,30.0,45.02578398451462,18.324639794679406,134.47835910565982,54.730140659811255,-42.98052686032178,-13.416241434520003,4.294718616810371,8260.1,0.8623892624545311,0.0,0.0,0.92,0.8591,1.0,0.8591,5.0
t4_gyro,541098,11,S-S2,Arterial,435.6199448894815,60.0,10.585238335949096,2.4299250895490134,64.35559382400147,14.773335008875396,-10.386546723394815,-2.0413029641831306,123.41967365130239,8377.1,0.9552480050126667,0.0,0.0,0.9978385414543112,0.9191,1.0,0.9191,9.0
t4_gyro,541098,12,S-S2,Arterial,261.9845410038697,45.0,66.4171050746488,25.3515359418355,77.70987606955256,29.66200821307419,-65.75384135663745,-9.362915856884264,156.2642678010033,8746.102,1.1529936599882913,1.819817088215527,1.8,0.9807355335550682,0.9753,1.0,0.9753,3.0
t4_gyro,541098,13,S-S2,Arterial,331.6062735237266,45.0,7.265808115559961,2.1910948904409344,72.23085640358885,21.78211396185202,-6.6339916629294455,-2.963464558303272,158.80680668550212,9213.2,1.0116724199558664,0.0,0.0,1.0,1.25,1.0,1.25,1.0
t4_gyro,541098,14,S-S2,Arterial,202.61192015346592,30.0,29.431172703224927,14.525884104416287,29.431172703224927,14.525884104416287,-14.534347781773459,-25.59192570412608,3.3408625498216793,9339.1,1.022131694217453,0.0,0.0,1.0,1.1369,1.0,1.1369,2.0
t4_gyro,541098,15,S-S1,Urban,399.7366392000315,45.0,78.25175130366809,19.575826589293523,81.42692088020168,20.370141962257048,-78.24961747790567,0.5778811751205701,87.62347932763555,4180.0,0.796186761266525,3.549805101059335,2.5,0.9814708360150064,0.9481,1.0,0.9481,3.0
t4_gyro,541098,16,S-S1,Urban,200.52748296600998,30.0,19.282221720388872,9.615750138177951,27.692723143094614,13.809939033538168,-8.032550874049726,17.52946664705003,75.4051869606287,4313.0,0.9429119915178119,0.0,0.0,1.0,1.25,1.0,1.25,0.0
t4_gyro,541098,17,S-S1,Urban,102.8116693867008,75.0,22.69424188130301,22.07360508459813,22.117462984575234,21.51259980166827,22.66120798621273,-1.2240372431817694,3.9317586851160513,4601.900000000001,1.1833083913634077,0.0,54.2,0.92,1.2471,1.0,1.2471,3.0
t4_gyro,541098,18,S-S1,Urban,98.90032418706596,45.0,5.698669451531908,5.762033136264655,59.993612076584355,60.66068293477872,-5.331271788531158,-2.0130510760124203,169.93039598364027,4717.999000000001,1.5363553725319035,5.6422625606086925,9.1,1.0,1.1989,1.0,1.1989,0.0
t4_gyro,541098,19,S-S1,Urban,361.7536080700408,30.0,25.143545326932934,6.950461520224775,39.51635585973057,10.923555419543906,24.569005109858377,-5.344329660423648,41.46467105785601,4990.999000000001,1.022289359910564,0.0,0.0,1.0,1.25,1.0,1.25,0.0
t4_gyro,541098,20,S-S1,Urban,135.11595351460952,60.0,38.55035199682773,28.531310325733994,103.39789384525209,76.52530375258175,-22.593483957128495,-31.235622640797427,39.337035459604095,5098.901000000001,1.8332196242040024,0.0,21.8,1.0,1.25,1.035,1.2938,0.0
t4_gyro,541098,21,S-S3a,Mixed,325.8588383644856,30.0,82.41679349837223,25.292176794107966,84.65057069547764,25.977681354400683,82.20671579304874,-5.880793235120736,1.7551657388016224,135.0,1.1991031232772622,0.0,0.0,1.0,1.2495,1.0,1.2495,0.0
t4_gyro,541098,22,S-S3a,Mixed,475.17047321369193,45.0,13.365662337256628,2.8128141563303477,15.933795254246402,3.3532797495775193,12.393759296134064,-5.003564751559713,35.176679854921275,419.999,1.0217182575705348,0.0,0.0,1.0,1.25,0.9643,1.2053,0.0
t4_gyro,541098,23,S-S3a,Mixed,1128.3874145740722,75.0,73.79248592675638,6.539640993302866,76.79327391803112,6.80557696108459,-73.409652229772,-7.506926052284619,92.09391047375448,776.999,0.9026078688177088,0.0,0.0,1.0,1.2379,1.0,1.2379,0.0
t4_gyro,541098,24,S-S3a,Mixed,603.876045450248,30.0,123.44757017232608,20.442534705989868,137.38269248974362,22.750147737241598,-122.344188689237,-16.468214093329664,3.056138112276642,867.0,0.7830649055886952,0.0,0.0,0.92,1.25,1.0,1.25,3.0
t4_gyro,541098,25,S-S3a,Mixed,614.3347078381609,45.0,22.344670992202268,3.63721448700709,26.16544124631945,4.259150738592556,19.15941122763443,-11.4978816814299,8.81432858228564,1028.999,0.9376327156545966,0.0,0.0,1.0,1.25,1.0,1.25,2.0
t4_gyro,541098,26,S-S3a,Mixed,892.8209535663941,75.0,92.74266479245351,10.387599486995772,87.25032912529369,9.772432958340664,92.74203627616134,0.3414383642355503,30.735912676330372,1235.999,1.0976085429600844,0.0,0.0,1.0,1.2159,1.0,1.2159,1.0
t4_gyro,541098,27,S-S3a,Mixed,591.9272083319421,60.0,82.85564319457795,13.997606805077629,83.53251304906362,14.111956989518903,-29.98917840992154,77.23798798185456,107.21316428735915,1681.0,0.8779725027967434,0.0,0.0,1.0,0.864,1.0159,0.8777,0.0
t4_gyro,541098,28,S-S3a,Mixed,374.5169547186968,45.0,11.542313811149588,3.0819202350449335,84.34380047212078,22.52068949334275,-11.535563829278228,-0.3946837413706943,22.501865699104087,1950.0000000000002,1.1682834735767065,0.0,0.0,0.9480703002442346,1.25,1.0,1.25,3.0
t4_gyro,541098,29,S-S3a,Mixed,164.32151314371677,30.0,7.119149569163034,4.3324513223880645,78.4460277128019,47.73935330317487,-6.962317584720001,1.486076861273622,153.1200085911421,2085.0,0.9793049483424986,0.0,0.0,1.0,0.85,1.0,0.85,2.0
t4_gyro,541098,30,S-S3a,Mixed,244.21348357269213,60.0,23.001945590388047,9.418786077608745,40.23489624226996,16.47529679920139,-15.255662108202037,17.214943351156887,105.14888430240501,2273.9990000000003,1.0602789835060726,0.0,0.0,0.92,1.0349,1.0,1.0349,5.0
t4_gyro,541098,31,S-S4,Arterial,490.93854491218735,45.0,43.03946921653304,8.766773288137596,44.80193959606576,9.125773492500846,42.75983099924916,-4.898240843052279,4.538823315801039,348.0,1.0766940317430602,0.0,0.0,1.0,1.0948,1.0,1.0948,0.0
t4_gyro,541098,32,S-S4,Arterial,610.8780669596541,75.0,145.7878563118478,23.86529557976035,160.60013438327096,26.29004756752511,-145.33425574805185,11.491438298309149,19.06363086574453,1083.0,0.7295043138321388,0.0,0.0,1.0,1.0915,1.0,1.0915,1.0
t4_gyro,541098,33,S-S4,Arterial,443.4769618838301,60.0,8.972789515489906,2.0232819935842237,61.97491885442634,13.974777537747457,-8.972619028471282,0.055312378367430526,9.303195708201372,1710.0,0.9637108208313696,0.0,0.6000000000000001,1.0554590002866144,0.9862,1.0,0.9862,3.0
t4_gyro,541098,34,S-S4,Arterial,328.2861353219824,45.0,8.613480819659376,2.623772341531052,154.50690775841394,47.06470701446891,-8.266679769233974,2.4195159481965933,27.618620347207468,2790.0,1.1649652900519631,0.0,0.0,1.08,1.0461,1.0,1.0461,7.0
t4_gyro,541098,35,S-S4,Arterial,465.9824416119758,75.0,214.7774554627333,46.09131938957879,202.23352833818478,43.39938810539666,167.79166008974863,-134.0720484641472,111.39732455541744,4258.999000000001,1.727774857948929,0.0,0.0,1.064447741668853,1.25,1.0,1.25,3.0
t4_gyro,541098,36,S-S4,Arterial,739.7297196818564,45.0,115.69987062131364,15.640830365863078,220.79134289563189,29.847569594823092,-115.05445984348542,12.203742537128445,12.875515015389794,5883.001,0.8276514033361829,0.0,0.0,0.92,1.25,1.0,1.25,3.0
t4_gyro,541098,37,S-S4,Arterial,677.8112579079375,30.0,221.47174508234647,32.67454508883762,236.4690030149776,34.887145979964764,-221.47043336040127,-0.762244695566757,1.3927787615772331,6252.0,0.6476920173439092,0.0,0.0,1.0,1.25,1.0,1.25,0.0
t4_gyro,541098,38,S-S4,Arterial,931.746854758649,60.0,322.4702295388552,34.609210419324135,338.6513743626467,36.34585645586835,-316.41561214294023,-62.19493010728766,33.23377379905048,7124.0,0.6694184088720955,0.0,0.0,1.0,1.25,1.0,1.25,1.0
t4_gyro,541098,39,S-S4,Arterial,186.86305768129444,30.0,27.10474437846354,14.50513799506172,39.17141571225992,20.96263231391033,26.827764704810836,3.8649978997609953,118.1309895534481,7344.000000000001,1.1277512084118455,0.0,0.0,1.0,1.25,0.975,1.2188,1.0
t4_gyro,541098,40,S-S4,Arterial,181.31319816687812,30.0,183.16658219303596,101.02220028376092,238.99330160113573,131.81241300546122,-174.40481342871732,-55.97283167012829,88.78109478894385,8877.0,1.3315831496616601,0.0,0.0,1.0,1.1521,1.0,1.1521,2.0
t4_gyro,75496,1,S-M,Highway,445.0656418597341,60.0,84.5217471937732,18.990849718390727,310.9112430611034,69.85739042042016,-84.40100233070622,-4.516254450341693,58.379904344391036,8699.865,0.8180511847677852,0.0,0.0,1.0,0.85,1.0,0.85,1.0
t4_gyro,75496,2,S-M,Highway,1042.662585896704,75.0,40.401195589989,3.874810138626334,216.1328419360026,20.728934255382857,-40.29046195009153,-2.989194029964141,29.956541335906422,8807.866,0.943399933349167,0.0,0.0,1.0,0.9223,1.0,0.9223,2.0
t4_gyro,75496,3,S-M,Highway,374.54070896985667,45.0,68.89733572595075,18.39515280340212,77.54094217367735,20.702941046634777,-64.80739468813134,-23.384705768325077,2.5661000813719284,8987.865,0.8740868824842623,0.0,0.0,1.0,0.85,1.0,0.85,2.0
t4_gyro,75496,4,S-M,Highway,581.9438627961036,30.0,40.62029474134402,6.980105356927907,70.73128562475809,12.154314212527453,-40.291065017879596,5.161242544064336,33.729921940064344,9257.866,0.9010392841708679,0.0,0.0,1.0,1.35,1.0,1.35,0.0
t4_gyro,75496,5,S-M,Highway,881.0026183499426,60.0,75.04193787044048,8.51778829113912,195.54368265663516,22.19558473309365,-73.87568203111604,13.178620708878796,31.483479582047835,9374.965,0.8985441000754955,0.0,0.0,1.0,1.0544,1.0,1.0544,2.0
t4_gyro,75496,6,S-M,Highway,701.9774669971542,45.0,25.46858460835667,3.6281199619274846,159.46110487841543,22.715986249607333,25.236265363466643,-3.432158571178846,19.51871592787532,9500.865,1.035773872631938,0.0,0.0,1.0,1.0919,1.0,1.0919,1.0
t4_gyro,75496,7,S-M,Highway,714.5390436288836,75.0,140.7702267964786,19.70084462866548,140.5858572128511,19.675042038132265,139.81130767058633,-16.402896078823005,29.247687497540795,9590.865,1.179610444717365,0.0,0.0,1.0,1.0637,0.9993,1.063,0.0
t4_gyro,75496,8,S-M,Highway,573.1359150171827,30.0,33.58797849053758,5.860386273215945,49.89769719443615,8.70608452323917,-25.91092120600685,21.372329338116604,9.724339946075503,10098.866,0.9630802562131876,0.0,0.0,1.0,1.35,1.0,1.35,1.0
t4_gyro,75496,9,S-S2,Arterial,218.47241867770953,45.0,3.273998467508448,1.4985866350197048,106.76075039611484,48.86692381687241,-2.85805246704022,1.5970604437193285,73.11668161338903,7771.1990000000005,1.3485369121652548,0.0,0.0,0.92,1.25,1.0,1.25,8.0
t4_gyro,75496,10,S-S2,Arterial,356.1974439331983,60.0,66.31324196920966,18.61698984612762,87.7464889297372,24.634227567953374,-42.443626394284315,-50.950806067905944,61.04358641146081,8116.101000000001,1.1692396329532682,0.0,7.300000000000001,1.0131112080272064,1.25,1.0,1.25,5.0
t4_gyro,75496,11,S-S2,Arterial,188.09413144507553,30.0,13.414961319447368,7.1320467131982825,51.5436866411945,27.403133869833425,-13.393571057034462,-0.7572592306719121,126.67992257282316,8350.1,0.9331907170582713,0.0,0.0,0.9647476104020718,0.85,1.0,0.85,8.0
t4_gyro,75496,12,S-S2,Arterial,497.2582750673289,45.0,5.392152376434136,1.0843766000081219,138.34529293280502,27.821617028710694,-3.542005048026698,-4.06564970090116,96.68511700082259,8611.1,1.0619488347609158,0.0,0.0,0.9969266675853274,1.1373,1.0,1.1373,4.0
t4_gyro,75496,13,S-S2,Arterial,470.34963942815,75.0,56.69701858905138,12.05422813930154,91.71300821077676,19.498900503523554,56.39018962860127,-5.890537372568675,121.11730400064226,8755.1,1.3455263097588384,2.0327978777760163,1.8,1.0,1.0755,1.0,1.0755,2.0
t4_gyro,75496,14,S-S2,Arterial,216.55646042401838,30.0,112.71505619085534,52.048807950665065,112.71505619085534,52.048807950665065,31.06167269061455,108.35061781904525,56.36371712593541,9348.2,1.050869918282009,0.0,0.0,1.0,1.1084,1.0,1.1084,2.0
t4_gyro,75496,15,S-S1,Urban,116.3966216812929,30.0,49.73263143714809,42.72686845956892,50.08043174769481,43.025674649579344,49.57140308128259,-4.001328056560444,3.5775216050885206,4224.900000000001,1.651539915868205,17.816060188526524,10.600000000000001,0.9814708360150064,1.2067,1.0,1.2067,3.0
t4_gyro,75496,16,S-S1,Urban,410.1744865962999,45.0,65.17916941601185,15.890595721074721,80.8361997175952,19.70775910232453,64.99280509697279,-4.925384389880982,46.73435686555641,4322.001,1.1412576662792704,0.0,0.0,1.0,1.25,1.0,1.25,0.0
t4_gyro,75496,17,S-S1,Urban,429.3201913293343,75.0,40.48417581843786,9.429832706699367,42.051141433803416,9.794820342271233,-8.560889075102857,39.5686703079845,147.29130918729845,4385.0,0.8472364695578656,2.657950579180071,9.1,1.0,0.9577,1.0,0.9577,1.0
t4_gyro,75496,18,S-S1,Urban,271.23683041913415,30.0,48.8071122764142,17.99427909587132,96.11777410707191,35.43684460496902,-48.77793433404382,-1.6874035872344049,13.998002824754167,4583.999000000001,0.7933948485748271,0.0,0.0,0.92,0.9319,1.0,0.9319,3.0
t4_gyro,75496,19,S-S1,Urban,298.28230919465443,60.0,21.216568474073373,7.112915456286001,20.599726784446798,6.906117509973994,20.816469620775184,-4.100898723741906,40.43100659600006,4999.900000000001,0.973046358150543,0.0,26.5,1.0,1.1741,1.0,1.1741,0.0
t4_gyro,75496,20,S-S1,Urban,133.1744210584332,45.0,50.93122707605256,38.244001116179334,117.74042965731199,88.41069382659511,-17.199185136568104,-47.93931499417241,29.850496284209925,5123.999000000001,1.794458273603861,0.0,6.6000000000000005,1.0,1.25,1.0,1.25,1.0
t4_gyro,75496,21,S-S3a,Mixed,134.91232747961672,45.0,39.21139693460595,29.064354360449546,36.4849863145449,27.04347852871877,-30.82692835363524,-24.232914348940056,0.38494452546251523,537.0,0.8188852114574265,0.0,20.1,1.0,0.9936,1.0,0.9936,2.0
t4_gyro,75496,22,S-S3a,Mixed,433.9026808716475,30.0,6.847735479971752,1.5781731208057175,10.875366153768883,2.506406766586888,-2.796198508477235,-6.250820354549765,34.434552670667244,714.0,0.9929107382772826,0.0,0.0,1.0,1.25,1.0,1.25,0.0
t4_gyro,75496,23,S-S3a,Mixed,314.4610350854063,30.0,10.2121616874128,3.247512584393555,43.57252634131215,13.856256095283168,-10.105534208552951,1.471877946579796,103.94992736315444,768.0,0.9663466892210784,0.0,0.0,1.0,1.25,1.0,1.25,0.0
t4_gyro,75496,24,S-S3a,Mixed,572.302681471267,60.0,147.6770938416826,25.80401920571761,137.63147593901863,24.048721139170226,96.08640410631668,112.14244063441252,6.675200044193957,903.0,0.8673181488988044,0.0,0.0,0.92,1.1361,1.0,1.1361,3.0
t4_gyro,75496,25,S-S3a,Mixed,1059.8631507836958,60.0,108.33912607581001,10.22199196148113,109.903375363459,10.369581703278676,-108.2510507920992,-4.367635662073498,2.738490691710723,1091.999,0.8893312509463646,0.0,0.0,1.0,1.25,1.0,1.25,1.0
t4_gyro,75496,26,S-S3a,Mixed,804.8478004230153,75.0,231.5522558149147,28.769694803565905,212.54012889127483,26.40749328998192,230.92280071474926,17.06186634081648,23.751114459310912,1609.0,1.2561321588725587,0.0,0.0,1.0,1.1767,1.0,1.1767,0.0
t4_gyro,75496,27,S-S3a,Mixed,575.8224103748213,75.0,16.507723735858157,2.8668081405711097,150.14330886513147,26.074585872300172,16.33660752446354,-2.370695579583369,95.92342952667786,1851.0000000000002,1.2931072751987114,0.0,0.0,1.0,1.1282,1.0,1.1282,2.0
t4_gyro,75496,28,S-S3a,Mixed,372.34095679910627,45.0,459.7685959716223,123.48053244641764,471.27686468192684,126.57132020429347,-189.77096513830384,-418.77696048397115,163.56904331357984,1959.0000000000002,1.2516844526821291,0.0,1.4000000000000001,1.0,1.25,1.0,1.25,2.0
t4_gyro,75496,29,S-S3a,Mixed,379.0118862723627,45.0,437.29144522644503,115.37671008877066,437.29144522644503,115.37671008877066,-146.21879136350626,412.1211874199486,33.01892856242199,2201.9990000000003,0.9399617734350159,0.0,0.0,0.92,1.0538,1.0,1.0538,5.0
t4_gyro,75496,30,S-S3a,Mixed,104.09674927723412,30.0,45.32837351122248,43.544465918433595,93.07550075520257,89.41249501203983,-24.821146842096596,37.92851321388665,127.78745772283166,2426.9990000000003,1.3713888778056356,0.0,0.0,0.96667298723963,0.9208,1.0,0.9208,5.0
t4_gyro,75496,31,S-S4,Arterial,183.87954809499564,30.0,30.24466608056335,16.44808593119795,31.21597475994509,16.976316878818047,-29.667721842362358,-5.879294771398568,20.013852417095165,285.0,0.8905308927449677,0.0,0.0,1.0,1.0062,1.0,1.0062,0.0
t4_gyro,75496,32,S-S4,Arterial,512.020208051412,75.0,40.034205458379574,7.818872151694397,60.386340709931915,11.793741684482208,-7.647909783565499,39.29690932664033,145.35204376840704,1011.0010000000001,0.9540782303414207,0.0,0.9,1.0,0.9403,1.0,0.9403,1.0
t4_gyro,75496,33,S-S4,Arterial,554.9976674046155,60.0,68.9760609799809,12.428171329537244,110.59124668524674,19.926434502403286,-38.67719784129176,-57.11191955677573,36.48475256741551,2207.0,1.017554765089269,0.0,0.0,1.0,0.9516,1.0,0.9516,1.0
t4_gyro,75496,34,S-S4,Arterial,152.28595898599954,75.0,3.5935019795801946,2.359706701463242,3.04440380032772,1.9991362438132647,-3.3322636124164635,1.3450931917945166,0.14318249524896487,2889.0,0.6328213333591912,0.0,2.8000000000000003,1.08,1.111,1.0,1.111,4.0
t4_gyro,75496,35,S-S4,Arterial,257.13661053889035,30.0,4.286749911762634,1.6671099081452225,36.61318676689394,14.23880741453439,-4.218377212936966,0.7625735999699388,72.62400432335411,3129.0,0.9696271832021454,0.0,0.0,1.0,0.969,1.0,0.969,2.0
t4_gyro,75496,36,S-S4,Arterial,1218.2243066778026,45.0,497.01361130787967,40.79820182403653,504.226133346093,41.39025387870966,-484.605627928868,-110.3626531258091,9.881175435602984,6547.999000000001,0.5978965405048263,0.0,0.0,1.0,1.25,1.0,1.25,0.0
t4_gyro,75496,37,S-S4,Arterial,667.7306583481962,45.0,129.09814676521052,19.333865406834548,197.1497528750074,29.525340855653997,-128.26757297735395,-14.620575252397295,53.83324617128929,6691.999000000001,0.7156750614518441,0.0,0.0,1.0,1.25,1.0,1.25,2.0
t4_gyro,75496,38,S-S4,Arterial,1059.3347150652953,45.0,366.1453603883943,34.56370825776495,377.4500024198572,35.63085369071398,-289.03290340478657,-224.77189700526725,15.699015814753494,6791.0,0.632358363055199,0.0,0.0,1.0,1.25,1.0,1.25,2.0
t4_gyro,75496,39,S-S4,Arterial,383.6085289112717,30.0,71.41715798232354,18.617197637657913,105.38126292221992,27.47104273758066,-71.38949919405303,-1.9874252424840329,37.43516587848316,7632.999000000001,0.7483610279953402,0.0,0.0,1.0,1.0211,1.0,1.0211,0.0
t4_gyro,75496,40,S-S4,Arterial,599.2279698380357,60.0,16.74692804384117,2.7947507270676413,117.28930203494639,19.573402434243565,-14.462882991118418,-8.44302164457793,5.513866198158723,8690.0,1.0248364985983471,0.0,0.0,1.0,1.25,1.0,1.25,2.0
t4_gyro,45736,1,S-M,Highway,296.59410644351794,30.0,21.54207554106595,7.263150235646481,48.21302229511826,16.255556414537097,20.78743752378006,-5.651854546246973,4.761905510850909,8578.866,1.0194796107936706,0.0,0.0,1.0,0.85,1.0,0.85,1.0
t4_gyro,45736,2,S-M,Highway,719.1201235373318,60.0,8.364036299029415,1.1630930668282449,123.18526264298723,17.12999798101079,-8.36391971520219,0.044161172241802604,37.704151608560636,8798.866,0.9468034624916019,0.0,0.0,1.0,0.9123,1.0041,0.9161,2.0
t4_gyro,45736,3,S-M,Highway,1064.0307356267638,60.0,115.23512210555744,10.830055772559858,215.1313950910424,20.218532029934263,-115.02339712328778,-6.982226070614339,28.309390082936147,9104.966,0.8650090251964458,0.0,0.0,0.9370728411326007,1.1059,1.0,1.1059,3.0
t4_gyro,45736,4,S-M,Highway,948.1258432643681,45.0,52.01616442064084,5.486208902559895,153.39928210028907,16.179211144813866,-48.01859344127121,-19.997400955050338,46.97197926167922,9257.866,0.9217175741762702,0.0,0.0,1.0,1.35,1.0,1.35,0.0
t4_gyro,45736,5,S-M,Highway,619.7285890006121,75.0,17.94508957702182,2.895636879679936,125.10245889254506,20.18665285303168,-17.800232047289125,-2.2755173016258228,26.888842214058513,9653.866,0.9505823037654169,0.0,0.0,1.0,0.85,1.0,0.85,1.0
t4_gyro,45736,6,S-M,Highway,1045.1212884927832,75.0,168.8672031473233,16.157665622796216,225.9852762940521,21.622875620489534,-161.083675346061,50.677231927209434,83.16486122599468,10098.866,1.0532545734311796,4.866064120700602,0.4,1.0,1.35,1.0,1.35,1.0
t4_gyro,45736,7,S-M,Highway,527.8491336942978,45.0,35.98120448853581,6.816569771879973,83.9336037335203,15.901059294364625,-25.757084734952763,25.124085304788558,34.6262470476326,10366.866,1.0060148165503158,0.0,0.0,0.9718275524353859,1.0705,1.0,1.0705,8.0
t4_gyro,45736,8,S-S2,Arterial,383.51596087782053,45.0,45.30526638826949,11.813137133737888,93.14023596459856,24.285882587888153,43.03140041253539,-14.17271113965534,28.37821249288541,7573.200000000001,1.1593892045371432,0.0,0.0,0.9671355724472019,1.25,1.0,1.25,3.0
t4_gyro,45736,9,S-S2,Arterial,663.8291381419549,75.0,290.76720864425243,43.80151336202329,257.68186009004035,38.81749764876049,-266.8153717863546,-115.56438465755616,111.2691693803815,7645.200000000001,0.893112454026877,0.19276174653103798,2.2,0.92,1.109,1.0,1.109,8.0
t4_gyro,45736,10,S-S2,Arterial,248.0932639985645,30.0,31.584259255144804,12.730800806960868,29.551623802003014,11.911497847911745,31.55729627340829,-1.3047929370330973,48.16639240930374,8269.1,1.0953248780707971,0.0,0.0,0.92,1.0053,1.0,1.0053,6.0
t4_gyro,45736,11,S-S2,Arterial,338.4735134374312,45.0,135.88856268091092,40.14747307724883,227.19699200725822,67.12400911371662,43.96245230397204,128.5807304960772,172.9767264470167,8728.1,1.0729672859224966,1.6416089167792016,1.2000000000000002,0.9412819263012498,0.8946,1.0,0.8946,3.0
t4_gyro,45736,12,S-S2,Arterial,198.4000418380012,30.0,32.26695202285976,16.263581259325825,118.36157935206442,59.658041528393305,-9.783857007674,-30.74788342144743,44.48569425383468,8845.101,0.8898089645076079,0.0,0.0,1.08,0.85,1.0,0.85,4.0
t4_gyro,45736,13,S-S2,Arterial,795.2399514488269,60.0,63.43899151305047,7.977339593851218,237.54836588030005,29.87128167385415,-58.00404651504901,25.691170313415476,58.66950706963871,8935.1,0.8776187159001658,0.0,0.0,1.0703414585166375,1.25,1.0,1.25,3.0
t4_gyro,45736,14,S-S1,Urban,367.78349382229334,45.0,67.77247837412631,18.42727569684593,58.95854336090567,16.03077472242227,67.40131765205817,-7.0831633990590355,1.3391514794338093,4207.0,1.1603757965342245,4.828815583279982,7.7,0.9814708360150064,1.25,1.0,1.25,3.0
t4_gyro,45736,15,S-S1,Urban,519.1869216436147,60.0,99.27239199724136,19.12074204083763,125.99771803746661,24.268276565709638,98.4309814605257,-12.897662639858366,71.96623636623096,4331.0,1.1441227833399907,0.0,0.0,1.0,1.1866,1.0,1.1866,0.0
t4_gyro,45736,16,S-S1,Urban,613.1675124847341,75.0,30.333575689723872,4.947029167739718,86.59022994783365,14.121790242432239,-30.326625169139124,-0.6493227046273997,78.71457381779715,4475.999000000001,1.072336274461852,7.837209009623038,1.0,0.9523646306842768,1.25,1.0,1.25,4.0
t4_gyro,45736,17,S-S1,Urban,459.6583331865379,45.0,37.45584235216307,8.148626849099848,13.880906840342554,3.0198314352563744,-3.825781706159404,-37.25994525823822,59.74319142328039,4673.0,1.0349530651197525,0.0,0.0,1.0,1.25,1.0,1.25,1.0
t4_gyro,45736,18,S-S1,Urban,233.75096190398332,30.0,24.48849569018839,10.476318681523717,159.6852303296242,68.31425591960442,-24.01087675905731,-4.812922026143466,25.769591652919928,4769.999000000001,0.9913916704962307,0.0,0.0,1.0,1.0856,1.0,1.0856,1.0
t4_gyro,45736,19,S-S1,Urban,124.70434194091698,30.0,38.00088477948981,30.47278401701045,98.45662797364861,78.95204484563646,-24.834747312271407,-28.76286790220489,11.054025728457901,5123.999000000001,1.80457952363358,0.0,0.0,1.0,1.25,1.0,1.25,1.0
t4_gyro,45736,20,S-S3a,Mixed,225.05044832033616,30.0,68.70599501956171,30.529152699916327,68.14119487642841,30.27818668436351,-64.79070685017356,22.862153386829313,4.243316116917526,45.0,0.7318974672554234,0.0,0.0,1.0,0.85,1.0,0.85,0.0
t4_gyro,45736,21,S-S3a,Mixed,660.7244543186248,60.0,27.333940776786054,4.136965205105706,18.798478381675498,2.8451313189340808,27.267677113566393,-1.9021312307868916,18.36317266590345,153.0,1.0505113306378644,0.0,0.0,1.0,1.1021,1.0,1.1021,1.0
t4_gyro,45736,22,S-S3a,Mixed,195.4343382075998,30.0,46.86948799157132,23.98221746568624,46.9887883186414,24.04326115338423,46.346447941970915,-6.982525886398654,5.516181061661655,387.0,1.2166176135848337,0.0,7.800000000000001,1.0,1.2405,1.0,1.2405,1.0
t4_gyro,45736,23,S-S3a,Mixed,1229.654966317879,75.0,60.92848157329438,4.954925018986481,141.26843434849246,11.488461252794474,9.40215976017242,-60.19866492432758,115.48264288975588,849.0,0.8903910756752986,0.0,0.0,0.92,1.25,1.0,1.25,3.0
t4_gyro,45736,24,S-S3a,Mixed,1716.616105021255,75.0,399.28100915048464,23.259772990743365,416.9218250710101,24.287423603418183,-398.20460837379983,-29.298705399694185,12.534188113724156,965.999,0.7788933452167709,0.0,0.0,0.92,1.25,1.0,1.25,5.0
t4_gyro,45736,25,S-S3a,Mixed,604.206085632241,30.0,122.90333518023363,20.341293823882562,157.7323010837057,26.105712079787263,-122.88812069279265,-1.9338022180354582,11.64850522003087,1074.0,0.8008324579434699,0.0,0.0,1.0,1.25,1.0,1.25,1.0
t4_gyro,45736,26,S-S3a,Mixed,511.9479982345725,45.0,42.4516643628387,8.292182899284924,76.04214140969344,14.85348935280947,-42.39155390610432,-2.2583101206346754,43.75800050787805,1272.0,0.8856621742567368,0.0,0.0,1.0,0.991,1.0,0.991,1.0
t4_gyro,45736,27,S-S3a,Mixed,207.11840865271077,45.0,26.840990617195256,12.959249152112468,87.81385146615011,42.39789791615937,-26.822495339169453,-0.9962535282731437,59.160603769733484,1779.999,1.0358592618595195,0.0,4.5,1.0,0.85,1.0,0.85,1.0
t4_gyro,45736,28,S-S3a,Mixed,200.05131627067323,60.0,35.74666168631584,17.86874605611189,96.8173348327119,48.39624984107388,-34.495705846593204,9.37390526201521,115.77727593369838,2093.9990000000003,1.024985739479821,0.0,0.0,0.92,0.85,1.007,0.8559,3.0
t4_gyro,45736,29,S-S3a,Mixed,249.7664044834033,45.0,8.964217149533841,3.5890403947939693,36.534933945609595,14.62764138402661,-0.7679663932101288,-8.93126064578212,88.59917084788941,2265.0,0.8898027093187328,0.0,0.0,0.92,0.8571,1.035,0.8871,5.0
t4_gyro,45736,30,S-S4,Arterial,585.7610505539918,75.0,136.05699023544778,23.227387704725324,55.53958448494504,9.4816110481258,-23.932340046863715,-133.93561024540867,81.29242627375933,983.999,1.0582292732239933,2.3529734857786555,0.9,1.0,0.991,1.0,0.991,1.0
t4_gyro,45736,31,S-S4,Arterial,505.6339728595723,75.0,129.57912775944882,25.627061217153685,110.43320963249354,21.84054386376521,59.30689802635609,-115.21042573218348,17.250674273247455,1781.999,1.1571738855975466,0.0,1.1,1.0014233801748662,1.25,1.0,1.25,4.0
t4_gyro,45736,32,S-S4,Arterial,234.92076653320157,30.0,33.71217201497637,14.350443561238677,30.754477013001758,13.09142544818625,-29.632571526516603,16.07548589291264,76.15179417461552,2754.0,0.8025026169801531,0.0,0.0,0.9914977679932312,0.8601,1.0,0.8601,7.0
t4_gyro,45736,33,S-S4,Arterial,370.044617244353,45.0,78.48960087568217,21.210847886446306,84.00379667877398,22.70099138431824,-78.30125087024257,5.434294598126485,68.7981781756801,3394.0,0.9124136277976319,0.7593891795109524,0.30000000000000004,1.0,0.85,1.0,0.85,2.0
t4_gyro,45736,34,S-S4,Arterial,125.13336243153022,30.0,8.573168621926238,6.851225328990306,39.61759080239111,31.660294291275715,2.2223862434666195,-8.28010987878971,85.00665241051436,4148.0,1.3423757133941714,0.0,0.0,1.0,0.85,1.0,0.85,0.0
t4_gyro,45736,35,S-S4,Arterial,392.65608744074865,45.0,16.489068817519865,4.199366658235764,17.6561765730733,4.49660075007435,-16.22732938912487,-2.926289692725299,16.65883452604149,4193.0,0.9755297155417664,0.0,0.0,1.0,1.0133,1.0,1.0133,0.0
t4_gyro,45736,36,S-S4,Arterial,435.11592687334655,30.0,121.80364968827746,27.993378813672347,123.61869194970888,28.410518741064557,-121.63852254616971,6.34026104900849,3.968659806016035,7115.0,0.7315352975367185,0.0,0.0,1.0,1.25,1.0,1.25,1.0
t4_gyro,45736,37,S-S4,Arterial,494.64730174739884,60.0,23.337493357979305,4.718006805159335,90.59814937806235,18.315706778954198,-19.39961484420243,12.97280001118991,20.53917277831215,8038.999000000001,1.0127480834204377,0.0,0.0,0.92,1.034,1.0,1.034,5.0
t4_gyro,45736,38,S-S4,Arterial,1087.475292240806,60.0,252.41741069335734,23.211323741731785,354.2946514895675,32.579558728136504,-231.74640200714128,-100.04076358106974,106.24372022310797,9170.800000000001,0.7561355734542757,0.0,0.0,0.92,1.25,1.0,1.25,3.0
t4_gyro,12345,1,S-M,Highway,783.698075254369,60.0,34.76089327929183,4.435495553311051,137.34488634486027,17.525229508861752,-33.844979798408,-7.926982024684448,29.692012451472465,8807.866,0.9262875927856832,0.0,0.0,1.0,0.9223,1.0,0.9223,2.0
t4_gyro,12345,2,S-M,Highway,543.8158974898474,45.0,8.144771819777523,1.497707561947392,89.70523243976771,16.495514907495405,7.052422490689125,-4.0743889123479935,28.212171614134917,9032.865,0.9491527269532984,0.0,0.0,0.9370728411326007,1.0322,1.0,1.0322,3.0
t4_gyro,12345,3,S-M,Highway,1253.6196653158977,75.0,297.73148772386486,23.749746112098517,393.244029628268,31.368687051441157,-187.36639744907004,231.3825228689994,111.70537899185052,9149.867,1.0098864947125283,0.0,0.0,1.0,1.2818,1.0,1.2818,1.0
t4_gyro,12345,4,S-M,Highway,312.2247443755553,30.0,20.42748397477311,6.542557674481491,20.819598716800876,6.668145011517186,20.420772919462685,0.5235789447178565,24.21074944141094,9770.865,1.0012611088504502,0.0,0.0,1.0,0.8783,1.0,0.8783,2.0
t4_gyro,12345,5,S-M,Highway,514.9010912767462,60.0,115.8534954517043,22.50014564242514,171.19274241653068,33.247694618794064,115.85211950116269,-0.5646374645677952,120.7475553213873,9847.866,1.2605149766613517,0.0,0.0,1.0,1.35,1.0,1.35,1.0
t4_gyro,12345,6,S-M,Highway,548.9507548567317,30.0,240.08494284977482,43.735242319219246,258.8666500492023,47.15662520889744,-10.782096210977135,239.84271134324027,25.167303099980813,10017.965,1.0167017927300355,0.0,0.0,0.92,1.35,1.0,1.35,3.0
t4_gyro,12345,7,S-M,Highway,1215.9447032075054,75.0,510.49106199685957,41.98308201435887,403.96405357371793,33.222238849193786,-481.83596690227495,-168.62747515761288,98.12866565374128,10276.866,0.9060924138263277,34.086526611962064,2.3000000000000003,0.9550810353747126,1.133,1.0,1.133,4.0
t4_gyro,12345,8,S-M,Highway,54.67298308472394,45.0,15.10945815607152,27.63605953722547,15.10945815607152,27.63605953722547,10.308086593585008,11.04712978783309,122.02607887818948,10543.866,1.3013734081619963,0.1634899821030893,22.900000000000002,1.0,1.2325,1.0,1.2325,1.0
t4_gyro,12345,9,S-S2,Arterial,113.8174453501425,30.0,59.3147346476611,52.11392196089809,122.50274243390344,107.63090144664721,39.20550029237015,44.51029648460469,74.36201241863819,7798.099,1.1506600641865146,0.7875819933449916,0.9,0.92,0.8794,1.0,0.8794,6.0
t4_gyro,12345,10,S-S2,Arterial,151.77327215354785,30.0,12.765217819324935,8.41071529802063,48.63572744407146,32.04498839220326,3.6127481450652654,-12.243318047618397,2.9445055295404643,7881.1,1.0056220912108302,0.0,0.0,1.0079925899834858,0.85,1.0,0.85,4.0
t4_gyro,12345,11,S-S2,Arterial,447.2158137852094,60.0,175.5329242682452,39.25016040522907,202.1509483947024,45.20210201953911,14.860467133842484,-174.90275589231146,92.72418424411262,8134.1990000000005,1.2430238916526226,0.0,0.0,1.0131112080272064,1.25,1.0,1.25,5.0
t4_gyro,12345,12,S-S2,Arterial,405.3951175276845,45.0,40.966514584545706,10.105330038107354,205.20283429193768,50.61798364602266,-40.886951419439754,2.5519641122416994,17.4791283272981,8260.1,0.8896069586365342,0.0,0.0,0.92,0.8591,1.0,0.8591,5.0
t4_gyro,12345,13,S-S2,Arterial,564.670244756734,45.0,44.222313891286966,7.831528985618574,274.62006330594534,48.63370539813987,44.07180836642555,3.6453742211979936,38.420770861997994,8530.2,1.0970978872042165,0.0,0.0,1.08,1.25,1.0199,1.2749,5.0
t4_gyro,12345,14,S-S2,Arterial,1343.456906371082,75.0,461.6782178070618,34.364944317725644,575.367348533597,42.827376583873274,-461.6118682696404,7.826868474487924,48.99987739499164,9061.2,0.6501602298808062,0.0,0.0,1.0,1.25,1.0,1.25,1.0
t4_gyro,12345,15,S-S1,Urban,498.7707254824574,60.0,72.22041359624406,14.479681726786541,89.03966185265068,17.851821950160215,-72.12083292400574,3.7912528747372285,88.02433232296266,4180.0,0.903645531259036,17.259714234540294,5.2,0.9814708360150064,0.9481,1.0,0.9481,3.0
t4_gyro,12345,16,S-S1,Urban,121.0194791617665,30.0,22.02706245418094,18.201253721095103,23.16839667969517,19.14435332243169,-22.027061865817846,0.005091151237321068,7.579688981060087,4393.999000000001,0.8107712538495355,0.0,6.7,1.0,1.0353,1.0,1.0353,1.0
t4_gyro,12345,17,S-S1,Urban,191.77579845013074,45.0,2.097351518274676,1.0936476527407444,25.698952815166418,13.400519264086997,-1.6111151062278501,-1.3428296636928718,1.1715644256576638,4592.999000000001,0.9073592571012149,0.0,22.5,0.92,1.0269,1.0,1.0269,3.0
t4_gyro,12345,18,S-S1,Urban,105.77425225241359,45.0,15.463492462460653,14.619335172003359,22.900644728398607,21.650490777046407,-14.839599110474852,-4.34809123374515,12.845398475302545,4788.0,1.1110311063653089,18.798107611619002,29.400000000000002,1.0,1.016,1.0,1.016,2.0
t4_gyro,12345,19,S-S1,Urban,180.13164778791392,30.0,311.2480107925391,172.78918758296206,299.1010262218113,166.04579478114326,-126.80838794205707,-284.2445372735408,152.28175407393144,4865.999000000001,0.9457311999909763,1.5918153081703652,0.7000000000000001,1.0,1.25,1.0,1.25,2.0
t4_gyro,12345,20,S-S1,Urban,555.0088184825844,75.0,32.4111493287699,5.83975393713261,78.38754656626524,14.123657851163488,32.13234553620499,-4.242047990505183,50.46687000474827,4982.0,1.0262311823036168,0.0,26.5,1.0,1.2204,1.0,1.2204,0.0
t4_gyro,12345,21,S-S3a,Mixed,1769.1501173916868,75.0,421.5470080714274,23.82765622472599,489.9055708998821,27.691577220262413,-421.54631925295485,-0.7620618465515037,7.811133846787641,957.0000000000001,0.7605224667516738,0.0,0.0,0.92,1.25,1.0,1.25,5.0
t4_gyro,12345,22,S-S3a,Mixed,1231.7818929957293,75.0,54.1331688059478,4.3947040554634516,100.39259266076729,8.150192272806478,-53.832898561947005,-5.693768294580019,20.866981168163335,1146.0,0.9263189936691992,0.0,0.0,1.0,1.25,1.0,1.25,0.0
t4_gyro,12345,23,S-S3a,Mixed,138.51106062656623,60.0,31.442773787958142,22.700550877109855,35.541677217549314,25.659811611270317,30.500564114712304,-7.639608115933184,12.353787458575624,1307.999,1.303934118415687,14.883664584636946,38.0,1.0,1.0831,1.0116,1.0957,1.0
t4_gyro,12345,24,S-S3a,Mixed,488.7073372724425,45.0,94.33107105146057,19.302159770700005,82.61227417500255,16.90424265698066,94.20313628025863,-4.911219876845227,8.568950958085452,1572.999,1.172565832556151,0.0,0.0,1.0,1.2119,1.0,1.2119,0.0
t4_gyro,12345,25,S-S3a,Mixed,238.0199395775557,30.0,9.73029796546328,4.0880179966152745,21.657306114150206,9.098946144002971,-9.6101153773139,1.5245920540963689,35.205673934005546,1734.999,0.9632751490413676,0.0,0.0,1.0,0.85,0.9936,0.8446,0.0
t4_gyro,12345,26,S-S3a,Mixed,207.11840865271077,45.0,26.840990617195256,12.959249152112468,87.81385146615011,42.39789791615937,-26.822495339169453,-0.9962535282731437,59.160603769733484,1779.999,1.0358592618595195,0.0,4.5,1.0,0.85,1.0,0.85,1.0
t4_gyro,12345,27,S-S3a,Mixed,257.0707501113978,60.0,21.263685368782284,8.271530448161831,84.18092900055355,32.74621051367182,5.386538570579038,20.57011224301487,76.31438787409718,1904.999,1.0684812170751123,0.11388025805241025,3.1,0.9554180286286602,0.9652,1.0,0.9652,4.0
t4_gyro,12345,28,S-S3a,Mixed,98.90739891707942,30.0,13.303723270058926,13.450685606657508,15.28055144989929,15.449351228728583,-13.242089667252399,1.2791067550265698,7.116422878176365,2291.9990000000003,0.8281812901557971,0.0,0.0,0.92,0.8525,1.0,0.8525,5.0
t4_gyro,12345,29,S-S3a,Mixed,294.92856772094046,30.0,382.3951090698541,129.6568562431273,302.55489806261323,102.58582286572143,-295.09606702921707,-243.19607452513168,82.60168193178083,2363.9990000000003,0.7799624135832192,0.0,0.0,0.9715801373561405,0.85,1.0,0.85,7.0
t4_gyro,12345,30,S-S4,Arterial,458.8808663714479,75.0,6.4878142000863885,1.4138341071808236,47.69924027534198,10.394689291039457,-5.8698453742193255,-2.763448638494766,61.86598433255409,1727.999,0.9503210491594933,0.0,0.6000000000000001,1.0014233801748662,1.0352,1.0,1.0352,4.0
t4_gyro,12345,31,S-S4,Arterial,232.91056931938414,30.0,25.360847348429918,10.888663156223389,131.1294620346843,56.30034842037157,-25.358201385079933,-0.3663341972773848,75.64237650714745,2790.0,1.1082143535117306,0.0,0.0,1.08,1.0461,1.0,1.0461,7.0
t4_gyro,12345,32,S-S4,Arterial,291.3009575322234,45.0,12.533588127501273,4.302625104181067,9.451161584835546,3.2444663638944853,11.77316647224652,4.299230462142182,10.18324451063512,4613.999000000001,0.9428414624012628,0.0,0.0,1.0,1.0333,1.0,1.0333,2.0
t4_gyro,12345,33,S-S4,Arterial,211.5995001088083,30.0,72.34183693485353,34.18809444145853,66.97516068955852,31.651852038931416,-72.07494254961513,6.208383652660093,43.28731473558685,4906.999000000001,0.6648259469052348,0.0,0.0,1.0,0.85,1.0,0.85,2.0
t4_gyro,12345,34,S-S4,Arterial,674.9360141089741,75.0,146.0255152935213,21.635460583074508,139.76712477193826,20.708203718607862,-109.39153405078886,-96.73129480552572,113.62481737862936,4970.0,0.8007524166004706,0.0,0.0,0.9390796026846042,0.85,1.0,0.85,4.0
t4_gyro,12345,35,S-S4,Arterial,183.4425225563541,60.0,7.796790246185457,4.250263318195627,33.02802131709793,18.00456124176532,-7.025409383046672,-3.3813549271870955,48.01728456855943,5222.0,0.6094821076428769,0.0,2.0,1.0,1.1499,1.0,1.1499,2.0
t4_gyro,12345,36,S-S4,Arterial,1115.3688392277472,45.0,461.48600774986465,41.37519280791327,545.939112680063,48.9469575874163,-461.21310813510377,-15.868340595828869,36.954611300572964,6710.0,0.6139943533896771,0.0,0.0,1.0,1.25,1.0,1.25,2.0
t4_gyro,12345,37,S-S4,Arterial,343.6883113248635,30.0,31.165512444630213,9.067958210301697,6.562862515769406,1.9095390502140208,-31.143431908036384,-1.1729513740569057,2.787836943319064,7087.999000000001,0.8785886611541496,0.0,0.0,1.0,1.1908,1.0,1.1908,1.0
t4_gyro,12345,38,S-S4,Arterial,716.5876912876818,60.0,33.8228438819474,4.719986722234789,60.830206510330804,8.488871250498478,33.77056042318132,-1.8798981267201285,63.11960774710849,7606.000000000001,1.000038102277228,0.0,0.0,1.0,1.25,1.0,1.25,0.0
t4_gyro,12345,39,S-S4,Arterial,403.4263825753887,45.0,52.371952336937056,12.981786665166911,136.802140136726,33.910062912447636,52.14987685650746,-4.817855895885149,16.508793435014752,8011.999000000001,1.1064792354316564,0.0,0.0,0.92,1.0512,1.0,1.0512,4.0
t4_gyro,987654,1,S-M,Highway,427.08928122812824,60.0,75.92608004868592,17.77756628083819,88.84192882772889,20.801722902587734,-75.84303714445335,-3.5501194718673865,4.341152341636132,8726.866,0.8376580505852954,0.0,0.0,1.0,0.9602,1.0,0.9602,2.0
t4_gyro,987654,2,S-M,Highway,818.6155364482948,75.0,22.24327557966376,2.717182192286511,205.55666745751435,25.11028172631044,22.18941157200977,1.5470367160559144,8.703566908894288,8906.865,0.9946178094953284,0.0,0.0,1.0,0.8765,1.0,0.8765,0.0
t4_gyro,987654,3,S-M,Highway,423.20936379262923,30.0,44.80875025364214,10.587844714040456,41.27670356722757,9.75325857568997,44.75223167974837,-2.249857545579598,14.912821023935777,9365.866,1.0462650503174689,0.0,0.0,1.0,1.1239,1.0,1.1239,2.0
t4_gyro,987654,4,S-M,Highway,385.85668169977976,60.0,87.00996822309747,22.54981508673124,115.9691614251261,30.054983346214865,31.96931254518115,80.92402378510944,70.81411390470277,9698.866,1.2423126220996257,1.029599105622452,1.7000000000000002,1.0,0.9401,1.0,0.9401,1.0
t4_gyro,987654,5,S-M,Highway,127.49065222729283,45.0,28.7077688620194,22.517548040179943,31.21520194798743,24.48430641984352,-28.704196187279635,0.45289543748200956,4.680102392339734,9797.965,0.8409005167010999,0.04127545585240478,11.8,1.0,0.85,1.0,0.85,1.0
t4_gyro,987654,6,S-M,Highway,498.83433485424433,45.0,144.15236560331752,28.897843538664546,237.77506325559676,47.66613816289788,144.1276719092678,-2.668089025308433,46.63855818965044,9865.865,1.2984550853265522,0.0,0.0,1.0,1.35,1.0,1.35,1.0
t4_gyro,987654,7,S-M,Highway,427.1267600882112,30.0,5.0616828428764755,1.1850540204577968,30.359866859474153,7.107929002904001,-2.371436318326033,-4.471791921589638,11.10581459467349,9999.866,0.9893493722916471,0.0,0.0,1.0,1.35,1.0,1.35,2.0
t4_gyro,987654,8,S-M,Highway,485.52801697754387,75.0,43.09745701939492,8.876409910942012,204.74669281642724,42.16990279798765,27.17337711629735,33.45143311779154,16.57254435796355,10152.865,1.1214057540081823,2.7832736130843374,15.4,1.0,1.0051,1.0,1.0051,2.0
t4_gyro,987654,9,S-S2,Arterial,263.72929562995785,60.0,91.91752272148761,34.85298154000242,91.92491915868608,34.85578609653862,-90.27131243011092,-17.318231301160495,169.1233441392394,7618.101000000001,1.0903870764455799,0.0,0.0,0.92,0.975,1.0,0.975,5.0
t4_gyro,987654,10,S-S2,Arterial,113.8174453501425,30.0,59.3147346476611,52.11392196089809,122.50274243390344,107.63090144664721,39.20550029237015,44.51029648460469,74.36201241863819,7798.099,1.1506600641865146,0.7875819933449916,0.9,0.92,0.8794,1.0,0.8794,6.0
t4_gyro,987654,11,S-S2,Arterial,280.8252391519308,30.0,75.92815950309858,27.03751262970358,49.8011744155051,17.73386700066581,75.76781494237463,-4.931898659345264,43.94620674473248,8033.1,1.1937651712851243,9.488140715667763,5.2,0.9757847894796773,1.25,1.0,1.25,5.0
t4_gyro,987654,12,S-S2,Arterial,347.2174278735249,45.0,199.97621254893775,57.593944455397484,193.42623012631566,55.70752347050154,-148.1597764567899,-134.30996324060249,80.50180933041867,8206.2,1.268458776114701,0.0,0.0,1.0,1.1062,1.0,1.1062,2.0
t4_gyro,987654,13,S-S2,Arterial,566.2036149193818,75.0,3.5730758800234628,0.6310584718771551,108.37947777220431,19.141431618665273,-3.5328882628336293,0.5343891529006055,56.884325587289084,8386.201000000001,0.9375761295660409,5.227346199757033,5.9,0.9978385414543112,0.9263,1.0,0.9263,9.0
t4_gyro,987654,14,S-S2,Arterial,265.2414706002461,45.0,20.362058027260797,7.6768003062195,151.30252070865578,57.04331240746612,-19.337668931952003,-6.377144140111176,45.77417672348645,8854.1,0.851814075429777,0.0,1.5,1.08,0.8898,1.0,0.8898,4.0
t4_gyro,987654,15,S-S1,Urban,242.83061682813025,60.0,56.4072640177256,23.229057667653716,61.238372533326924,25.218554947158907,56.25482929700215,-4.144106023082575,10.59820143225815,4216.0,1.315432466527935,18.2053419356665,31.6,0.9814708360150064,1.2345,0.9803,1.2102,3.0
t4_gyro,987654,16,S-S1,Urban,254.781794447736,30.0,17.252657760053,6.771542604702112,23.53529819460393,9.237433249741784,17.22676003615532,0.9449542011330848,71.0186966093849,4331.0,1.0196606004231155,0.0,0.0,1.0,1.1866,1.0,1.1866,0.0
t4_gyro,987654,17,S-S1,Urban,191.77579845013074,45.0,2.097351518274676,1.0936476527407444,25.698952815166418,13.400519264086997,-1.6111151062278501,-1.3428296636928718,1.1715644256576638,4592.999000000001,0.9073592571012149,0.0,22.5,0.92,1.0269,1.0,1.0269,3.0
t4_gyro,987654,18,S-S1,Urban,105.77425225241359,30.0,15.463492462460653,14.619335172003359,22.900644728398607,21.650490777046407,-14.839599110474852,-4.34809123374515,12.402292274282388,4788.0,1.0760376758956092,15.208258897415238,14.4,1.0,1.016,1.0,1.016,2.0
t4_gyro,987654,19,S-S1,Urban,284.2776100888617,45.0,29.256934153003154,10.29167726007609,23.120930808960217,8.133222592427487,28.569120369944237,-6.306628046809147,32.40741184661624,4999.900000000001,1.0286882959982697,0.0,18.2,1.0,1.1741,1.0,1.1741,0.0
t4_gyro,987654,20,S-S1,Urban,155.02425348000529,75.0,61.44213364505728,39.633884547608524,58.285474194407236,37.59764868142054,32.72535249990716,-52.001798917094206,156.89782481313244,5065.999000000001,0.8450412293062022,0.0,30.700000000000003,1.0,0.8963,1.0,0.8963,0.0
t4_gyro,987654,21,S-S3a,Mixed,666.7759832065091,60.0,12.229591583032553,1.834137985027708,19.437859124695443,2.915200849199646,11.693871458984155,-3.5799833223824495,17.793435567023266,143.999,1.0045607244396666,0.0,0.0,1.0,1.0954,1.0,1.0954,1.0
t4_gyro,987654,22,S-S3a,Mixed,343.4174747817301,60.0,11.13561875863479,3.242589435995471,109.0244278726133,31.746907446077767,11.12713009271927,0.43471949273096344,37.444761659932226,519.0,1.024850717887348,0.0,17.1,1.0,1.178,1.0,1.178,2.0
t4_gyro,987654,23,S-S3a,Mixed,389.703307789954,30.0,19.956144304086582,5.1208557651870725,5.208887811104879,1.336629098850866,5.5162157694227485,-19.1786094144153,66.67658664791507,758.999,1.0092018414054142,0.0,0.0,1.0,1.25,1.0,1.25,0.0
t4_gyro,987654,24,S-S3a,Mixed,338.24202909803245,30.0,32.77758304179285,9.690570722153796,42.56445789928837,12.584023934811468,32.768646463287176,0.7653489568315965,9.931923731117934,1253.999,1.0783774170686458,0.0,0.0,1.0,1.1503,1.0,1.1503,1.0
t4_gyro,987654,25,S-S3a,Mixed,391.5396147133529,45.0,73.49935699567524,18.771882648320094,60.662919052684195,15.493430747000062,73.26976851904439,-5.804868641353096,8.766471779883972,1653.999,1.133705473425567,0.0,0.0,1.0,1.032,1.0159,1.0484,0.0
t4_gyro,987654,26,S-S3a,Mixed,213.90171974270731,30.0,30.755800335160153,14.3784726799555,43.697065369619494,20.428571318725588,-14.764487864792985,-26.98016220015399,106.00368365829371,1762.0,1.0403119569489383,0.0,0.0,1.0,0.85,1.0,0.85,0.0
t4_gyro,987654,27,S-S3a,Mixed,649.9862446243249,75.0,125.0086818841708,19.23251190591311,297.5015594367134,45.77043928193613,67.03993429034398,-105.51216876154228,62.619423094812106,1832.999,1.2562761870218977,0.0,0.0,1.0,1.25,1.0,1.25,2.0
t4_gyro,987654,28,S-S3a,Mixed,117.86811273614683,45.0,21.46975892617288,18.215069731568466,95.27284181438739,80.83003927250452,-21.139841427310923,3.7493536477810285,5.849567194954204,2111.9990000000003,1.3045802999870837,0.0,0.0,0.92,1.0459,1.0,1.0459,4.0
t4_gyro,987654,29,S-S3a,Mixed,744.0517077882085,75.0,23.977772612278937,3.2225949300695804,19.89740413804299,2.6741964207286935,-19.02894049581741,14.588797176353992,10.512631681673213,2372.9990000000003,1.0195875259662845,0.0,0.0,0.9715801373561405,0.9348,1.0,0.9348,7.0
t4_gyro,987654,30,S-S4,Arterial,746.4163097109229,60.0,832.5683894056407,111.5420950177366,861.6256693375663,115.43500029779126,-279.96211630944083,-784.0863067730756,115.82525612826521,1547.999,0.9603222994260713,0.0,0.0,1.0,1.25,1.0,1.25,0.0
t4_gyro,987654,31,S-S4,Arterial,897.9297776571389,75.0,136.4540640288214,15.196518416490731,199.58608150202096,22.227359696520715,-136.450562336815,0.9775622479700452,142.99748269650905,2243.0,0.812923863467403,0.0,0.0,1.0,0.9097,1.0,0.9097,1.0
t4_gyro,987654,32,S-S4,Arterial,201.7132984681376,30.0,6.482411885193316,3.2136760116573426,26.862167154052646,13.317003567960475,-5.800669189160806,2.893769307877889,62.65873616472071,2745.0,0.7958272216731752,0.0,0.0,0.9914977679932312,0.85,1.0,0.85,7.0
t4_gyro,987654,33,S-S4,Arterial,909.1128397279243,45.0,272.63457224747185,29.989079499643285,279.59178025255073,30.754353918950905,-271.010241128698,-29.71631181568314,49.39721231044493,6682.999000000001,0.6886599035061627,0.0,0.0,1.0,1.25,1.0,1.25,2.0
t4_gyro,987654,34,S-S4,Arterial,579.2657750776938,45.0,16.869793835049922,2.9122718035235673,264.7437472972639,45.70332974734357,-14.351557783634842,-8.866946104498354,38.446659540798436,7588.000000000001,0.9429841321604622,0.0,0.0,1.0,1.115,1.0,1.115,1.0
t4_gyro,987654,35,S-S4,Arterial,750.5722351617737,45.0,61.10915367692551,8.141675219808047,146.26756268251637,19.48747313454657,-59.38167600596957,-14.42723874593322,29.538835895551927,7678.000000000001,0.8643107475711566,0.0,0.0,1.0,1.25,1.0,1.25,0.0
t4_gyro,987654,36,S-S4,Arterial,709.3914725673854,60.0,102.13272772659563,14.39723082051765,178.4510851141359,25.155515961912663,-102.09696342830503,-2.702615694889648,104.6741934540791,7876.999000000001,0.893844076832361,0.0,0.0,1.0,1.2141,1.0,1.2141,2.0
t4_gyro,987654,37,S-S4,Arterial,448.2073809849286,30.0,57.640555266308915,12.860242314538576,62.367780761188506,13.914938353789779,-57.59197480555418,-2.366019738891737,5.096915866555264,8357.0,0.871666051830213,0.0,0.0,1.0,1.2463,1.0,1.2463,1.0
t4_gyro,987654,38,S-S4,Arterial,265.2023800060632,30.0,46.87850964555178,17.67650412657685,71.87290550367756,27.101154032642675,-46.851928733250844,1.5784297774927722,107.7620341483152,8671.999,0.8968631749831563,0.0,0.0,1.0,1.1422,1.0,1.1422,1.0
t4_gyro,987654,39,S-S4,Arterial,934.3708203197764,75.0,1289.1071098212767,137.96525766719645,1286.0114605590152,137.6339492407195,-1286.74755553853,77.96068821773669,62.05393412875401,9098.900000000001,0.7985544100017278,0.0,0.0,1.0560614480319441,1.2161,1.0,1.2161,4.0
t4_gyro,314159,1,S-M,Highway,251.82914529169057,30.0,103.1191896594505,40.94807594252398,109.02148846228913,43.291847071954635,102.86955279038794,-7.170940295896525,7.202618749303639,8780.866,1.3579691846990873,0.0,0.0,1.0,1.2133,1.0224,1.2405,2.0
t4_gyro,314159,2,S-M,Highway,448.95398291648814,45.0,22.30293172697252,4.967754508399402,56.7605474437522,12.642843053763592,22.25821759791471,-1.4115640197587371,24.465422576371026,8879.866,1.035302873753516,0.0,0.0,1.0,0.9237,1.0,0.9237,0.0
t4_gyro,314159,3,S-M,Highway,1174.598854097475,75.0,84.54628860369692,7.197886181206916,346.7142489277777,29.517673009666108,84.52728156550437,-1.792648265990465,48.25895541818525,9410.865,1.0315112616577709,0.0,0.0,1.0,1.2027,1.0,1.2027,2.0
t4_gyro,314159,4,S-M,Highway,954.223430562703,75.0,10.514464373612437,1.1018870462457713,298.511441667836,31.28318086800746,10.501822962003356,-0.5154372306151993,43.6778569161626,9545.865,0.9758713124428161,0.0,0.0,1.0,1.0027,1.0,1.0027,0.0
t4_gyro,314159,5,S-M,Highway,454.7242394214451,60.0,11.363224296969673,2.4989264507709845,51.49693682404883,11.324871726558811,-10.861845888914349,-3.338138749170917,11.2480215915202,9662.865,0.9279475399226328,0.0,0.0,1.0,0.85,1.0,0.85,1.0
t4_gyro,314159,6,S-M,Highway,285.0293085231636,30.0,51.383885054519794,18.02757945165627,70.82719119340987,24.849090628746318,51.30152097827765,-2.908193358674854,9.033752640843346,9910.865,1.1789639522429591,0.0,0.0,0.92,1.0504,0.9916,1.0416,3.0
t4_gyro,314159,7,S-M,Highway,944.5454113194985,60.0,38.37703175491825,4.063016059895608,147.03436251062632,15.566680092725685,38.151294914619356,-4.156352085151446,18.75262890021375,10026.865,1.0214835799493367,0.0,0.0,0.92,1.35,1.0,1.35,3.0
t4_gyro,314159,8,S-M,Highway,54.67298308472394,45.0,15.10945815607152,27.63605953722547,15.10945815607152,27.63605953722547,10.308086593585008,11.04712978783309,122.02607887818948,10543.866,1.3013734081619963,0.1634899821030893,22.900000000000002,1.0,1.2325,1.0,1.2325,1.0
t4_gyro,314159,9,S-S2,Arterial,498.960672253589,75.0,60.85781916924777,12.196917022413688,94.05661234500727,18.850506177209184,-18.70364068611069,57.91241645037553,140.19073046954043,7573.200000000001,1.2532871316518572,0.0,0.0,0.9671355724472019,1.25,1.0,1.25,3.0
t4_gyro,314159,10,S-S2,Arterial,632.0199215559988,60.0,66.01727508821692,10.445442119243008,128.07072497122408,20.26371647525301,-43.91651321113075,49.29118052400334,164.23268447664486,7970.1990000000005,0.8153428463076796,0.0,0.0,1.0127026106104007,0.9988,1.0,0.9988,3.0
t4_gyro,314159,11,S-S2,Arterial,280.67219450907874,45.0,93.09888348718552,33.169970274406396,101.0698286157805,36.009918543075074,75.37893021730518,-54.63898778212479,100.37056865201487,8359.2,1.0225100258967004,0.0,0.0,1.0695963313132184,0.9302,1.0,0.9302,7.0
t4_gyro,314159,12,S-S2,Arterial,391.759845436425,30.0,86.55866477387701,22.094828191860667,138.9163920979407,35.459579054914684,-32.11854742338174,80.37911021433614,34.00228920925076,8647.1,0.7643983379577923,0.0,0.0,0.9840657373687399,0.9764,1.0,0.9764,5.0
t4_gyro,314159,13,S-S2,Arterial,198.4000418380012,30.0,32.26695202285976,16.263581259325825,118.36157935206442,59.658041528393305,-9.783857007674,-30.74788342144743,44.48569425383468,8845.101,0.8898089645076079,0.0,0.0,1.08,0.85,1.0,0.85,4.0
t4_gyro,314159,14,S-S2,Arterial,328.3427892753167,45.0,195.4292661318807,59.519889735727524,61.48407474986836,18.72557484376906,-159.73450743745204,-112.59433908754046,15.936669610460086,9312.1,0.9803024091417265,0.0,0.0,1.0,1.25,1.0,1.25,1.0
t4_gyro,314159,15,S-S1,Urban,350.4209584234263,30.0,43.861735312269914,12.516869855503959,40.00365724145355,11.415886030742397,43.68559345717099,-3.9269261386489873,0.15726411144245844,4207.0,1.1593233994874057,0.0,0.0,0.9814708360150064,1.25,1.0,1.25,3.0
t4_gyro,314159,16,S-S1,Urban,375.2656671401586,60.0,77.61505314349978,20.682694938493054,98.99768212979083,26.380692612845934,-76.11782532141925,15.171458163479297,98.93584023408619,4375.999000000001,0.8141305182371421,0.0,6.7,1.0,0.8971,1.0,0.8971,1.0
t4_gyro,314159,17,S-S1,Urban,301.4854626724725,45.0,6.52477603960847,2.1642091733944895,39.182517032063544,12.996486359486795,6.059455120296554,-2.4198566098346967,16.98525975099301,4457.999000000001,1.0482486121437833,0.0,0.0,1.0,1.25,1.0,1.25,2.0
t4_gyro,314159,18,S-S1,Urban,110.71098871230231,30.0,80.55887944258119,72.76502574818882,97.95680037595511,88.47974488829587,77.62288695958698,-21.55041709813322,101.77747471417734,4557.0,1.3596065202007015,0.0,0.0,0.92,1.1117,1.0,1.1117,4.0
t4_gyro,314159,19,S-S1,Urban,329.19584120109806,75.0,54.25842690408677,16.48211189610429,50.872222690428025,15.453482797600524,54.12200630099988,3.845168924853196,10.907096240371175,4700.0,1.1957908183492567,5.783943756075704,9.1,1.0,1.2356,1.0,1.2356,1.0
t4_gyro,314159,20,S-S1,Urban,133.1744210584332,45.0,50.93122707605256,38.244001116179334,117.74042965731199,88.41069382659511,-17.199185136568104,-47.93931499417241,29.850496284209925,5123.999000000001,1.794458273603861,0.0,6.6000000000000005,1.0,1.25,1.0,1.25,1.0
t4_gyro,314159,21,S-S3a,Mixed,235.67019116312846,30.0,5.533038190667235,2.347788731090443,125.59019765719027,53.29065888110476,-5.511641546773202,-0.48612660826749976,16.44704418311602,98.99900000000001,1.1630110450793951,0.0,0.0,1.0,1.25,0.9861,1.2326,0.0
t4_gyro,314159,22,S-S3a,Mixed,254.06524017411385,30.0,52.08664722782011,20.501288248689402,42.70428891098671,16.808394915306387,51.78906755871452,-5.559793236648572,3.336568105106153,189.0,1.1113315989981554,0.25297970045700713,5.7,1.0,1.068,1.0331,1.1034,1.0
t4_gyro,314159,23,S-S3a,Mixed,475.09849544200557,45.0,40.048507373371216,8.429516775487214,116.14683292236597,24.446895546219174,39.74834719553109,-4.894061509470877,13.407698019697307,254.99900000000002,1.121888305430119,0.0,8.3,1.0,1.2387,1.0,1.2387,2.0
t4_gyro,314159,24,S-S3a,Mixed,333.3256230673337,45.0,37.57396175752747,11.272449268005213,24.163340863316776,7.24916993808053,37.49418771126963,-2.4471391517881838,1.9845066731223255,378.0,1.0377816732972545,0.0,7.800000000000001,1.0,1.1828,1.0,1.1828,1.0
t4_gyro,314159,25,S-S3a,Mixed,343.4174747817301,75.0,11.13561875863479,3.242589435995471,109.0244278726133,31.746907446077767,11.12713009271927,0.43471949273096344,37.22009230986467,519.0,1.0240603792017127,0.0,31.700000000000003,1.0,1.178,1.0,1.178,2.0
t4_gyro,314159,26,S-S3a,Mixed,760.9367917587459,60.0,158.15720133240777,20.78453861678321,158.44310353363363,20.822111014953766,-157.92940718860572,-8.48543919637217,7.191247009157536,623.999,0.8142737878508864,0.0,0.0,1.0,1.25,1.0,1.25,1.0
t4_gyro,314159,27,S-S3a,Mixed,603.876045450248,30.0,123.44757017232608,20.442534705989868,137.38269248974362,22.750147737241598,-122.344188689237,-16.468214093329664,3.056138112276642,867.0,0.7830649055886952,0.0,0.0,0.92,1.25,1.0,1.25,3.0
t4_gyro,314159,28,S-S3a,Mixed,1516.8425334734472,75.0,192.82677954458467,12.71237951793367,242.55489536017816,15.990776234679219,-190.1982269128199,31.730133765166016,16.52104735090643,993.0000000000001,0.8517874820913461,0.0,0.0,1.0,1.25,1.0,1.25,2.0
t4_gyro,314159,29,S-S3a,Mixed,604.9259033017199,60.0,84.23224368951713,13.924390281482868,87.19989448385684,14.414971157279737,83.92116488764896,-7.232493406166181,0.7582972234754095,1546.0,1.1070417284335687,0.0,0.0,1.0,1.25,1.035,1.2938,0.0
t4_gyro,314159,30,S-S3a,Mixed,294.225288472987,45.0,151.45240994779482,51.47498052727706,165.00536423554917,56.08129916089738,142.79992423333252,50.45804314427372,160.00498969218347,2219.9990000000003,0.7444312172592679,0.0,0.0,0.92,0.85,1.0,0.85,5.0
t4_gyro,314159,31,S-S4,Arterial,509.6097765756361,45.0,208.1619781761656,40.847328239055145,83.3921114338594,16.363915149787626,-79.21813179099945,-192.49908247510768,108.8012842439316,693.0,1.0053365246061456,0.0,0.0,1.0,1.2027,1.0,1.2027,1.0
t4_gyro,314159,32,S-S4,Arterial,616.3999516839654,45.0,65.27649364662548,10.58995761896059,149.93030063097598,24.323541918096513,-65.23207161087787,-2.407790719983158,16.56110449225571,1521.0,0.9119827485276124,0.0,0.0,1.0,1.25,1.0,1.25,0.0
t4_gyro,314159,33,S-S4,Arterial,625.5146730841803,60.0,219.77422911757657,35.134943842956,139.81410240537903,22.351850151813014,-179.00654086954896,127.50439251313475,137.0710971344751,2234.0,0.8005042108020548,0.0,0.0,1.0,0.85,1.0,0.85,2.0
t4_gyro,314159,34,S-S4,Arterial,440.756279466452,45.0,11.563813754349061,2.6236299499458946,72.06947728346734,16.3513217260817,-0.6067491384550983,11.547884829190865,86.73646106741523,2546.0,0.9560639983532283,0.0,0.0,1.0,0.8922,1.0,0.8922,2.0
t4_gyro,314159,35,S-S4,Arterial,226.64428517034582,30.0,19.318929626239544,8.523898853977032,13.800165831333086,6.088909685483966,19.206848599893533,-2.0779818970250643,35.84971844831074,4348.999000000001,1.024598693597453,0.0,0.0,1.0504590331114143,0.9787,1.0,0.9787,5.0
t4_gyro,314159,36,S-S4,Arterial,627.4258978727169,75.0,53.5717857466451,8.538344675965698,99.76834857908557,15.901216210129268,-53.46639510308937,3.3586936098412785,7.715934341756849,5332.0,0.9141744608167187,0.0,1.1,1.0,1.1288,1.0,1.1288,2.0
t4_gyro,314159,37,S-S4,Arterial,363.68766426295684,30.0,36.24927151950005,9.967143535913488,37.84700800011449,10.406459090883544,34.487363614192944,-11.163845065069568,25.919816985658997,5712.0,1.0742330719547561,0.0,0.0,1.0,1.25,1.0,1.25,1.0
t4_gyro,314159,38,S-S4,Arterial,780.2399620221747,60.0,98.02376954444482,12.56328492716436,151.39163743492412,19.40321501125849,-98.00288089901127,-2.0235442166246145,10.212523002529053,5972.999000000001,0.8279725952000954,0.0,0.0,1.0,1.25,1.0,1.25,2.0
t4_gyro,314159,39,S-S4,Arterial,182.92241218330372,30.0,7.806438788251392,4.267622920054586,66.59885712924591,36.40825437098884,0.34776167120430623,7.798688888188646,69.89052378178096,7525.000000000001,1.1355957998555797,0.0,0.0,0.92,1.1844,1.0,1.1844,3.0
t4_gyro,314159,40,S-S4,Arterial,759.6562336548984,75.0,27.14436696812919,3.5732434969342344,127.15380628651067,16.738335138084963,27.14022070291406,0.4744241747405846,45.13279910411637,8699.0,1.0727962076117943,0.0,0.0,1.0,1.25,1.0,1.25,2.0
