config,seed,scenario_id,trip,domain,dist_m,duration_s,map_err_m,map_drift_pct,pure_err_m,pure_drift_pct,final_at_m,final_ct_m,hdg_seed_err,t_start_s,speed_ratio,creep_m,gt_stop_s,r1_gyro_scale,r1_scale_engine,r1_scale_ekf,r1_scale_effective
t7_band,541098,1,S-M,Highway,301.50211302841956,30.0,75.87992132956305,25.167293378939142,94.02388015353553,31.185147994194274,75.81259302511035,-3.1958097236335874,29.845977932678437,8551.867,1.143647054712069,0.0,0.0,1.0,0.9515,1.0,0.9515
t7_band,541098,2,S-M,Highway,600.1756005696226,45.0,45.034803725414015,7.503604558844409,79.27302130789579,13.208304574970775,44.864553957387365,-3.912204594757501,9.071130062640918,8861.866,1.0712537655163015,0.0,0.0,1.0,1.0193,1.0,1.0193
t7_band,541098,3,S-M,Highway,1174.598854097475,75.0,81.14087567372819,6.907964824814537,348.44890783804965,29.665353973615687,81.12074425730246,-1.8073616795609837,48.25895541818525,9410.865,1.0409566094486646,0.0,0.0,1.0,1.2027,1.0,1.2027
t7_band,541098,4,S-M,Highway,326.68651659871364,45.0,58.932727111638584,18.03953457437265,83.7605275967047,25.639419853863206,58.859681304656235,-2.9332987452974955,20.624059800463158,9698.866,1.2208510017926129,1.0231942574747859,1.7000000000000002,1.0,0.9401,1.0,0.9401
t7_band,541098,5,S-M,Highway,288.585563099286,75.0,13.599737195988894,4.712549390875105,82.87820538648278,28.718763508612895,-9.459379353449917,9.771028300413898,80.9928195909855,9788.866,0.9665936763877492,0.041624598334592325,11.8,1.0,0.9492,1.0,0.9492
t7_band,541098,6,S-M,Highway,427.1267600882112,30.0,8.038980861284509,1.8821065811058715,30.311451182905746,7.096593801953724,-6.610843999058085,-4.574052350839063,11.10581459467349,9999.866,0.9890984456271114,0.0,0.0,1.0,1.35,1.0,1.35
t7_band,541098,7,S-M,Highway,603.3384456646849,60.0,125.33945345170171,20.774319016521144,238.38923550076416,39.51169318211372,48.09471640438397,-115.74487826920542,29.17141243727849,10204.866,1.431593951184757,0.0,0.0,1.0,1.35,1.0,1.35
t7_band,541098,8,S-M,Highway,314.7221984450349,60.0,49.46962574581087,15.718505396259985,130.1932036606459,41.36765830433905,25.822987109163186,-42.194990321015425,9.909425495022845,10467.866,1.1795810227466754,0.9647491377953479,22.8,1.0,1.1067,1.0214,1.1303
t7_band,541098,9,S-S2,Arterial,872.0570921675635,75.0,787.813249654956,90.33964137563368,948.1773483499646,108.72881567801926,-752.9798903467469,231.67002625567042,146.65473563708463,7663.1,0.6451645808184491,0.11162867303206825,2.2,1.0,0.9121,1.0,0.9121
t7_band,541098,10,S-S2,Arterial,245.71170014260218,30.0,43.779401549483566,17.817385791590546,116.96134320660278,47.60104754422465,-42.01256149715422,-12.31181044683351,2.9790113029138183,8260.1,0.8602053035057012,0.0,0.0,1.0,0.8591,1.0,0.8591
t7_band,541098,11,S-S2,Arterial,435.6199448894815,60.0,18.48612729332289,4.2436365713266175,65.63942259255418,15.068048045689727,-17.923958965666895,-4.524223392144429,123.68227152769771,8377.1,0.952735716082661,0.0,0.0,1.0,0.9191,1.0,0.9191
t7_band,541098,12,S-S2,Arterial,261.9845410038697,45.0,66.51402248139522,25.38852950121693,76.68851144981228,29.27215138571078,-65.83792537391113,-9.459533239798695,158.66218532763548,8746.102,1.1542908968607521,1.8224229614476695,1.8,1.0,0.9753,1.0,0.9753
t7_band,541098,13,S-S2,Arterial,331.6062735237266,45.0,6.945608912004263,2.0945348343982104,72.49724026712813,21.86244533215712,-6.279211614929929,-2.9686671510026357,158.80680668550212,9213.2,1.0145524579262277,0.0,0.0,1.0,1.25,1.0,1.25
t7_band,541098,14,S-S2,Arterial,202.61192015346592,30.0,31.12493030710799,15.361845583188193,31.12493030710799,15.361845583188193,-23.671862867380785,-20.2090127173558,3.3408625498216793,9339.1,0.9738488439265134,0.0,0.0,1.0,1.1369,1.0,1.1369
t7_band,541098,15,S-S1,Urban,399.7366392000315,45.0,77.57510970068938,19.406554739624497,84.03580300577563,21.022792199872235,-77.57436228766761,0.3405300804407929,89.28341665957907,4180.0,0.797075482994289,3.417750112531583,2.5,1.0,0.9481,1.0,0.9481
t7_band,541098,16,S-S1,Urban,200.52748296600998,30.0,19.316950830304396,9.63306901607032,27.76762248541942,13.847290194195534,-8.034134856661403,17.566936741656924,75.4051869606287,4313.0,0.9399887263397576,0.0,0.0,1.0,1.25,1.0,1.25
t7_band,541098,17,S-S1,Urban,102.8116693867008,75.0,22.76141777459785,22.13894386734095,22.13080661867269,21.52557851719449,22.728511502858044,-1.2234802712869581,4.457818272413135,4601.900000000001,1.1827942362241661,0.0,54.2,1.0,1.2471,1.0,1.2471
t7_band,541098,18,S-S1,Urban,98.90032418706596,45.0,5.862562807416942,5.927748827524712,60.3730853862217,61.044375620072245,-5.652101155969802,-1.5567257926793805,169.93039598364027,4717.999000000001,1.5283087135268925,5.545209602448399,9.1,1.0,1.1989,1.0,1.1989
t7_band,541098,19,S-S1,Urban,361.7536080700408,30.0,15.854226131424555,4.382603456536899,38.56328729465862,10.66009749022108,15.155794734875277,-4.653855625250107,41.46467105785601,4990.999000000001,1.011678239540684,0.0,0.0,1.0,1.25,1.0,1.25
t7_band,541098,20,S-S1,Urban,135.11595351460952,60.0,37.73195294252101,27.92560904989004,103.74929922687362,76.78538065133489,-21.944327108172047,-30.69440959891826,39.337035459604095,5098.901000000001,1.8175324307223404,0.0,21.8,1.0,1.25,1.035,1.2938
t7_band,541098,21,S-S3a,Mixed,325.8588383644856,30.0,46.37033483965201,14.230190923281022,62.0052747367648,19.02826237519742,46.00829340853118,-5.7831557800176165,1.7551657388016224,135.0,1.1128261188953796,0.0,0.0,1.0,1.2495,1.0,1.2495
t7_band,541098,22,S-S3a,Mixed,475.17047321369193,45.0,12.202504455652884,2.568026664856597,15.853146707281212,3.336307199406263,11.216105749924937,-4.806254965847034,35.176679854921275,419.999,1.0219562423569126,0.0,0.0,1.0,1.25,0.9643,1.2053
t7_band,541098,23,S-S3a,Mixed,1128.3874145740722,75.0,112.1869075077463,9.942233142514535,99.31881378545097,8.801836364236697,-111.97737827919613,-6.8533911218781824,92.09391047375448,776.999,0.8818273657108309,0.0,0.0,1.0,1.2379,1.0,1.2379
t7_band,541098,24,S-S3a,Mixed,603.876045450248,30.0,123.61871243790216,20.47087533431343,138.90720272396342,23.002601903242358,-122.51479439816768,-16.48366519859737,3.3766782048468826,867.0,0.7814927164964323,0.0,0.0,1.0,1.25,1.0,1.25
t7_band,541098,25,S-S3a,Mixed,614.3347078381609,45.0,22.00967558749697,3.582684700486621,29.6975803915671,4.834104277792258,18.809323765130237,-11.429573875056189,8.81432858228564,1028.999,0.9229440744275172,0.0,0.0,1.0,1.25,1.0,1.25
t7_band,541098,26,S-S3a,Mixed,892.8209535663941,75.0,80.68608790663441,9.037208141714412,89.68770689199347,10.045430333342182,80.67969948889267,-1.015318698295438,30.735912676330372,1235.999,1.1007240607348652,0.0,0.0,1.0,1.2159,1.0,1.2159
t7_band,541098,27,S-S3a,Mixed,591.9272083319421,60.0,77.08164064982654,13.022148596115985,78.14504403548655,13.201799636090424,-28.11793215246401,71.77019727392715,107.21316428735915,1681.0,0.889930193148811,0.0,0.0,1.0,0.864,1.0159,0.8777
t7_band,541098,28,S-S3a,Mixed,374.5169547186968,45.0,8.651745040254838,2.3101077084088875,100.4502790010621,26.821290127308455,-8.651478605604805,-0.06789829406186465,24.490453041353135,1950.0000000000002,1.185414211180781,0.0,0.0,1.0,1.25,1.0,1.25
t7_band,541098,29,S-S3a,Mixed,164.32151314371677,30.0,8.449320239074245,5.141944032419181,76.46633426123455,46.534585032914435,-8.28980323757381,1.6340669462235726,153.1200085911421,2085.0,1.0059492928819393,0.0,0.0,1.0,0.85,1.0,0.85
t7_band,541098,30,S-S3a,Mixed,244.21348357269213,60.0,23.312198736958226,9.54582785353011,19.642584664603604,8.043202356088102,-17.31390046918363,15.610492000402797,145.59066336463428,2273.9990000000003,1.0484566153102508,0.0,0.0,1.0,1.0349,1.0,1.0349
t7_band,541098,31,S-S4,Arterial,490.93854491218735,45.0,54.67941028111731,11.137730139094629,42.35881821616066,8.628130476847616,54.41381492931164,-5.382810931974012,4.538823315801039,348.0,1.0714452617092398,0.0,0.0,1.0,1.0948,1.0,1.0948
t7_band,541098,32,S-S4,Arterial,610.8780669596541,75.0,141.08698412783548,23.095768494362012,161.23225478622703,26.393524912210626,-140.6140776098526,11.542021842747573,19.06363086574453,1083.0,0.727382854892568,0.0,0.0,1.0,1.0915,1.0,1.0915
t7_band,541098,33,S-S4,Arterial,443.4769618838301,60.0,6.031848556986933,1.36012669775775,58.118545997339936,13.105200718986667,-6.02052831282082,-0.36937223629861915,8.824254257094594,1710.0,0.939575761853706,0.0,0.6000000000000001,1.0,0.9862,1.0,0.9862
t7_band,541098,34,S-S4,Arterial,328.2861353219824,45.0,6.970792882849999,2.1233893645898445,187.85683994293427,57.22350709654085,-6.568885277460113,2.332745084050115,28.446678662479542,2790.0,1.1616903674143528,0.0,0.0,1.0,1.0461,1.0,1.0461
t7_band,541098,35,S-S4,Arterial,465.9824416119758,75.0,219.8240480210787,47.17431997236636,219.94557150774298,47.20039895642505,139.4585930125798,-169.92325598141403,104.00715206480243,4258.999000000001,1.7261370855920384,0.0,0.0,1.0,1.25,1.0,1.25
t7_band,541098,36,S-S4,Arterial,739.7297196818564,45.0,95.40431341863804,12.89718540167206,223.23444468094536,30.17783911358249,-95.1205411385986,7.352936310202409,13.607055610691077,5883.001,0.8479638195538285,0.0,0.0,1.0,1.25,1.0,1.25
t7_band,541098,37,S-S4,Arterial,677.8112579079375,30.0,209.82229375344428,30.955858479108212,231.52494524054953,34.15773086377329,-209.82033396709238,-0.9068681792237925,1.3927787615772331,6252.0,0.6554538997701124,0.0,0.0,1.0,1.25,1.0,1.25
t7_band,541098,38,S-S4,Arterial,931.746854758649,60.0,305.0149542833518,32.73581796660425,330.60007102174916,35.48174800197042,-301.78428062875093,-44.2760691780845,33.23377379905048,7124.0,0.6787441188516398,0.0,0.0,1.0,1.25,1.0,1.25
t7_band,541098,39,S-S4,Arterial,186.86305768129444,30.0,24.36858283974285,13.040877711262144,36.739464820807214,19.661170740055244,24.087623233328205,3.689747496325071,118.1309895534481,7344.000000000001,1.1177676959210177,0.0,0.0,1.0,1.25,0.975,1.2188
t7_band,541098,40,S-S4,Arterial,181.31319816687812,30.0,183.17606442860054,101.02743003849497,238.7563829856643,131.68174484789367,-174.41658183224735,-55.96719183151662,88.78109478894385,8877.0,1.3295569368607816,0.0,0.0,1.0,1.1521,1.0,1.1521
t7_band,75496,1,S-M,Highway,445.0656418597341,60.0,63.09640919306361,14.17687712972212,312.0299172558212,70.10874080326332,-62.92992062072827,-4.580605170428941,58.379904344391036,8699.865,0.8436548350224475,0.0,0.0,1.0,0.85,1.0,0.85
t7_band,75496,2,S-M,Highway,1042.662585896704,75.0,113.96555326239402,10.930242899660785,242.68154802540136,23.275175623252263,-113.79677875973297,-6.200038250846138,29.956541335906422,8807.866,0.8762174478477011,0.0,0.0,1.0,0.9223,1.0,0.9223
t7_band,75496,3,S-M,Highway,374.54070896985667,45.0,68.89821300003628,18.395387030033433,77.84292597026581,20.783568810014366,-64.8081402570574,-23.38522420290095,2.5661000813719284,8987.865,0.8730768819357473,0.0,0.0,1.0,0.85,1.0,0.85
t7_band,75496,4,S-M,Highway,581.9438627961036,30.0,40.39240170159603,6.940944699978452,69.8238620673533,11.998384471633749,-40.066600919312414,5.119922459925666,33.729921940064344,9257.866,0.903093881544519,0.0,0.0,1.0,1.35,1.0,1.35
t7_band,75496,5,S-M,Highway,881.0026183499426,60.0,73.2466225836425,8.314007365929104,195.24169142813128,22.161306602448647,-72.12014085177788,12.796601245263833,31.483479582047835,9374.965,0.8992365530308183,0.0,0.0,1.0,1.0544,1.0,1.0544
t7_band,75496,6,S-M,Highway,701.9774669971542,45.0,49.87424506149894,7.1048213662535025,161.38359165015575,22.989853554773713,49.76902422257018,-3.2379852358639383,19.51871592787532,9500.865,1.0456311358953017,0.0,0.0,1.0,1.0919,1.0,1.0919
t7_band,75496,7,S-M,Highway,714.5390436288836,75.0,140.7702267964786,19.70084462866548,140.5858572128511,19.675042038132265,139.81130767058633,-16.402896078823005,29.247687497540795,9590.865,1.179610444717365,0.0,0.0,1.0,1.0637,0.9993,1.063
t7_band,75496,8,S-M,Highway,573.1359150171827,30.0,32.97896723769138,5.754126791496335,45.19220835813008,7.885077025189603,-24.708673322165534,21.84247565463281,9.724339946075503,10098.866,1.0151179100530925,0.0,0.0,1.0,1.35,1.0,1.35
t7_band,75496,9,S-S2,Arterial,218.47241867770953,45.0,4.038608267293838,1.848566648246611,89.72137421216344,41.06759780259512,-3.6342616003910084,1.761391312734771,77.93250097262785,7771.1990000000005,1.3014425572145631,0.0,0.0,1.0,1.25,1.0,1.25
t7_band,75496,10,S-S2,Arterial,356.1974439331983,60.0,66.31324196920966,18.61698984612762,97.56585033781398,27.390946229280523,-42.443626394284315,-50.950806067905944,60.19668151229786,8116.101000000001,1.1896564249591508,0.0,7.300000000000001,1.0,1.25,1.0,1.25
t7_band,75496,11,S-S2,Arterial,188.09413144507553,30.0,11.15710729898918,5.93166156395853,56.63147960243162,30.10805237109075,-11.154693374247024,-0.2320754353376664,132.34048020957522,8350.1,0.9330242297222527,0.0,0.0,1.0,0.85,1.0,0.85
t7_band,75496,12,S-S2,Arterial,497.2582750673289,45.0,4.927206358227675,0.9908746832942158,145.2682695293137,29.213846568897083,-2.7916945188420943,-4.0600251489401185,96.8826657470803,8611.1,1.0861178585357238,0.0,0.0,1.0,1.1373,1.0,1.1373
t7_band,75496,13,S-S2,Arterial,470.34963942815,75.0,56.712470044038824,12.057513239085228,92.06035398600443,19.572748923105625,56.40545229881347,-5.893149367042945,121.11730400064226,8755.1,1.3470462481540753,2.0298615559903483,1.8,1.0,1.0755,1.0,1.0755
t7_band,75496,14,S-S2,Arterial,216.55646042401838,30.0,110.61661629987599,51.07980435369521,110.61661629987599,51.07980435369521,23.47564895106708,108.09685336752526,56.36371712593541,9348.2,1.0128701834741378,0.0,0.0,1.0,1.1084,1.0,1.1084
t7_band,75496,15,S-S1,Urban,116.3966216812929,30.0,49.7577338356887,42.74843471997924,50.1168949176007,43.0570013061259,49.59654374947212,-4.001865136400477,3.6081743505646955,4224.900000000001,1.6517279950739596,17.813565093130006,10.600000000000001,1.0,1.2067,1.0,1.2067
t7_band,75496,16,S-S1,Urban,410.1744865962999,45.0,64.42008452668416,15.705531824091098,81.4962173854972,19.868670541107313,64.22298445525655,-5.035430278040824,46.73435686555641,4322.001,1.1418551237505206,0.0,0.0,1.0,1.25,1.0,1.25
t7_band,75496,17,S-S1,Urban,429.3201913293343,75.0,40.99440494741691,9.548678533027541,42.90328649333465,9.993307410138383,-8.767687070952034,40.04583499464907,147.29130918729845,4385.0,0.8399102884008096,2.6451874606128443,9.1,1.0,0.9577,1.0,0.9577
t7_band,75496,18,S-S1,Urban,271.23683041913415,30.0,55.634429438154136,20.511384590427458,100.9386900505396,37.214227099823454,-55.60366257793918,-1.849985629035416,14.171950977890901,4583.999000000001,0.7666201765537063,0.0,0.0,1.0,0.9319,1.0,0.9319
t7_band,75496,19,S-S1,Urban,298.28230919465443,60.0,12.14319015987775,4.071039342783582,20.351157091547197,6.822783807224164,11.085541083886309,-4.956596224872531,40.43100659600006,4999.900000000001,0.9656491028466141,0.0,26.5,1.0,1.1741,1.0,1.1741
t7_band,75496,20,S-S1,Urban,133.1744210584332,45.0,49.67332025815784,37.299445241336976,117.01027806249105,87.86242668263617,-17.027655274404424,-46.66366575104833,29.850496284209925,5123.999000000001,1.780059604148471,0.0,6.6000000000000005,1.0,1.25,1.0,1.25
t7_band,75496,21,S-S3a,Mixed,134.91232747961672,45.0,19.300041530391173,14.30561750060025,34.307118503567686,25.429194755202033,-16.888950101110208,-9.341036749581576,0.38494452546251523,537.0,0.8452556749320973,0.7172064614174934,20.1,1.0,0.9936,1.0,0.9936
t7_band,75496,22,S-S3a,Mixed,433.9026808716475,30.0,13.501336078237525,3.111604669304025,16.988896443658547,3.9153702414399283,-11.687274139301486,-6.759711465020748,34.434552670667244,714.0,0.9744386437202266,0.0,0.0,1.0,1.25,1.0,1.25
t7_band,75496,23,S-S3a,Mixed,314.4610350854063,30.0,13.136178026172892,4.177362712873206,34.03291470906285,10.822617403081324,-13.061605242658796,1.39772730539823,103.94992736315444,768.0,0.9321640004976373,0.0,0.0,1.0,1.25,1.0,1.25
t7_band,75496,24,S-S3a,Mixed,572.302681471267,60.0,34.69250416432253,6.0619153618388735,79.1815613848463,13.83560901397274,-30.281454420388936,-16.929363938950665,9.862576185164443,903.0,0.8740386814070715,0.0,0.0,1.0,1.1361,1.0,1.1361
t7_band,75496,25,S-S3a,Mixed,1059.8631507836958,60.0,61.22882358580625,5.777049946545623,65.03675165239116,6.1363348281616314,-61.009225169792884,-5.181050268362085,2.738490691710723,1091.999,0.9293990962086942,0.0,0.0,1.0,1.25,1.0,1.25
t7_band,75496,26,S-S3a,Mixed,804.8478004230153,75.0,185.4519674504637,23.04186795975501,189.81861914438295,23.584411741526445,185.29050110567167,7.7370815723330395,23.751114459310912,1609.0,1.22552530438915,0.0,0.0,1.0,1.1767,1.0,1.1767
t7_band,75496,27,S-S3a,Mixed,575.8224103748213,75.0,20.547598059769093,3.5683915195995937,143.9873192589571,25.00550806371553,20.36073756546773,-2.764805927362332,95.92342952667786,1851.0000000000002,1.283101145944848,0.0,0.0,1.0,1.1282,1.0,1.1282
t7_band,75496,28,S-S3a,Mixed,372.34095679910627,45.0,458.0977528976901,123.03179237540964,469.68501781320975,126.14379622670002,-190.15071706281788,-416.7688280214937,163.56904331357984,1959.0000000000002,1.243409654237266,0.0,1.4000000000000001,1.0,1.25,1.0,1.25
t7_band,75496,29,S-S3a,Mixed,379.0118862723627,45.0,414.69320186056746,109.41429988888626,414.69320186056746,109.41429988888626,-147.6100254155407,387.53287869056066,44.65592368915347,2201.9990000000003,0.9560950151251079,0.0,0.0,1.0,1.0538,1.0,1.0538
t7_band,75496,30,S-S3a,Mixed,104.09674927723412,30.0,35.43714328371324,34.04250711934893,90.0796228147755,86.5345204727501,-30.805742849234548,17.51563106534438,107.50018486223217,2426.9990000000003,1.4401779838338873,0.0,0.0,1.0,0.9208,1.0,0.9208
t7_band,75496,31,S-S4,Arterial,183.87954809499564,30.0,29.948651118140223,16.287102849887464,30.944356914000984,16.828601785563745,-29.364096676532533,-5.888253575325441,20.013852417095165,285.0,0.8917498076382193,0.0,0.0,1.0,1.0062,1.0,1.0062
t7_band,75496,32,S-S4,Arterial,512.020208051412,75.0,52.4400725251014,10.241797433088008,59.58563082832699,11.63735920796782,-8.74628987116536,51.70554728389832,145.35204376840704,1011.0010000000001,0.9599197528464591,0.0,0.9,1.0,0.9403,1.0,0.9403
t7_band,75496,33,S-S4,Arterial,554.9976674046155,60.0,28.024201698405392,5.0494269335324296,117.56651653670001,21.183245163261073,-26.425747852074846,9.329294254737036,36.48475256741551,2207.0,1.0533853192439027,0.0,0.0,1.0,0.9516,1.0,0.9516
t7_band,75496,34,S-S4,Arterial,152.28595898599954,75.0,15.594519884826171,10.24028740972755,3.807513643894994,2.5002394634721634,15.52330304660242,1.488661466413031,0.14735787605945916,2889.0,0.6952049651963962,0.0,2.8000000000000003,1.0,1.111,1.0,1.111
t7_band,75496,35,S-S4,Arterial,257.13661053889035,30.0,4.681154148416184,1.8204930595474997,36.63415288204934,14.246961101833708,-4.619225573842894,0.7589197976004016,72.62400432335411,3129.0,0.9681225134044206,0.0,0.0,1.0,0.969,1.0,0.969
t7_band,75496,36,S-S4,Arterial,1218.2243066778026,45.0,497.82276484909715,40.8646225592642,497.50729513157285,40.838726694619645,-485.3832899438627,-110.59189412100505,9.881175435602984,6547.999000000001,0.6037898858625711,0.0,0.0,1.0,1.25,1.0,1.25
t7_band,75496,37,S-S4,Arterial,667.7306583481962,45.0,120.34280350299572,18.022656590412463,183.2169905387444,27.43875666754299,-120.0508869717341,-8.377045556791572,53.83324617128929,6691.999000000001,0.7441835768948836,0.0,0.0,1.0,1.25,1.0,1.25
t7_band,75496,38,S-S4,Arterial,1059.3347150652953,45.0,349.9059372259883,33.03072506260882,361.8540982198724,34.15861795840123,-277.2953051134218,-213.4044954260607,15.699015814753494,6791.0,0.6470749326309801,0.0,0.0,1.0,1.25,1.0,1.25
t7_band,75496,39,S-S4,Arterial,383.6085289112717,30.0,73.68539956058706,19.20848834349833,108.03754240569924,28.16348810395929,-73.65940744153684,-1.9569884427436532,37.43516587848316,7632.999000000001,0.740721027151708,0.0,0.0,1.0,1.0211,1.0,1.0211
t7_band,75496,40,S-S4,Arterial,599.2279698380357,60.0,17.44871475179801,2.9118658724348587,117.97618195200464,19.68802991353895,-15.050780358223358,-8.827890863514998,5.513866198158723,8690.0,1.0259201986763848,0.0,0.0,1.0,1.25,1.0,1.25
t7_band,45736,1,S-M,Highway,296.59410644351794,30.0,16.240919285107008,5.475806475001503,49.03630426724659,16.533135083243756,15.228308232991516,-5.645005543519295,4.761905510850909,8578.866,1.031278722596431,0.0,0.0,1.0,0.85,1.0,0.85
t7_band,45736,2,S-M,Highway,719.1201235373318,60.0,61.53238168033871,8.556620746150537,137.21529032651173,19.0809971568524,-59.45841716389346,15.840789867279428,37.704151608560636,8798.866,0.8883097724101823,0.0,0.0,1.0,0.9123,1.0041,0.9161
t7_band,45736,3,S-M,Highway,1064.0307356267638,60.0,89.77925278825903,8.43765596069693,218.7910002678438,20.56246994960777,-89.55385320811986,-6.35779889557998,30.346846335049918,9104.966,0.8888838189862494,0.0,0.0,1.0,1.1059,1.0,1.1059
t7_band,45736,4,S-M,Highway,948.1258432643681,45.0,51.467993399542706,5.42839263006902,152.38773072981814,16.072521576371326,-47.50467143438614,-19.805568320207055,46.97197926167922,9257.866,0.9238691523774994,0.0,0.0,1.0,1.35,1.0,1.35
t7_band,45736,5,S-M,Highway,619.7285890006121,75.0,17.94508957702182,2.895636879679936,125.10245889254506,20.18665285303168,-17.800232047289125,-2.2755173016258228,26.888842214058513,9653.866,0.9505823037654169,0.0,0.0,1.0,0.85,1.0,0.85
t7_band,45736,6,S-M,Highway,1045.1212884927832,75.0,168.5245737735243,16.1248819279685,261.9813932743752,25.067080362719473,-160.78068199319378,50.49855704227131,83.16486122599468,10098.866,1.091546901020286,4.8185884531476475,0.4,1.0,1.35,1.0,1.35
t7_band,45736,7,S-M,Highway,527.8491336942978,45.0,36.25533432213072,6.868503139976332,79.48734251036177,15.058723683801025,-25.953931931672532,25.314870809379585,35.615223977359335,10366.866,1.0058640183835839,0.0,0.0,1.0,1.0705,1.0,1.0705
t7_band,45736,8,S-S2,Arterial,383.51596087782053,45.0,69.89126038398223,18.22382052210025,90.6515771463547,23.636976395679717,-22.22079860852134,-66.26480504205185,29.95531120446242,7573.200000000001,1.1763089251815124,0.0,0.0,1.0,1.25,1.0,1.25
t7_band,45736,9,S-S2,Arterial,663.8291381419549,75.0,387.1925471278067,58.32713945211131,355.8497832910449,53.60562874462872,-351.69562938187994,-161.9513903151256,96.295055142075,7645.200000000001,0.9192198455872606,0.18583170240479624,2.2,1.0,1.109,1.0,1.109
t7_band,45736,10,S-S2,Arterial,248.0932639985645,30.0,30.84296467429284,12.432004068627716,21.10811709750285,8.508137930590886,30.816207447152824,-1.2844564896168578,52.542313108090696,8269.1,1.0697941834276543,0.0,0.0,1.0,1.0053,1.0,1.0053
t7_band,45736,11,S-S2,Arterial,338.4735134374312,45.0,160.72962386368314,47.48661785418992,230.62911179056945,68.13800862831843,76.14608259313054,141.5478226363133,179.6853143415732,8728.1,1.08493806013122,1.6510679126209546,1.2000000000000002,1.0,0.8946,1.0,0.8946
t7_band,45736,12,S-S2,Arterial,198.4000418380012,30.0,47.164296261243706,23.772321731542064,121.0273456609817,61.001673457208085,-38.49119309407074,-27.25617170501625,43.738645295301524,8845.101,0.9090349871875534,0.0,0.0,1.0,0.85,1.0,0.85
t7_band,45736,13,S-S2,Arterial,795.2399514488269,60.0,41.43689003695541,5.210614728480708,256.1866778722622,32.21501603453428,-41.173296852813934,-4.666420705936909,54.25435053238954,8935.1,0.9316020805659356,0.0,0.0,1.0,1.25,1.0,1.25
t7_band,45736,14,S-S1,Urban,367.78349382229334,45.0,67.48760781750387,18.349819649631346,58.937741889520076,16.025118821128437,67.11581609171573,-7.074209445033425,1.3768610936494667,4207.0,1.1596137064461058,4.799684503867309,7.7,1.0,1.25,1.0,1.25
t7_band,45736,15,S-S1,Urban,519.1869216436147,60.0,124.90273269750209,24.057372689992185,143.38829660919768,27.61785604214885,123.9559053055397,-15.350119712488697,71.96623636623096,4331.0,1.178897603368817,0.0,0.0,1.0,1.1866,1.0,1.1866
t7_band,45736,16,S-S1,Urban,613.1675124847341,75.0,35.21330554316526,5.742852454865172,76.97529067099616,12.553713154023729,-35.207670229681696,-0.6299557717007014,82.85947686453665,4475.999000000001,1.043173563579039,8.016036926808068,1.0,1.0,1.25,1.0,1.25
t7_band,45736,17,S-S1,Urban,459.6583331865379,45.0,37.45584235216307,8.148626849099848,13.880906840342554,3.0198314352563744,-3.825781706159404,-37.25994525823822,59.74319142328039,4673.0,1.0349530651197525,0.0,0.0,1.0,1.25,1.0,1.25
t7_band,45736,18,S-S1,Urban,233.75096190398332,30.0,24.48849569018839,10.476318681523717,159.6852303296242,68.31425591960442,-24.01087675905731,-4.812922026143466,25.769591652919928,4769.999000000001,0.9913916704962307,0.0,0.0,1.0,1.0856,1.0,1.0856
t7_band,45736,19,S-S1,Urban,124.70434194091698,30.0,37.19310621514104,29.8250290537298,98.58648689323802,79.05617828443118,-24.206941802625437,-28.237406369832705,11.054025728457901,5123.999000000001,1.7921191030559338,0.0,0.0,1.0,1.25,1.0,1.25
t7_band,45736,20,S-S3a,Mixed,225.05044832033616,30.0,68.70599501956171,30.529152699916327,68.14119487642841,30.27818668436351,-64.79070685017356,22.862153386829313,4.243316116917526,45.0,0.7318974672554234,0.0,0.0,1.0,0.85,1.0,0.85
t7_band,45736,21,S-S3a,Mixed,660.7244543186248,60.0,5.390903033454618,0.815907902033687,29.32060591233978,4.437645030495623,5.280782202270514,-1.0840548179373475,18.36317266590345,153.0,1.0069059315351996,0.0,0.0,1.0,1.1021,1.0,1.1021
t7_band,45736,22,S-S3a,Mixed,195.4343382075998,30.0,43.104838056809164,22.05591834686754,43.23176731666286,22.12086561305311,42.55957154635526,-6.834466599114482,5.516181061661655,387.0,1.1977460431949565,0.0,7.800000000000001,1.0,1.2405,1.0,1.2405
t7_band,45736,23,S-S3a,Mixed,1229.654966317879,75.0,70.64349515716646,5.744985145605825,165.24587679735635,13.438393803440185,14.924982705452017,-69.04888340344513,126.65558414560161,849.0,0.8893528103951421,0.0,0.0,1.0,1.25,1.0,1.25
t7_band,45736,24,S-S3a,Mixed,1716.616105021255,75.0,394.45594943057625,22.97869327199934,431.6107865007215,25.143116462569676,-393.3879719145373,-29.006888736032224,13.128480106947848,965.999,0.7726671273890346,0.0,0.0,1.0,1.25,1.0,1.25
t7_band,45736,25,S-S3a,Mixed,604.206085632241,30.0,93.5491789196132,15.482991837416431,148.07524549420543,24.507407160465718,-93.51972412134704,-2.3473552779549234,11.64850522003087,1074.0,0.8247749208147566,0.0,0.0,1.0,1.25,1.0,1.25
t7_band,45736,26,S-S3a,Mixed,511.9479982345725,45.0,42.4516643628387,8.292182899284924,76.04214140969344,14.85348935280947,-42.39155390610432,-2.2583101206346754,43.75800050787805,1272.0,0.8856621742567368,0.0,0.0,1.0,0.991,1.0,0.991
t7_band,45736,27,S-S3a,Mixed,207.11840865271077,45.0,26.64305389650575,12.863682214351083,89.88809935864616,43.39937716949512,-26.624663471678705,-0.9897555011051802,59.160603769733484,1779.999,1.0545047646338772,0.0,4.5,1.0,0.85,1.0,0.85
t7_band,45736,28,S-S3a,Mixed,200.05131627067323,60.0,11.141474063526829,5.569308051166334,47.3620982966061,23.67497459128151,-10.62913921626359,3.3397370898812513,60.92722268981271,2093.9990000000003,1.1253116524326596,0.0,0.0,1.0,0.85,1.007,0.8559
t7_band,45736,29,S-S3a,Mixed,249.7664044834033,45.0,4.299859553100182,1.7215524089373289,29.347171955573916,11.74984762913701,-0.47881273073498215,-4.273117193018817,65.34399744515133,2265.0,0.8935317653326985,0.0,0.0,1.0,0.8571,1.035,0.8871
t7_band,45736,30,S-S4,Arterial,585.7610505539918,75.0,109.28509990354156,18.656942075643922,49.2837429894466,8.413625819408068,-24.16686602183573,-106.57952733808544,81.29242627375933,983.999,1.0443519483705324,2.3209680000512876,0.9,1.0,0.991,1.0,0.991
t7_band,45736,31,S-S4,Arterial,505.6339728595723,75.0,122.05230234830941,24.13846950553034,122.25708874207659,24.17897042215369,19.665478027615215,-120.45760035161135,17.236492792150557,1781.999,1.1895562050810395,0.0,1.1,1.0,1.25,1.0,1.25
t7_band,45736,32,S-S4,Arterial,234.92076653320157,30.0,32.39956841092358,13.791700448220917,30.967589092327433,13.182142025724556,-28.424338200341346,15.549566909941024,76.82589529680023,2754.0,0.8044309385085135,0.0,0.0,1.0,0.8601,1.0,0.8601
t7_band,45736,33,S-S4,Arterial,370.044617244353,45.0,78.55421794954468,21.22830985477426,82.80135568482739,22.3760465160748,-78.37633904294024,5.283430314733941,68.7981781756801,3394.0,0.9168488266871764,0.7301960546343472,0.30000000000000004,1.0,0.85,1.0,0.85
t7_band,45736,34,S-S4,Arterial,125.13336243153022,30.0,11.401751226032863,9.111679734708328,40.956183200074065,32.73002691227469,2.063059209565538,-11.213550629402299,85.00665241051436,4148.0,1.3127616229599217,0.0,0.0,1.0,0.85,1.0,0.85
t7_band,45736,35,S-S4,Arterial,392.65608744074865,45.0,8.72088608346801,2.220998569080883,15.72162920758108,4.003918367865227,-8.153972262160453,-3.0929905316285624,16.65883452604149,4193.0,0.988152209741295,0.0,0.0,1.0,1.0133,1.0,1.0133
t7_band,45736,36,S-S4,Arterial,435.11592687334655,30.0,117.74893985598233,27.061509952554935,119.64400132636062,27.497040199401063,-117.58604005214018,6.191609004469605,3.968659806016035,7115.0,0.7408999905998067,0.0,0.0,1.0,1.25,1.0,1.25
t7_band,45736,37,S-S4,Arterial,494.64730174739884,60.0,10.155414048742477,2.053061648747967,104.25641565304512,21.076919915411903,-8.846217549231454,4.987671758753327,22.378770204603597,8038.999000000001,1.0313813444282076,0.0,0.0,1.0,1.034,1.0,1.034
t7_band,45736,38,S-S4,Arterial,1087.475292240806,60.0,313.4240931291776,28.821261077421727,299.9152389434737,27.579039366078923,-243.37104880438218,-197.4973284824442,116.92598890031957,9170.800000000001,0.7783660425169124,0.0,0.0,1.0,1.25,1.0,1.25
t7_band,12345,1,S-M,Highway,783.698075254369,60.0,103.19575112426102,13.167794381881853,164.33600299176635,20.96930031867527,-102.76189199747462,-9.452862169723215,29.692012451472465,8807.866,0.8603967127729046,0.0,0.0,1.0,0.9223,1.0,0.9223
t7_band,12345,2,S-M,Highway,543.8158974898474,45.0,16.3270937576484,3.002320055925399,102.24496471401896,18.80139311593549,16.01862346684417,-3.158748612743771,29.656648935029466,9032.865,0.9485775670488963,0.0,0.0,1.0,1.0322,1.0,1.0322
t7_band,12345,3,S-M,Highway,1253.6196653158977,75.0,311.61549634057207,24.85725973850678,397.8425147868483,31.73550366143918,-190.77913233446463,246.38900183508582,111.70537899185052,9149.867,1.024280851401113,0.0,0.0,1.0,1.2818,1.0,1.2818
t7_band,12345,4,S-M,Highway,312.2247443755553,30.0,7.506188440014033,2.4040978734809424,21.83787511265534,6.994280724396382,7.47838981198478,0.6454074038950544,24.21074944141094,9770.865,1.0070400614797268,0.0,0.0,1.0,0.8783,1.0,0.8783
t7_band,12345,5,S-M,Highway,514.9010912767462,60.0,100.43199174286873,19.50510368774672,156.86023870475884,30.464149593431422,100.41104870463863,-2.050917715156011,120.7475553213873,9847.866,1.2388250766851099,0.0,0.0,1.0,1.35,1.0,1.35
t7_band,12345,6,S-M,Highway,548.9507548567317,30.0,237.26673797792435,43.22186204841773,254.0781330502876,46.28432164495308,-10.499384440929617,237.03431793106787,24.841922201590734,10017.965,1.0161110678704726,0.0,0.0,1.0,1.35,1.0,1.35
t7_band,12345,7,S-M,Highway,1215.9447032075054,75.0,229.35693312968073,18.862447652814037,399.51409025284437,32.85627127606853,-185.1355032810506,-135.3862925097107,101.68838465129147,10276.866,0.8571051836277269,16.4395883354947,2.3000000000000003,1.0,1.133,1.0,1.133
t7_band,12345,8,S-M,Highway,54.67298308472394,45.0,13.834911447433258,25.304841014425715,13.834911447433258,25.304841014425715,9.236901519013859,10.299729369568858,122.02607887818948,10543.866,1.2754028248517293,0.1634899821030893,22.900000000000002,1.0,1.2325,1.0,1.2325
t7_band,12345,9,S-S2,Arterial,113.8174453501425,30.0,54.1215100566292,47.55115517672392,105.24070988661202,92.46448078574824,34.282256080443304,41.87916867423138,85.67576009242822,7798.099,1.023817995416921,0.754396934513637,0.9,1.0,0.8794,1.0,0.8794
t7_band,12345,10,S-S2,Arterial,151.77327215354785,30.0,14.35122655878682,9.45570083266558,49.714944520002334,32.75606028293711,-9.222927164931974,10.995240709142664,3.2512999817114405,7881.1,0.8563264045641861,0.0,0.0,1.0,0.85,1.0,0.85
t7_band,12345,11,S-S2,Arterial,447.2158137852094,60.0,174.765687091274,39.07860180794304,210.7872992453905,47.13323919860944,15.446183841973511,-174.08176466593235,91.91823933177324,8134.1990000000005,1.2595076835625816,0.0,0.0,1.0,1.25,1.0,1.25
t7_band,12345,12,S-S2,Arterial,405.3951175276845,45.0,43.22266840953953,10.66186210458932,168.87783983978204,41.657590962044424,-43.1289195992038,2.8452343746026383,26.64623624216256,8260.1,0.8840013607639774,0.0,0.0,1.0,0.8591,1.0,0.8591
t7_band,12345,13,S-S2,Arterial,564.670244756734,45.0,53.00386747110927,9.38669390910511,297.359714059221,52.66077269350836,52.843219926750386,4.123599722088244,36.788998062254905,8530.2,1.1165746355900557,0.0,0.0,1.0,1.25,1.0199,1.2749
t7_band,12345,14,S-S2,Arterial,1343.456906371082,75.0,505.1240447303479,37.59882749754725,582.9772445744534,43.39381797881255,-505.0450630491205,8.932236811486717,48.99987739499164,9061.2,0.6368045617537262,0.0,0.0,1.0,1.25,1.0,1.25
t7_band,12345,15,S-S1,Urban,498.7707254824574,60.0,72.01697448729178,14.438893625448902,94.35185037102849,18.91687814672014,-71.91794403151957,3.7754391244532144,89.69183734883211,4180.0,0.9042168755487647,16.421863177817084,5.2,1.0,0.9481,1.0,0.9481
t7_band,12345,16,S-S1,Urban,121.0194791617665,30.0,14.929455796146899,12.336407245804393,16.683949417417168,13.786168584576178,-14.929379454098674,0.047743948732552055,7.579688981060087,4393.999000000001,0.8721042382287555,0.0,6.7,1.0,1.0353,1.0,1.0353
t7_band,12345,17,S-S1,Urban,191.77579845013074,45.0,6.6927583635137875,3.489886845786836,30.21246627281754,15.754055786488601,-6.557958861714075,-1.3364842237937495,1.1688898586700134,4592.999000000001,0.8817797547526176,0.0,22.5,1.0,1.0269,1.0,1.0269
t7_band,12345,18,S-S1,Urban,105.77425225241359,45.0,13.894087770182903,13.13560481337826,21.38937478457782,20.221721571271853,-13.205344556153454,-4.320248849176913,12.845398475302545,4788.0,1.1036345096467348,17.08788602810304,29.400000000000002,1.0,1.016,1.0,1.016
t7_band,12345,19,S-S1,Urban,180.13164778791392,30.0,310.847975635993,172.56710825295053,298.8130200522939,165.88590829087113,-126.88345689089694,-283.7728886352796,152.28175407393144,4865.999000000001,0.9518654018532064,1.4539566680938631,0.7000000000000001,1.0,1.25,1.0,1.25
t7_band,12345,20,S-S1,Urban,555.0088184825844,75.0,26.920484694469597,4.850460713051595,77.10832950987009,13.893171953679447,26.509698173284246,-4.6849118397833145,50.46687000474827,4982.0,1.0137985650314292,0.0,26.5,1.0,1.2204,1.0,1.2204
t7_band,12345,21,S-S3a,Mixed,1769.1501173916868,75.0,417.9264185276036,23.62300487783171,482.13081746914776,27.252114601782253,-417.92548913824197,-0.8813806617228863,6.345197034534522,957.0000000000001,0.7542373393171105,0.0,0.0,1.0,1.25,1.0,1.25
t7_band,12345,22,S-S3a,Mixed,1231.7818929957293,75.0,76.16322389141861,6.183174499033059,91.66079625590842,7.441317068964759,-76.13221399038142,-2.1731696797837827,20.866981168163335,1146.0,0.9342827210877677,0.0,0.0,1.0,1.25,1.0,1.25
t7_band,12345,23,S-S3a,Mixed,138.51106062656623,60.0,31.34698275267483,22.631393197679785,35.44826879592393,25.59237409313794,30.40391275217982,-7.631213340900025,12.353787458575624,1307.999,1.3032596627710478,14.882850304004945,38.0,1.0,1.0831,1.0116,1.0957
t7_band,12345,24,S-S3a,Mixed,488.7073372724425,45.0,93.32667277772879,19.096638347727822,83.78535458341625,17.14428006156739,93.1964829713591,-4.9278203630446065,8.568950958085452,1572.999,1.1749474629387286,0.0,0.0,1.0,1.2119,1.0,1.2119
t7_band,12345,25,S-S3a,Mixed,238.0199395775557,30.0,16.68193722762929,7.008630141338935,14.748115283637892,6.196167980637777,-16.47278829329436,2.633301257142514,35.205673934005546,1734.999,0.9993134442623964,0.0,0.0,1.0,0.85,0.9936,0.8446
t7_band,12345,26,S-S3a,Mixed,207.11840865271077,45.0,26.64305389650575,12.863682214351083,89.88809935864616,43.39937716949512,-26.624663471678705,-0.9897555011051802,59.160603769733484,1779.999,1.0545047646338772,0.0,4.5,1.0,0.85,1.0,0.85
t7_band,12345,27,S-S3a,Mixed,257.0707501113978,60.0,10.604498884894031,4.12512854157804,78.69636516878236,30.61272631549115,-10.321322534668353,2.4342756078689995,83.35500596369002,1904.999,1.101970017512733,0.1286622539438157,3.1,1.0,0.9652,1.0,0.9652
t7_band,12345,28,S-S3a,Mixed,98.90739891707942,30.0,12.288101835961971,12.423844899878416,17.522880687004108,17.716450820524248,-10.302189912427048,6.697934736861679,29.989433180787216,2291.9990000000003,0.8117708985622406,0.0,0.0,1.0,0.8525,1.0,0.8525
t7_band,12345,29,S-S3a,Mixed,294.92856772094046,30.0,381.7758362222794,129.4468824001862,296.7649736245632,100.62266124906569,-294.7479614995184,-242.64465441278355,81.11625028930382,2363.9990000000003,0.7801748668823337,0.0,0.0,1.0,0.85,1.0,0.85
t7_band,12345,30,S-S4,Arterial,458.8808663714479,75.0,10.25972434823492,2.2358143692855643,47.97107716890911,10.45392839065951,-9.844993431039876,-2.8875678424144637,61.78300168693994,1727.999,0.9293860959393889,0.0,0.6000000000000001,1.0,1.0352,1.0,1.0352
t7_band,12345,31,S-S4,Arterial,232.91056931938414,30.0,24.884887270685162,10.684310009375817,149.54588419424562,64.20742718170823,-24.882167284372496,-0.36792078931686145,67.16535546192318,2790.0,1.0977455989287173,0.0,0.0,1.0,1.0461,1.0,1.0461
t7_band,12345,32,S-S4,Arterial,291.3009575322234,45.0,2.3529921345321245,0.8077529694600606,9.513279184017863,3.265790564030506,1.3621768525710154,-1.918605276624081,10.18324451063512,4613.999000000001,0.9530646745270728,0.0,0.0,1.0,1.0333,1.0,1.0333
t7_band,12345,33,S-S4,Arterial,211.5995001088083,30.0,72.51558880530636,34.27020799577387,67.22613948616191,31.770462336438893,-72.24845642468476,6.21861431757123,43.28731473558685,4906.999000000001,0.6636244173658133,0.0,0.0,1.0,0.85,1.0,0.85
t7_band,12345,34,S-S4,Arterial,674.9360141089741,75.0,148.26845803284232,21.967779898155374,147.9457369713592,21.919964837951607,-107.57670168644196,-102.03327350282851,121.29286105388525,4970.0,0.7882324378061467,0.0,0.0,1.0,0.85,1.0,0.85
t7_band,12345,35,S-S4,Arterial,183.4425225563541,60.0,6.873952345213757,3.7471968055291316,32.98506192117311,17.98114279149209,-6.869365738831402,-0.2510680992062232,48.01728456855943,5222.0,0.6129985566078802,0.0,2.0,1.0,1.1499,1.0,1.1499
t7_band,12345,36,S-S4,Arterial,1115.3688392277472,45.0,754.1035123701114,67.61023670808602,526.4880574955182,47.20304521507388,-738.9694940427603,-150.3203054917255,36.954611300572964,6710.0,0.6394506124316153,0.0,0.0,1.0,1.25,1.0,1.25
t7_band,12345,37,S-S4,Arterial,343.6883113248635,30.0,9.9128964504046,2.8842692997594157,14.718770748693819,4.282592763179903,9.839989749195254,-1.2000490707368772,2.787836943319064,7087.999000000001,0.9402642132727975,0.0,0.0,1.0,1.1908,1.0,1.1908
t7_band,12345,38,S-S4,Arterial,716.5876912876818,60.0,50.34075588746927,7.025065668796065,67.11925610768418,9.36650976896817,50.31035226301358,-1.7493308701493246,63.11960774710849,7606.000000000001,1.0270777840862697,0.0,0.0,1.0,1.25,1.0,1.25
t7_band,12345,39,S-S4,Arterial,403.4263825753887,45.0,70.61949758436862,17.50492794584942,134.7022391173727,33.38954637955557,70.45236101179607,-4.855745764782233,18.87524388857838,8011.999000000001,1.128863455563317,0.0,0.0,1.0,1.0512,1.0,1.0512
t7_band,987654,1,S-M,Highway,427.08928122812824,60.0,73.26602371714316,17.15473249678874,86.62910533288502,20.283605592670536,-73.18130078377477,-3.5224206045939876,4.341152341636132,8726.866,0.844080153945552,0.0,0.0,1.0,0.9602,1.0,0.9602
t7_band,987654,2,S-M,Highway,818.6155364482948,75.0,22.890976066229463,2.7963036427998818,205.8166278515825,25.142037829449652,22.856759751824377,1.251127056725772,8.703566908894288,8906.865,1.000355517564662,0.0,0.0,1.0,0.8765,1.0,0.8765
t7_band,987654,3,S-M,Highway,423.20936379262923,30.0,44.692198629398966,10.56030476946109,47.530324292510194,11.230924539703674,44.63570224632874,-2.246486881051113,14.912821023935777,9365.866,1.0664857388856286,0.0,0.0,1.0,1.1239,1.0,1.1239
t7_band,987654,4,S-M,Highway,385.85668169977976,60.0,86.19253357925186,22.337965795889716,114.9310988043344,29.785955318445893,31.63880390650633,80.17567543947541,70.81411390470277,9698.866,1.2392956850425545,1.0231942574747859,1.7000000000000002,1.0,0.9401,1.0,0.9401
t7_band,987654,5,S-M,Highway,127.49065222729283,45.0,28.36749896076966,22.250650118406742,30.901706212774343,24.238409383679503,-28.364028077069584,0.4437437689431576,4.680102392339734,9797.965,0.8436376198860525,0.04127545585240478,11.8,1.0,0.85,1.0,0.85
t7_band,987654,6,S-M,Highway,498.83433485424433,45.0,130.08524278435135,26.077844625984152,220.07717085409746,44.11828847314657,130.05997943316947,-2.5636185572665156,46.63855818965044,9865.865,1.250850801122987,0.0,0.0,1.0,1.35,1.0,1.35
t7_band,987654,7,S-M,Highway,427.1267600882112,30.0,8.038980861284509,1.8821065811058715,30.311451182905746,7.096593801953724,-6.610843999058085,-4.574052350839063,11.10581459467349,9999.866,0.9890984456271114,0.0,0.0,1.0,1.35,1.0,1.35
t7_band,987654,8,S-M,Highway,485.52801697754387,75.0,43.10040105297373,8.877016268036941,203.92771614149586,42.00122526625023,27.063816887097367,33.54391727912592,16.57254435796355,10152.865,1.1201284600441046,2.7848288950497353,15.4,1.0,1.0051,1.0,1.0051
t7_band,987654,9,S-S2,Arterial,263.72929562995785,60.0,44.943456328185746,17.041510773701273,47.12357489849951,17.86816090565048,-44.5090377583972,6.233764877272147,146.82584493928567,7618.101000000001,1.0621704126484988,0.0,0.0,1.0,0.975,1.0,0.975
t7_band,987654,10,S-S2,Arterial,113.8174453501425,30.0,54.1215100566292,47.55115517672392,105.24070988661202,92.46448078574824,34.282256080443304,41.87916867423138,85.67576009242822,7798.099,1.023817995416921,0.754396934513637,0.9,1.0,0.8794,1.0,0.8794
t7_band,987654,11,S-S2,Arterial,280.8252391519308,30.0,76.12762292158756,27.108540226472073,48.81035468217258,17.381042683191815,75.9688643135109,-4.913921713539127,45.03651984640328,8033.1,1.194098445863221,9.503945443435592,5.2,1.0,1.25,1.0,1.25
t7_band,987654,12,S-S2,Arterial,347.2174278735249,45.0,194.38659285413004,55.98411175516686,191.17124884014243,55.058079892745816,-139.30925442689835,-135.5694623152981,80.50180933041867,8206.2,1.294653272403676,0.0,0.0,1.0,1.1062,1.0,1.1062
t7_band,987654,13,S-S2,Arterial,566.2036149193818,75.0,16.011138940523516,2.827805849103108,108.51319816562659,19.165048633798833,-6.5694424920269,14.601335401828834,56.935210903096106,8386.201000000001,0.9348411778441846,5.193206920147146,5.9,1.0,0.9263,1.0,0.9263
t7_band,987654,14,S-S2,Arterial,265.2414706002461,45.0,15.98761497846614,6.027569875210648,145.56493292922826,54.88015603284519,-15.505494810902603,-3.8965963825815186,41.432350860712376,8854.1,0.8711262044713145,4.252010278915523,1.5,1.0,0.8898,1.0,0.8898
t7_band,987654,15,S-S1,Urban,242.83061682813025,60.0,56.02095074160336,23.069970118823054,61.296249566186695,25.242389269871484,55.868074230573285,-4.13584377851762,10.793442075521,4216.0,1.3143743652433744,18.173085443573058,31.6,1.0,1.2345,0.9803,1.2102
t7_band,987654,16,S-S1,Urban,254.781794447736,30.0,22.019623655171184,8.642542024205785,21.47306830476941,8.428023027043336,21.981336070186817,1.2979562723290432,71.0186966093849,4331.0,1.0303066050614926,0.0,0.0,1.0,1.1866,1.0,1.1866
t7_band,987654,17,S-S1,Urban,191.77579845013074,45.0,6.6927583635137875,3.489886845786836,30.21246627281754,15.754055786488601,-6.557958861714075,-1.3364842237937495,1.1688898586700134,4592.999000000001,0.8817797547526176,0.0,22.5,1.0,1.0269,1.0,1.0269
t7_band,987654,18,S-S1,Urban,105.77425225241359,30.0,13.894087770182903,13.13560481337826,21.38937478457782,20.221721571271853,-13.205344556153454,-4.320248849176913,12.402292274282388,4788.0,1.0716346253702562,13.805134326349942,14.4,1.0,1.016,1.0,1.016
t7_band,987654,19,S-S1,Urban,284.2776100888617,45.0,19.24993473222585,6.7715268628466925,21.82748623409381,7.6782291181042375,18.404326460608623,-5.642761267880866,32.40741184661624,4999.900000000001,1.01746948041027,0.0,18.2,1.0,1.1741,1.0,1.1741
t7_band,987654,20,S-S1,Urban,155.02425348000529,75.0,62.29587682112005,40.1846004239297,59.08514984781626,38.11348774237893,32.96215563932083,-52.860879339274646,156.89782481313244,5065.999000000001,0.8274064811163897,0.0,30.700000000000003,1.0,0.8963,1.0,0.8963
t7_band,987654,21,S-S3a,Mixed,666.7759832065091,60.0,51.162058669292364,7.673050613379219,61.297610042619986,9.193134063983726,-49.98788503949053,-10.898054714433819,17.793435567023266,143.999,0.9296262414595451,0.0,0.0,1.0,1.0954,1.0,1.0954
t7_band,987654,22,S-S3a,Mixed,343.4174747817301,60.0,7.5813004547697265,2.2076047410191526,110.05405327933725,32.04672486433185,7.568666716966584,-0.4374936719244529,37.444761659932226,519.0,1.0285531541089816,0.0,17.1,1.0,1.178,1.0,1.178
t7_band,987654,23,S-S3a,Mixed,389.703307789954,30.0,8.215124491319616,2.10804587159098,14.892396579892218,3.8214704063838902,-5.531533654481138,6.073747264845807,66.67658664791507,758.999,0.9662820723847746,0.0,0.0,1.0,1.25,1.0,1.25
t7_band,987654,24,S-S3a,Mixed,338.24202909803245,30.0,33.01152734497382,9.75973548674701,43.40788503103314,12.833380034641484,33.00208852327782,0.7893609755296396,9.931923731117934,1253.999,1.0789238425291905,0.0,0.0,1.0,1.1503,1.0,1.1503
t7_band,987654,25,S-S3a,Mixed,391.5396147133529,45.0,43.03708540864472,10.991757613122308,40.977894632516396,10.465836174078175,42.52717303401256,-6.6053216580371625,8.766471779883972,1653.999,1.0863035709074766,0.0,0.0,1.0,1.032,1.0159,1.0484
t7_band,987654,26,S-S3a,Mixed,213.90171974270731,30.0,33.44358373606065,15.635023307100301,45.086155882159076,21.077977276849932,-12.48312293218158,-31.0265198656076,106.00368365829371,1762.0,1.0632724780358018,0.0,0.0,1.0,0.85,1.0,0.85
t7_band,987654,27,S-S3a,Mixed,649.9862446243249,75.0,124.77798956384811,19.197020028626383,297.1060097835349,45.70958420131713,67.05744930591555,-105.22758750527524,62.619423094812106,1832.999,1.256070203774815,0.0,0.0,1.0,1.25,1.0,1.25
t7_band,987654,28,S-S3a,Mixed,117.86811273614683,45.0,6.311275557882101,5.354523298434565,71.55246808432162,60.70553470597693,-5.4753617093198255,3.1388872741202896,32.304868550569495,2111.9990000000003,1.4490501059823255,0.0,0.0,1.0,1.0459,1.0,1.0459
t7_band,987654,29,S-S3a,Mixed,744.0517077882085,75.0,48.55634470670786,6.525936866813729,20.516376026415966,2.7573857853782218,38.29604366391722,29.85182826843246,21.6181257371033,2372.9990000000003,1.0279329781248503,0.0,0.0,1.0,0.9348,1.0,0.9348
t7_band,987654,30,S-S4,Arterial,746.4163097109229,60.0,832.5683894056407,111.5420950177366,861.6256693375663,115.43500029779126,-279.96211630944083,-784.0863067730756,115.82525612826521,1547.999,0.9603222994260713,0.0,0.0,1.0,1.25,1.0,1.25
t7_band,987654,31,S-S4,Arterial,897.9297776571389,75.0,134.20047824609458,14.9455426900139,201.03568236272832,22.388797806357058,-134.1992889647232,0.5649803918928455,142.99748269650905,2243.0,0.8275672385913584,0.0,0.0,1.0,0.9097,1.0,0.9097
t7_band,987654,32,S-S4,Arterial,201.7132984681376,30.0,10.898886584260568,5.403157187468303,25.08176144882913,12.434361858789899,-10.060120014630044,4.192816960924361,62.59950485995782,2745.0,0.8016519898212618,0.0,0.0,1.0,0.85,1.0,0.85
t7_band,987654,33,S-S4,Arterial,909.1128397279243,45.0,257.1187387052587,28.28237898193234,252.71800099903083,27.7983095117943,-255.78154968660817,-26.188635575383984,49.39721231044493,6682.999000000001,0.7183903843923831,0.0,0.0,1.0,1.25,1.0,1.25
t7_band,987654,34,S-S4,Arterial,579.2657750776938,45.0,41.80078810512723,7.2161674146070025,271.91375590771304,46.941105034427885,41.7992167059704,-0.36244858541745373,38.446659540798436,7588.000000000001,1.009711925713084,0.0,0.0,1.0,1.115,1.0,1.115
t7_band,987654,35,S-S4,Arterial,750.5722351617737,45.0,68.93133805307565,9.183837987055119,136.89766866029277,18.23910641069566,-66.90478444954111,-16.591539517110398,29.538835895551927,7678.000000000001,0.8845614268263622,0.0,0.0,1.0,1.25,1.0,1.25
t7_band,987654,36,S-S4,Arterial,709.3914725673854,60.0,115.88476585445487,16.33579910892528,172.81469130785825,24.360976694915443,-115.8567296160159,-2.548952691443425,104.6741934540791,7876.999000000001,0.9092357032413657,0.0,0.0,1.0,1.2141,1.0,1.2141
t7_band,987654,37,S-S4,Arterial,448.2073809849286,30.0,55.05459568966415,12.283286270003531,60.00831377108069,13.388515298256214,-55.00432879622649,-2.3520884823909185,5.096915866555264,8357.0,0.8773208319946499,0.0,0.0,1.0,1.2463,1.0,1.2463
t7_band,987654,38,S-S4,Arterial,265.2023800060632,30.0,41.425397977062445,15.620296460429712,72.88694201172545,27.483517308577348,-41.40440199984586,1.3187465993017042,107.7620341483152,8671.999,0.8863744164717144,0.0,0.0,1.0,1.1422,1.0,1.1422
t7_band,987654,39,S-S4,Arterial,934.3708203197764,75.0,1267.701152488624,135.67430884183324,1285.9927698145968,137.63194888454268,-1244.351663447978,242.18825259544718,72.85708608230209,9098.900000000001,0.796476414193944,0.0,0.0,1.0,1.2161,1.0,1.2161
t7_band,314159,1,S-M,Highway,251.82914529169057,30.0,101.88507965385095,40.45801749270869,97.56140721868341,38.74111040867778,101.61651390358257,-7.392804485076184,7.202618749303639,8780.866,1.3092392998128046,0.0,0.0,1.0,1.2133,1.0224,1.2405
t7_band,314159,2,S-M,Highway,448.95398291648814,45.0,28.19230933645444,6.279554343924511,52.98912734455229,11.802797026172952,28.140601226785112,-1.7067127225741447,24.465422576371026,8879.866,1.0111929350012323,0.0,0.0,1.0,0.9237,1.0,0.9237
t7_band,314159,3,S-M,Highway,1174.598854097475,75.0,81.14087567372819,6.907964824814537,348.44890783804965,29.665353973615687,81.12074425730246,-1.8073616795609837,48.25895541818525,9410.865,1.0409566094486646,0.0,0.0,1.0,1.2027,1.0,1.2027
t7_band,314159,4,S-M,Highway,954.223430562703,75.0,10.514464373612437,1.1018870462457713,298.511441667836,31.28318086800746,10.501822962003356,-0.5154372306151993,43.6778569161626,9545.865,0.9758713124428161,0.0,0.0,1.0,1.0027,1.0,1.0027
t7_band,314159,5,S-M,Highway,454.7242394214451,60.0,11.363224296969673,2.4989264507709845,51.49693682404883,11.324871726558811,-10.861845888914349,-3.338138749170917,11.2480215915202,9662.865,0.9279475399226328,0.0,0.0,1.0,0.85,1.0,0.85
t7_band,314159,6,S-M,Highway,285.0293085231636,30.0,52.22886774674602,18.324034120337316,72.0384556264453,25.274051991250197,51.92081279914636,-5.664258502494963,9.325740642200572,9910.865,1.1824091554721097,0.0,0.0,1.0,1.0504,0.9916,1.0416
t7_band,314159,7,S-M,Highway,944.5454113194985,60.0,28.34464377006447,3.0008767636135083,150.75615693852424,15.96071031967885,28.02295209207795,-4.258284454678714,20.17532160828725,10026.865,1.011198633379855,0.0,0.0,1.0,1.35,1.0,1.35
t7_band,314159,8,S-M,Highway,54.67298308472394,45.0,13.834911447433258,25.304841014425715,13.834911447433258,25.304841014425715,9.236901519013859,10.299729369568858,122.02607887818948,10543.866,1.2754028248517293,0.1634899821030893,22.900000000000002,1.0,1.2325,1.0,1.2325
t7_band,314159,9,S-S2,Arterial,498.960672253589,75.0,78.38180911763682,15.709015454789288,95.61982428985947,19.163799795680525,57.55114079809073,53.21253793413722,132.10857467537915,7573.200000000001,1.2612323266965046,0.0,0.0,1.0,1.25,1.0,1.25
t7_band,314159,10,S-S2,Arterial,632.0199215559988,60.0,64.39410053716405,10.188618798380478,129.6282330638715,20.51014986121542,-43.220019433304415,47.73499873442108,162.2375796469977,7970.1990000000005,0.8220560698569385,0.0,0.0,1.0,0.9988,1.0,0.9988
t7_band,314159,11,S-S2,Arterial,280.67219450907874,45.0,91.51641483118696,32.606156442129056,114.37092949918188,40.74893478466118,77.13974240983467,-49.24138832829812,95.63125515926043,8359.2,1.0260374390009217,0.0,0.0,1.0,0.9302,1.0,0.9302
t7_band,314159,12,S-S2,Arterial,391.759845436425,30.0,82.05413553395043,20.9450091656385,136.7547053840345,34.907790315183576,-30.705290201778784,76.0924852521486,35.049015590739714,8647.1,0.76956995702629,0.0,0.0,1.0,0.9764,1.0,0.9764
t7_band,314159,13,S-S2,Arterial,198.4000418380012,30.0,47.164296261243706,23.772321731542064,121.0273456609817,61.001673457208085,-38.49119309407074,-27.25617170501625,43.738645295301524,8845.101,0.9090349871875534,0.0,0.0,1.0,0.85,1.0,0.85
t7_band,314159,14,S-S2,Arterial,328.3427892753167,45.0,195.24321698854956,59.46322665390936,69.99414435547119,21.31739957193969,-160.29444634469664,-111.47019445163365,15.936669610460086,9312.1,0.9594537884795299,0.0,0.0,1.0,1.25,1.0,1.25
t7_band,314159,15,S-S1,Urban,350.4209584234263,30.0,43.81540338681857,12.503648064872547,40.29119860782008,11.497942014967828,43.63923028169356,-3.9251948194901907,0.14789734235105811,4207.0,1.1592721128018917,0.0,0.0,1.0,1.25,1.0,1.25
t7_band,314159,16,S-S1,Urban,375.2656671401586,60.0,68.22547583682592,18.18058026910953,91.95602197725415,24.504245932764572,-66.89224662392733,13.421732181987512,98.93584023408619,4375.999000000001,0.8483087982211326,0.0,6.7,1.0,0.8971,1.0,0.8971
t7_band,314159,17,S-S1,Urban,301.4854626724725,45.0,6.230046677726255,2.06645011089455,39.81449725798082,13.206108481998168,5.739841077407975,-2.422334826721527,16.98525975099301,4457.999000000001,1.0495899915780418,0.0,0.0,1.0,1.25,1.0,1.25
t7_band,314159,18,S-S1,Urban,110.71098871230231,30.0,80.47345371378793,72.68786472760101,103.64661526480779,93.61908557618227,68.61668531293871,-42.04434860109397,138.24873601187517,4557.0,1.3842320491403863,0.0,0.0,1.0,1.1117,1.0,1.1117
t7_band,314159,19,S-S1,Urban,329.19584120109806,75.0,67.27433705984059,20.43596201409612,60.597172734849856,18.407636169933404,67.17493321271184,3.6557864692491435,10.907096240371175,4700.0,1.2218793325883803,5.63141199919178,9.1,1.0,1.2356,1.0,1.2356
t7_band,314159,20,S-S1,Urban,133.1744210584332,45.0,49.67332025815784,37.299445241336976,117.01027806249105,87.86242668263617,-17.027655274404424,-46.66366575104833,29.850496284209925,5123.999000000001,1.780059604148471,0.0,6.6000000000000005,1.0,1.25,1.0,1.25
t7_band,314159,21,S-S3a,Mixed,235.67019116312846,30.0,2.633170220159289,1.1173115306452293,127.099992663998,53.93129781781384,-2.225601832163309,-1.4072248906997915,16.44704418311602,98.99900000000001,1.1529723123002464,0.0,0.0,1.0,1.25,0.9861,1.2326
t7_band,314159,22,S-S3a,Mixed,254.06524017411385,30.0,37.90491943962712,14.919364574882593,39.34678417790081,15.486882090181247,37.55478881753831,-5.140112313434623,3.336568105106153,189.0,1.1251769785904588,0.27085715568071134,5.7,1.0,1.068,1.0331,1.1034
t7_band,314159,23,S-S3a,Mixed,475.09849544200557,45.0,40.4348625285639,8.51083784025574,116.2988693126155,24.478896571629303,40.14583236047571,-4.825997491549563,13.407698019697307,254.99900000000002,1.123070930758307,0.0,8.3,1.0,1.2387,1.0,1.2387
t7_band,314159,24,S-S3a,Mixed,333.3256230673337,45.0,37.43770605385278,11.231571611369986,24.022063255866644,7.206785675463674,37.35648228835372,-2.4647648193286074,1.9845066731223255,378.0,1.0373626255207,0.0,7.800000000000001,1.0,1.1828,1.0,1.1828
t7_band,314159,25,S-S3a,Mixed,343.4174747817301,75.0,7.5813004547697265,2.2076047410191526,110.05405327933725,32.04672486433185,7.568666716966584,-0.4374936719244529,37.22009230986467,519.0,1.0277599601991403,0.0,31.700000000000003,1.0,1.178,1.0,1.178
t7_band,314159,26,S-S3a,Mixed,760.9367917587459,60.0,157.86145527154395,20.745672568503394,172.21095694128041,22.63144045686776,-157.63508450135748,-8.450987794308709,7.191247009157536,623.999,0.7933670444136052,0.0,0.0,1.0,1.25,1.0,1.25
t7_band,314159,27,S-S3a,Mixed,603.876045450248,30.0,123.61871243790216,20.47087533431343,138.90720272396342,23.002601903242358,-122.51479439816768,-16.48366519859737,3.3766782048468826,867.0,0.7814927164964323,0.0,0.0,1.0,1.25,1.0,1.25
t7_band,314159,28,S-S3a,Mixed,1516.8425334734472,75.0,182.79580262027469,12.051073106559521,222.67888073000742,14.680421719193932,-180.30512306033614,30.072712777324412,16.52104735090643,993.0000000000001,0.8655237389781679,0.0,0.0,1.0,1.25,1.0,1.25
t7_band,314159,29,S-S3a,Mixed,604.9259033017199,60.0,78.91183985886366,13.044876972230544,74.00102616736461,12.233072805026666,78.55929733134309,-7.450857179987736,0.7582972234754095,1546.0,1.0906369652298105,0.0,0.0,1.0,1.25,1.035,1.2938
t7_band,314159,30,S-S3a,Mixed,294.225288472987,45.0,150.10715513738452,51.01776122522723,185.1584316628891,62.93083528742588,139.33268061353425,55.84408774871055,142.38883069818945,2219.9990000000003,0.7590622556369955,0.0,0.0,1.0,0.85,1.0,0.85
t7_band,314159,31,S-S4,Arterial,509.6097765756361,45.0,206.4123312652218,40.50399751987218,86.4116302944425,16.956431031424163,-84.81223678119697,-188.1832484322498,108.8012842439316,693.0,1.0254458448254948,0.0,0.0,1.0,1.2027,1.0,1.2027
t7_band,314159,32,S-S4,Arterial,616.3999516839654,45.0,65.27649364662548,10.58995761896059,149.93030063097598,24.323541918096513,-65.23207161087787,-2.407790719983158,16.56110449225571,1521.0,0.9119827485276124,0.0,0.0,1.0,1.25,1.0,1.25
t7_band,314159,33,S-S4,Arterial,625.5146730841803,60.0,219.77422911757657,35.134943842956,141.5534303431192,22.629913642980085,-179.00654086954896,127.50439251313475,137.0710971344751,2234.0,0.8158402215661288,0.0,0.0,1.0,0.85,1.0,0.85
t7_band,314159,34,S-S4,Arterial,440.756279466452,45.0,13.536829141382396,3.071273121229064,73.61704089926572,16.702437226392156,-0.5877930484616982,13.524061613848104,86.73646106741523,2546.0,0.9466592325299273,0.0,0.0,1.0,0.8922,1.0,0.8922
t7_band,314159,35,S-S4,Arterial,226.64428517034582,30.0,19.246571015292314,8.491972784942092,24.582984634036933,10.846505401872527,19.134211915800496,-2.076639161705449,30.841697813202728,4348.999000000001,1.0259474869404948,0.0,0.0,1.0,0.9787,1.0,0.9787
t7_band,314159,36,S-S4,Arterial,627.4258978727169,75.0,47.20165148152578,7.523063941345527,97.88026688564742,15.600291160678859,-47.197952456897674,0.5909200113820177,7.715934341756849,5332.0,0.9201810687791481,0.0,1.1,1.0,1.1288,1.0,1.1288
t7_band,314159,37,S-S4,Arterial,363.68766426295684,30.0,53.54572678328079,14.722997793118894,47.34279348829642,13.017431752666264,53.52490794629392,1.4930124214203957,25.919816985658997,5712.0,1.094590339721457,0.0,0.0,1.0,1.25,1.0,1.25
t7_band,314159,38,S-S4,Arterial,780.2399620221747,60.0,104.33505295564755,13.372174976175124,151.53895972531123,19.422096675561516,-104.31691999323544,-1.9451165473298246,10.212523002529053,5972.999000000001,0.8287888207369072,0.0,0.0,1.0,1.25,1.0,1.25
t7_band,314159,39,S-S4,Arterial,182.92241218330372,30.0,6.985231261117691,3.818685298178716,69.30293189265358,37.886517603543396,-0.9902964686900896,6.914677770901243,75.00439945297651,7525.000000000001,1.1307974181494587,0.0,0.0,1.0,1.1844,1.0,1.1844
t7_band,314159,40,S-S4,Arterial,759.6562336548984,75.0,28.28326733361043,3.723166622030135,128.5348879029805,16.920138637521163,28.279241173930526,0.47721032171064426,45.13279910411637,8699.0,1.0766061247219294,0.0,0.0,1.0,1.25,1.0,1.25
