config,seed,scenario_id,trip,domain,dist_m,duration_s,map_err_m,map_drift_pct,pure_err_m,pure_drift_pct,final_at_m,final_ct_m,hdg_seed_err,t_start_s,speed_ratio,creep_m,gt_stop_s,r1_gyro_scale,r1_scale_engine,r1_scale_ekf,r1_scale_effective,r1_turns,r1_anchors
t9e_t8,541098,1,S-M,Highway,301.50211302841956,30.0,76.66181843195929,25.42662725044755,96.167456652298,31.896113657828085,76.59521974191394,-3.1947954523899114,29.845977932678437,8551.867,1.1551967488595878,0.0,0.0,1.0,0.9515,1.0,0.9515,1.0,0.0
t9e_t8,541098,2,S-M,Highway,600.1756005696226,45.0,94.55530225613131,15.754606179656342,104.318334302209,17.38130210611714,94.18455213704716,-8.365125431946367,9.071130062640918,8861.866,1.12893327928808,0.0,0.0,1.0,1.0193,1.0,1.0193,2.0,0.0
t9e_t8,541098,3,S-M,Highway,1174.598854097475,75.0,84.54628860369692,7.197886181206916,346.7142489277777,29.517673009666108,84.52728156550437,-1.792648265990465,48.25895541818525,9410.865,1.0315112616577709,0.0,0.0,1.0,1.2027,1.0,1.2027,7.0,0.0
t9e_t8,541098,4,S-M,Highway,326.68651659871364,45.0,59.41456840425837,18.187028048433486,84.50039929469202,25.865897428049756,59.34162416872553,-2.94322606709499,20.624059800463158,9698.866,1.2236945222194744,1.029599105622452,1.7000000000000002,1.0,0.9401,1.0,0.9401,1.0,0.0
t9e_t8,541098,5,S-M,Highway,288.585563099286,75.0,13.416992020678782,4.649224956573019,82.81500479517115,28.69686338629462,-9.340436999505748,9.631817665488802,80.9928195909855,9788.866,0.965408496368752,0.04162459833459232,11.8,1.0,0.9492,1.0,0.9492,1.0,1.0
t9e_t8,541098,6,S-M,Highway,427.1267600882112,30.0,5.0616828428764755,1.1850540204577968,30.359866859474153,7.107929002904001,-2.371436318326033,-4.471791921589638,11.10581459467349,9999.866,0.9893493722916471,0.0,0.0,1.0,1.35,1.0,1.35,0.0,0.0
t9e_t8,541098,7,S-M,Highway,603.3384456646849,60.0,125.33945345170171,20.774319016521144,238.38923550076416,39.51169318211372,48.09471640438397,-115.74487826920542,29.17141243727849,10204.866,1.431593951184757,0.0,0.0,1.0,1.35,1.0,1.35,2.0,0.0
t9e_t8,541098,8,S-M,Highway,314.7221984450349,60.0,52.42306309987718,16.656932163948607,116.12530198861555,36.897715687791376,27.136669101790332,-44.852856484661515,9.909425495022845,10467.866,1.1475057091570682,0.9456652018543967,22.8,1.0,1.1067,1.0214,1.1303,2.0,0.0
t9e_t8,541098,9,S-S2,Arterial,872.0570921675635,75.0,976.0517292892513,111.92520972029496,936.6453199535101,107.40642193797285,-974.9543090788537,46.27173496977208,146.65473563708463,7663.1,0.6641060386499048,0.13062851825812938,2.2,1.0,0.9121,1.0,0.9121,5.0,1.0
t9e_t8,541098,10,S-S2,Arterial,245.71170014260218,30.0,43.36153014811461,17.64732005962644,115.82796007283457,47.13978211278185,-41.636279806641326,-12.109603653667785,2.9790113029138183,8260.1,0.8638597737220103,0.0,0.0,1.0,0.8591,1.0,0.8591,2.0,0.0
t9e_t8,541098,11,S-S2,Arterial,435.6199448894815,60.0,10.626873192090633,2.4394826997158527,65.65436600553848,15.071478424201917,-10.428971050532763,-2.0413222841884,123.68227152769771,8377.1,0.9552063753640607,0.0,0.0,1.0,0.9191,1.0,0.9191,1.0,1.0
t9e_t8,541098,12,S-S2,Arterial,261.9845410038697,45.0,66.57767328085204,25.412825133017535,76.67135755271346,29.26560371040403,-65.90021950268124,-9.47352357838996,158.66218532763548,8746.102,1.153544213246332,1.8208356988312144,1.8,1.0,0.9753,1.0,0.9753,1.0,0.0
t9e_t8,541098,13,S-S2,Arterial,331.6062735237266,45.0,7.265808115559961,2.1910948904409344,72.23085640358885,21.78211396185202,-6.6339916629294455,-2.963464558303272,158.80680668550212,9213.2,1.0116724199558664,0.0,0.0,1.0,1.25,1.0,1.25,3.0,0.0
t9e_t8,541098,14,S-S2,Arterial,202.61192015346592,30.0,29.431172703224927,14.525884104416287,29.431172703224927,14.525884104416287,-14.534347781773459,-25.59192570412608,3.3408625498216793,9339.1,1.022131694217453,0.0,0.0,1.0,1.1369,1.0,1.1369,3.0,0.0
t9e_t8,541098,15,S-S1,Urban,399.7366392000315,45.0,77.89162803493464,19.485736456586615,84.13700607805646,21.048109636993672,-77.89014234928241,0.48108496249509614,89.28341665957907,4180.0,0.7972883231121569,3.6207625476685203,2.5,1.0,0.9481,1.0,0.9481,1.0,0.0
t9e_t8,541098,16,S-S1,Urban,200.52748296600998,30.0,19.282221720388872,9.615750138177951,27.692723143094614,13.809939033538168,-8.032550874049726,17.52946664705003,75.4051869606287,4313.0,0.9429119915178119,0.0,0.0,1.0,1.25,1.0,1.25,1.0,0.0
t9e_t8,541098,17,S-S1,Urban,102.8116693867008,75.0,22.870829460264144,22.245363387925497,22.239790829864496,21.63158225377607,22.838129414492037,-1.2225731255838022,4.457818272413135,4601.900000000001,1.1833011735741241,0.0,54.2,1.0,1.2471,1.0,1.2471,0.0,0.0
t9e_t8,541098,18,S-S1,Urban,98.90032418706596,45.0,5.698669451531908,5.762033136264655,59.993612076584355,60.66068293477872,-5.331271788531158,-2.0130510760124203,169.93039598364027,4717.999000000001,1.5363553725319035,5.6422625606086925,9.1,1.0,1.1989,1.0,1.1989,2.0,0.0
t9e_t8,541098,19,S-S1,Urban,361.7536080700408,30.0,25.143545326932934,6.950461520224775,39.51635585973057,10.923555419543906,24.569005109858377,-5.344329660423648,41.46467105785601,4990.999000000001,1.022289359910564,0.0,0.0,1.0,1.25,1.0,1.25,0.0,0.0
t9e_t8,541098,20,S-S1,Urban,135.11595351460952,60.0,37.229509820445976,27.553748356163215,97.330257623077,72.0346155219584,-24.809010548702265,-27.758771533788433,39.337035459604095,5098.901000000001,1.7689969428525287,0.0,21.8,1.0,1.25,1.035,1.2938,3.0,0.0
t9e_t8,541098,21,S-S3a,Mixed,325.8588383644856,30.0,82.41679349837223,25.292176794107966,84.65057069547764,25.977681354400683,82.20671579304874,-5.880793235120736,1.7551657388016224,135.0,1.1991031232772622,0.0,0.0,1.0,1.2495,1.0,1.2495,1.0,0.0
t9e_t8,541098,22,S-S3a,Mixed,475.17047321369193,45.0,39.69459432064457,8.35375861050046,31.36696694668505,6.601202876631354,38.25826681874506,-10.581391132845399,35.176679854921275,419.999,1.045650344606694,0.0,0.0,1.0,1.25,0.9643,1.2053,1.0,0.0
t9e_t8,541098,23,S-S3a,Mixed,1128.3874145740722,75.0,57.81817074387455,5.12396451760311,76.79327391803112,6.80557696108459,-57.228122905685105,-8.23910291595093,92.09391047375448,776.999,0.9026085375250927,0.0,0.0,1.0,1.2379,1.0,1.2379,3.0,2.0
t9e_t8,541098,24,S-S3a,Mixed,603.876045450248,30.0,123.46626357020978,20.445630274695485,137.9910673926228,22.850892734077092,-122.3628235022659,-16.46990177693347,3.3766782048468826,867.0,0.7829992188565749,0.0,0.0,1.0,1.25,1.0,1.25,2.0,0.0
t9e_t8,541098,25,S-S3a,Mixed,614.3347078381609,45.0,22.344670992202268,3.63721448700709,26.16544124631945,4.259150738592556,19.15941122763443,-11.4978816814299,8.81432858228564,1028.999,0.9376327156545966,0.0,0.0,1.0,1.25,1.0,1.25,3.0,0.0
t9e_t8,541098,26,S-S3a,Mixed,892.8209535663941,75.0,92.74266479245351,10.387599486995772,87.25032912529369,9.772432958340664,92.74203627616134,0.3414383642355503,30.735912676330372,1235.999,1.0976085429600844,0.0,0.0,1.0,1.2159,1.0,1.2159,1.0,0.0
t9e_t8,541098,27,S-S3a,Mixed,591.9272083319421,60.0,90.85930405229573,15.349742801710084,91.15977299299007,15.40050393187355,-32.58266614167667,84.81617180684093,107.21316428735915,1681.0,0.8708193378195509,0.0,0.0,1.0,0.864,1.0159,0.8777,0.0,0.0
t9e_t8,541098,28,S-S3a,Mixed,374.5169547186968,45.0,3.16530866343697,0.8451709925427711,97.8953183782638,26.139088536537386,-3.115491949806257,0.5593646802592577,24.490453041353135,1950.0000000000002,1.1728127950853335,0.0,0.0,1.0,1.25,1.0,1.25,3.0,2.0
t9e_t8,541098,29,S-S3a,Mixed,164.32151314371677,30.0,7.118111245574405,4.3318194370257865,78.4460277128019,47.73935330317487,-6.919391962288298,1.670186389775976,153.1200085911421,2085.0,0.9796428431152462,0.0,0.0,1.0,0.85,1.0,0.85,1.0,1.0
t9e_t8,541098,30,S-S3a,Mixed,244.21348357269213,60.0,13.353427878973335,5.467932271232918,16.64616854221544,6.8162364742078525,-11.420518519069407,-6.919956132414065,145.59066336463428,2273.9990000000003,1.0647470753318542,0.0,0.0,1.0,1.0349,1.0,1.0349,4.0,0.0
t9e_t8,541098,31,S-S4,Arterial,490.93854491218735,45.0,43.03946921653304,8.766773288137596,44.80193959606576,9.125773492500846,42.75983099924916,-4.898240843052279,4.538823315801039,348.0,1.0766940317430602,0.0,0.0,1.0,1.0948,1.0,1.0948,2.0,0.0
t9e_t8,541098,32,S-S4,Arterial,610.8780669596541,75.0,142.76111345861338,23.36982143902085,160.60013438327096,26.29004756752511,-142.29742968769125,11.496826528205531,19.06363086574453,1083.0,0.7295562749333978,0.0,0.0,1.0,1.0915,1.0,1.0915,2.0,1.0
t9e_t8,541098,33,S-S4,Arterial,443.4769618838301,60.0,5.610901883115884,1.2652070717003048,52.15691931061986,11.760908410904667,-5.593246667087069,-0.44476023099279827,8.824254257094594,1710.0,0.961274337108465,0.0,0.6000000000000001,1.0,0.9862,1.0,0.9862,3.0,0.0
t9e_t8,541098,34,S-S4,Arterial,328.2861353219824,45.0,4.487805713111835,1.367040892150442,186.1301845399951,56.69754659527092,-3.9132467346242072,2.1970207355853995,28.446678662479542,2790.0,1.1576710376781048,0.0,0.0,1.0,1.0461,1.0,1.0461,4.0,2.0
t9e_t8,541098,35,S-S4,Arterial,465.9824416119758,75.0,217.1201915844984,46.594071406084154,221.85109623954918,47.6093252509898,136.504061381726,-168.84258591949862,104.00715206480243,4258.999000000001,1.7312643184323193,0.0,0.0,1.0,1.25,1.0,1.25,7.0,1.0
t9e_t8,541098,36,S-S4,Arterial,739.7297196818564,45.0,109.39166511287748,14.788058692562025,228.9903176835702,30.955943987495125,-108.93126351435079,10.025778041379368,13.607055610691077,5883.001,0.8291181003425777,0.0,0.0,1.0,1.25,1.0,1.25,4.0,0.0
t9e_t8,541098,37,S-S4,Arterial,677.8112579079375,30.0,221.47174508234647,32.67454508883762,236.4690030149776,34.887145979964764,-221.47043336040127,-0.762244695566757,1.3927787615772331,6252.0,0.6476920173439092,0.0,0.0,1.0,1.25,1.0,1.25,0.0,0.0
t9e_t8,541098,38,S-S4,Arterial,931.746854758649,60.0,322.4702295388552,34.609210419324135,338.6513743626467,36.34585645586835,-316.41561214294023,-62.19493010728766,33.23377379905048,7124.0,0.6694184088720955,0.0,0.0,1.0,1.25,1.0,1.25,2.0,0.0
t9e_t8,541098,39,S-S4,Arterial,186.86305768129444,30.0,27.442275522566284,14.685768210734645,42.641589908810815,22.81970039339636,27.165654099126137,3.886608190063953,118.1309895534481,7344.000000000001,1.1550002169306417,0.0,0.0,1.0,1.25,0.975,1.2188,0.0,0.0
t9e_t8,541098,40,S-S4,Arterial,181.31319816687812,30.0,183.16658219303596,101.02220028376092,238.99330160113573,131.81241300546122,-174.40481342871732,-55.97283167012829,88.78109478894385,8877.0,1.3315831496616601,0.0,0.0,1.0,1.1521,1.0,1.1521,1.0,0.0
t9e_t8,75496,1,S-M,Highway,445.0656418597341,60.0,84.5217471937732,18.990849718390727,310.9112430611034,69.85739042042016,-84.40100233070622,-4.516254450341693,58.379904344391036,8699.865,0.8180511847677852,0.0,0.0,1.0,0.85,1.0,0.85,4.0,0.0
t9e_t8,75496,2,S-M,Highway,1042.662585896704,75.0,40.401195589989,3.874810138626334,216.1328419360026,20.728934255382857,-40.29046195009153,-2.989194029964141,29.956541335906422,8807.866,0.943399933349167,0.0,0.0,1.0,0.9223,1.0,0.9223,5.0,0.0
t9e_t8,75496,3,S-M,Highway,374.54070896985667,45.0,68.89733572595075,18.39515280340212,77.54094217367735,20.702941046634777,-64.80739468813134,-23.384705768325077,2.5661000813719284,8987.865,0.8740868824842623,0.0,0.0,1.0,0.85,1.0,0.85,4.0,0.0
t9e_t8,75496,4,S-M,Highway,581.9438627961036,30.0,40.62029474134402,6.980105356927907,70.73128562475809,12.154314212527453,-40.291065017879596,5.161242544064336,33.729921940064344,9257.866,0.9010392841708679,0.0,0.0,1.0,1.35,1.0,1.35,0.0,0.0
t9e_t8,75496,5,S-M,Highway,881.0026183499426,60.0,75.04193787044048,8.51778829113912,195.54368265663516,22.19558473309365,-73.87568203111604,13.178620708878796,31.483479582047835,9374.965,0.8985441000754955,0.0,0.0,1.0,1.0544,1.0,1.0544,6.0,0.0
t9e_t8,75496,6,S-M,Highway,701.9774669971542,45.0,25.46858460835667,3.6281199619274846,159.46110487841543,22.715986249607333,25.236265363466643,-3.432158571178846,19.51871592787532,9500.865,1.035773872631938,0.0,0.0,1.0,1.0919,1.0,1.0919,3.0,0.0
t9e_t8,75496,7,S-M,Highway,714.5390436288836,75.0,149.82254967317414,20.967720519830515,141.12969414857707,19.751152215816052,148.87080948731582,-16.860559693024705,29.247687497540795,9590.865,1.1801538466262982,0.0,0.0,1.0,1.0637,0.9993,1.063,3.0,0.0
t9e_t8,75496,8,S-M,Highway,573.1359150171827,30.0,33.58797849053758,5.860386273215945,49.89769719443615,8.70608452323917,-25.91092120600685,21.372329338116604,9.724339946075503,10098.866,0.9630802562131876,0.0,0.0,1.0,1.35,1.0,1.35,1.0,0.0
t9e_t8,75496,9,S-S2,Arterial,218.47241867770953,45.0,5.201712928047572,2.3809471966899114,98.83347988673948,45.23842436721434,-4.798563794355558,2.007885180312169,77.93250097262785,7771.1990000000005,1.3472597751630002,0.0,0.0,1.0,1.25,1.0,1.25,2.0,1.0
t9e_t8,75496,10,S-S2,Arterial,356.1974439331983,60.0,66.31324196920966,18.61698984612762,90.21327790326757,25.32676172718024,-42.443626394284315,-50.950806067905944,60.19668151229786,8116.101000000001,1.1661578835690662,0.0,7.300000000000001,1.0,1.25,1.0,1.25,3.0,1.0
t9e_t8,75496,11,S-S2,Arterial,188.09413144507553,30.0,11.214514134797634,5.962181833446691,56.573011519311336,30.076967890851474,-11.211827150100367,-0.24547756689400746,132.34048020957522,8350.1,0.9325110590937713,0.0,0.0,1.0,0.85,1.0,0.85,0.0,0.0
t9e_t8,75496,12,S-S2,Arterial,497.2582750673289,45.0,12.194452238591989,2.452337718651511,138.13042757654162,27.77840701752801,-11.475540731387568,-4.125121855359678,96.8826657470803,8611.1,1.0618108879300117,0.0,0.0,1.0,1.1373,1.0,1.1373,1.0,1.0
t9e_t8,75496,13,S-S2,Arterial,470.34963942815,75.0,60.892913282361306,12.946308060615241,91.71300821077676,19.498900503523554,60.659016953286695,-5.332030595753583,121.11730400064226,8755.1,1.345517936031619,2.0327978777760163,1.8,1.0,1.0755,1.0,1.0755,2.0,1.0
t9e_t8,75496,14,S-S2,Arterial,216.55646042401838,30.0,112.71505619085534,52.048807950665065,112.71505619085534,52.048807950665065,31.06167269061455,108.35061781904525,56.36371712593541,9348.2,1.050869918282009,0.0,0.0,1.0,1.1084,1.0,1.1084,2.0,0.0
t9e_t8,75496,15,S-S1,Urban,116.3966216812929,30.0,49.72780153954397,42.72271894256889,50.086909046804855,43.03123950104709,49.56656581519023,-4.001224718094001,3.6081743505646955,4224.900000000001,1.651539613616614,17.816060188526528,10.600000000000001,1.0,1.2067,1.0,1.2067,2.0,0.0
t9e_t8,75496,16,S-S1,Urban,410.1744865962999,45.0,70.873748335945,17.278926567097784,80.8361997175952,19.70775910232453,70.75496018377915,-4.101684114932997,46.73435686555641,4322.001,1.1412754158003415,0.0,0.0,1.0,1.25,1.0,1.25,2.0,1.0
t9e_t8,75496,17,S-S1,Urban,429.3201913293343,75.0,40.48417581843786,9.429832706699367,42.051141433803416,9.794820342271233,-8.560889075102857,39.5686703079845,147.29130918729845,4385.0,0.8472364695578656,2.657950579180071,9.1,1.0,0.9577,1.0,0.9577,6.0,1.0
t9e_t8,75496,18,S-S1,Urban,271.23683041913415,30.0,48.80977487443588,17.995260746489183,96.42738903400378,35.55099389894706,-48.780596331322656,-1.6874669933551019,14.171950977890901,4583.999000000001,0.7933210309218476,0.0,0.0,1.0,0.9319,1.0,0.9319,1.0,0.0
t9e_t8,75496,19,S-S1,Urban,298.28230919465443,60.0,21.216568474073373,7.112915456286001,20.599726784446798,6.906117509973994,20.816469620775184,-4.100898723741906,40.43100659600006,4999.900000000001,0.973046358150543,0.0,26.5,1.0,1.1741,1.0,1.1741,2.0,0.0
t9e_t8,75496,20,S-S1,Urban,133.1744210584332,45.0,50.93122707605256,38.244001116179334,117.74042965731199,88.41069382659511,-17.199185136568104,-47.93931499417241,29.850496284209925,5123.999000000001,1.794458273603861,0.0,6.6000000000000005,1.0,1.25,1.0,1.25,3.0,0.0
t9e_t8,75496,21,S-S3a,Mixed,134.91232747961672,45.0,39.21139693460595,29.064354360449546,36.4849863145449,27.04347852871877,-30.82692835363524,-24.232914348940056,0.38494452546251523,537.0,0.8188852114574265,0.0,20.1,1.0,0.9936,1.0,0.9936,2.0,0.0
t9e_t8,75496,22,S-S3a,Mixed,433.9026808716475,30.0,6.847735479971752,1.5781731208057175,10.875366153768883,2.506406766586888,-2.796198508477235,-6.250820354549765,34.434552670667244,714.0,0.9929107382772826,0.0,0.0,1.0,1.25,1.0,1.25,0.0,0.0
t9e_t8,75496,23,S-S3a,Mixed,314.4610350854063,30.0,10.2121616874128,3.247512584393555,43.57252634131215,13.856256095283168,-10.105534208552951,1.471877946579796,103.94992736315444,768.0,0.9663466892210784,0.0,0.0,1.0,1.25,1.0,1.25,1.0,0.0
t9e_t8,75496,24,S-S3a,Mixed,572.302681471267,60.0,21.24283767386239,3.711818651496028,80.23300114526717,14.019329935516883,-17.409469874907458,-12.172448854390684,9.862576185164443,903.0,0.8713571043062965,0.0,0.0,1.0,1.1361,1.0,1.1361,5.0,1.0
t9e_t8,75496,25,S-S3a,Mixed,1059.8631507836958,60.0,108.33912607581001,10.22199196148113,109.903375363459,10.369581703278676,-108.2510507920992,-4.367635662073498,2.738490691710723,1091.999,0.8893312509463646,0.0,0.0,1.0,1.25,1.0,1.25,1.0,0.0
t9e_t8,75496,26,S-S3a,Mixed,804.8478004230153,75.0,231.5522558149147,28.769694803565905,212.54012889127483,26.40749328998192,230.92280071474926,17.06186634081648,23.751114459310912,1609.0,1.2561321588725587,0.0,0.0,1.0,1.1767,1.0,1.1767,4.0,0.0
t9e_t8,75496,27,S-S3a,Mixed,575.8224103748213,75.0,16.507782038852877,2.866818265740549,150.14330886513147,26.074585872300172,16.33666561259012,-2.3707012685467417,95.92342952667786,1851.0000000000002,1.2930975553680562,0.0,0.0,1.0,1.1282,1.0,1.1282,5.0,2.0
t9e_t8,75496,28,S-S3a,Mixed,372.34095679910627,45.0,459.7685959716223,123.48053244641764,471.27686468192684,126.57132020429347,-189.77096513830384,-418.77696048397115,163.56904331357984,1959.0000000000002,1.2516844526821291,0.0,1.4000000000000001,1.0,1.25,1.0,1.25,4.0,0.0
t9e_t8,75496,29,S-S3a,Mixed,379.0118862723627,45.0,413.49191177628956,109.09734674630998,413.49191177628956,109.09734674630998,-142.6323709305782,388.11282878453375,44.65592368915347,2201.9990000000003,0.9410732578453403,0.0,0.0,1.0,1.0538,1.0,1.0538,2.0,0.0
t9e_t8,75496,30,S-S3a,Mixed,104.09674927723412,30.0,35.44353804017099,34.04865020883266,91.78560227053791,88.17336075124811,-30.806159454905547,17.527832964858547,107.50018486223217,2426.9990000000003,1.4419275720521743,0.0,0.0,1.0,0.9208,1.0,0.9208,0.0,0.0
t9e_t8,75496,31,S-S4,Arterial,183.87954809499564,30.0,30.24466608056335,16.44808593119795,31.21597475994509,16.976316878818047,-29.667721842362358,-5.879294771398568,20.013852417095165,285.0,0.8905308927449677,0.0,0.0,1.0,1.0062,1.0,1.0062,1.0,0.0
t9e_t8,75496,32,S-S4,Arterial,512.020208051412,75.0,40.034205458379574,7.818872151694397,60.386340709931915,11.793741684482208,-7.647909783565499,39.29690932664033,145.35204376840704,1011.0010000000001,0.9540782303414207,0.0,0.9,1.0,0.9403,1.0,0.9403,5.0,0.0
t9e_t8,75496,33,S-S4,Arterial,554.9976674046155,60.0,68.9760609799809,12.428171329537244,110.59124668524674,19.926434502403286,-38.67719784129176,-57.11191955677573,36.48475256741551,2207.0,1.017554765089269,0.0,0.0,1.0,0.9516,1.0,0.9516,1.0,0.0
t9e_t8,75496,34,S-S4,Arterial,152.28595898599954,75.0,3.6441994110529494,2.392997644246362,3.6664297911074373,2.4075954313322554,-3.3871449821807085,1.344409988510467,0.14735787605945916,2889.0,0.6328012379539248,0.0,2.8000000000000003,1.0,1.111,1.0,1.111,1.0,0.0
t9e_t8,75496,35,S-S4,Arterial,257.13661053889035,30.0,2.8691710159037513,1.1158158341944102,36.61318676689394,14.23880741453439,2.8522573424169457,-0.31107936468173003,72.62400432335411,3129.0,0.9695940775060182,0.0,0.0,1.0,0.969,1.0,0.969,2.0,1.0
t9e_t8,75496,36,S-S4,Arterial,1218.2243066778026,45.0,497.01361130787967,40.79820182403653,504.226133346093,41.39025387870966,-484.605627928868,-110.3626531258091,9.881175435602984,6547.999000000001,0.5978965405048263,0.0,0.0,1.0,1.25,1.0,1.25,0.0,0.0
t9e_t8,75496,37,S-S4,Arterial,667.7306583481962,45.0,129.09814676521052,19.333865406834548,197.1497528750074,29.525340855653997,-128.26757297735395,-14.620575252397295,53.83324617128929,6691.999000000001,0.7156750614518441,0.0,0.0,1.0,1.25,1.0,1.25,0.0,0.0
t9e_t8,75496,38,S-S4,Arterial,1059.3347150652953,45.0,366.1453603883943,34.56370825776495,377.4500024198572,35.63085369071398,-289.03290340478657,-224.77189700526725,15.699015814753494,6791.0,0.632358363055199,0.0,0.0,1.0,1.25,1.0,1.25,1.0,0.0
t9e_t8,75496,39,S-S4,Arterial,383.6085289112717,30.0,71.41715798232354,18.617197637657913,105.38126292221992,27.47104273758066,-71.38949919405303,-1.9874252424840329,37.43516587848316,7632.999000000001,0.7483610279953402,0.0,0.0,1.0,1.0211,1.0,1.0211,0.0,0.0
t9e_t8,75496,40,S-S4,Arterial,599.2279698380357,60.0,16.74692804384117,2.7947507270676413,117.28930203494639,19.573402434243565,-14.462882991118418,-8.44302164457793,5.513866198158723,8690.0,1.0248364985983471,0.0,0.0,1.0,1.25,1.0,1.25,4.0,0.0
t9e_t8,45736,1,S-M,Highway,296.59410644351794,30.0,21.54207554106595,7.263150235646481,48.21302229511826,16.255556414537097,20.78743752378006,-5.651854546246973,4.761905510850909,8578.866,1.0194796107936706,0.0,0.0,1.0,0.85,1.0,0.85,3.0,0.0
t9e_t8,45736,2,S-M,Highway,719.1201235373318,60.0,6.823430038264683,0.948858169161005,123.92411459190022,17.232741865478744,-6.809459002489113,-0.43642362506255594,37.704151608560636,8798.866,0.944929679633776,0.0,0.0,1.0,0.9123,1.0041,0.9161,5.0,0.0
t9e_t8,45736,3,S-M,Highway,1064.0307356267638,60.0,112.79252228811534,10.600494751843355,233.3312505709505,21.928995353081365,-112.57990305555903,-6.922319850738305,30.346846335049918,9104.966,0.8638095280058128,0.0,0.0,1.0,1.1059,1.0,1.1059,1.0,0.0
t9e_t8,45736,4,S-M,Highway,948.1258432643681,45.0,52.01616442064084,5.486208902559895,153.39928210028907,16.179211144813866,-48.01859344127121,-19.997400955050338,46.97197926167922,9257.866,0.9217175741762702,0.0,0.0,1.0,1.35,1.0,1.35,1.0,0.0
t9e_t8,45736,5,S-M,Highway,619.7285890006121,75.0,17.94508957702182,2.895636879679936,125.10245889254506,20.18665285303168,-17.800232047289125,-2.2755173016258228,26.888842214058513,9653.866,0.9505823037654169,0.0,0.0,1.0,0.85,1.0,0.85,4.0,0.0
t9e_t8,45736,6,S-M,Highway,1045.1212884927832,75.0,168.8672031473233,16.157665622796216,225.9852762940521,21.622875620489534,-161.083675346061,50.677231927209434,83.16486122599468,10098.866,1.0532545734311796,4.866064120700602,0.4,1.0,1.35,1.0,1.35,2.0,0.0
t9e_t8,45736,7,S-M,Highway,527.8491336942978,45.0,35.86578175757892,6.794703158185057,78.9343785662198,14.953965731415675,-25.67420195645425,25.04375480996174,35.615223977359335,10366.866,1.005077812604653,0.0,0.0,1.0,1.0705,1.0,1.0705,1.0,0.0
t9e_t8,45736,8,S-S2,Arterial,383.51596087782053,45.0,69.53758962248575,18.131602518790306,84.50535118142852,22.034376610560415,-21.749123774983456,-66.04886059218347,29.95531120446242,7573.200000000001,1.1543834425750568,0.0,0.0,1.0,1.25,1.0,1.25,1.0,0.0
t9e_t8,45736,9,S-S2,Arterial,663.8291381419549,75.0,379.68072710817125,57.195550073455706,338.0896418136914,50.930220200938734,-354.7624504460179,-135.28140408395495,96.295055142075,7645.200000000001,0.8953729641862349,0.19276174653103798,2.2,1.0,1.109,1.0,1.109,4.0,1.0
t9e_t8,45736,10,S-S2,Arterial,248.0932639985645,30.0,28.848504366296595,11.628088526604865,27.492751582456048,11.0816195245894,28.822282045508015,-1.2297405667131014,52.542313108090696,8269.1,1.09543887877614,0.0,0.0,1.0,1.0053,1.0,1.0053,0.0,0.0
t9e_t8,45736,11,S-S2,Arterial,338.4735134374312,45.0,194.58822316463403,57.48994099669923,229.3048697618044,67.74676914392971,77.23122002181806,178.60547373558,179.6853143415732,8728.1,1.0830864702271408,2.330846729964602,1.2000000000000002,1.0,0.8946,1.0,0.8946,3.0,0.0
t9e_t8,45736,12,S-S2,Arterial,198.4000418380012,30.0,33.08562876007527,16.67622065679328,120.41279252125854,60.69191891581289,-9.790438180338345,-31.60389454935092,43.738645295301524,8845.101,0.889506621612553,0.0,0.0,1.0,0.85,1.0,0.85,1.0,0.0
t9e_t8,45736,13,S-S2,Arterial,795.2399514488269,60.0,59.14274326947808,7.437094069749321,247.44832794773765,31.11618417773378,-58.95518385025177,-4.706418874516853,54.25435053238954,8935.1,0.8793643607710051,0.0,0.0,1.0,1.25,1.0,1.25,6.0,0.0
t9e_t8,45736,14,S-S1,Urban,367.78349382229334,45.0,65.01077381852892,17.67637072096036,59.0745432129976,16.062314977501792,64.75921311100201,-5.713582915102277,1.3768610936494667,4207.0,1.2144878913182726,18.43591962998765,7.7,1.0,1.25,1.0,1.25,2.0,0.0
t9e_t8,45736,15,S-S1,Urban,519.1869216436147,60.0,105.03762794698594,20.231177552482123,125.99771803746661,24.268276565709638,104.17301919742113,-13.44936266234092,71.96623636623096,4331.0,1.1440413481623037,0.0,0.0,1.0,1.1866,1.0,1.1866,3.0,1.0
t9e_t8,45736,16,S-S1,Urban,613.1675124847341,75.0,30.5802314436163,4.987255655423794,79.06994341791949,12.89532498183163,-30.573357773755948,-0.6483437229246842,82.85947686453665,4475.999000000001,1.0721568552849279,7.837209009623042,1.0,1.0,1.25,1.0,1.25,5.0,1.0
t9e_t8,45736,17,S-S1,Urban,459.6583331865379,45.0,37.45584235216307,8.148626849099848,13.880906840342554,3.0198314352563744,-3.825781706159404,-37.25994525823822,59.74319142328039,4673.0,1.0349530651197525,0.0,0.0,1.0,1.25,1.0,1.25,4.0,0.0
t9e_t8,45736,18,S-S1,Urban,233.75096190398332,30.0,15.566441997186768,6.659413022471718,159.6852303296242,68.31425591960442,-14.85352729046852,-4.6569135146668685,25.769591652919928,4769.999000000001,0.9912635171967498,0.0,0.0,1.0,1.0856,1.0,1.0856,4.0,1.0
t9e_t8,45736,19,S-S1,Urban,124.70434194091698,30.0,38.00088477948981,30.47278401701045,98.45662797364861,78.95204484563646,-24.834747312271407,-28.76286790220489,11.054025728457901,5123.999000000001,1.80457952363358,0.0,0.0,1.0,1.25,1.0,1.25,1.0,0.0
t9e_t8,45736,20,S-S3a,Mixed,225.05044832033616,30.0,68.70599501956171,30.529152699916327,68.14119487642841,30.27818668436351,-64.79070685017356,22.862153386829313,4.243316116917526,45.0,0.7318974672554234,0.0,0.0,1.0,0.85,1.0,0.85,3.0,0.0
t9e_t8,45736,21,S-S3a,Mixed,660.7244543186248,60.0,27.333940776786054,4.136965205105706,18.798478381675498,2.8451313189340808,27.267677113566393,-1.9021312307868916,18.36317266590345,153.0,1.0505113306378644,0.0,0.0,1.0,1.1021,1.0,1.1021,2.0,0.0
t9e_t8,45736,22,S-S3a,Mixed,195.4343382075998,30.0,46.86948799157132,23.98221746568624,46.9887883186414,24.04326115338423,46.346447941970915,-6.982525886398654,5.516181061661655,387.0,1.2166176135848337,0.0,7.800000000000001,1.0,1.2405,1.0,1.2405,0.0,0.0
t9e_t8,45736,23,S-S3a,Mixed,1229.654966317879,75.0,68.62150506891363,5.580549580863014,162.74619341840557,13.2351104884111,12.754663863283984,-67.42573327489718,126.65558414560161,849.0,0.8904973597639197,0.0,0.0,1.0,1.25,1.0,1.25,6.0,1.0
t9e_t8,45736,24,S-S3a,Mixed,1716.616105021255,75.0,397.17888614908236,23.13731561688713,421.88980460413626,24.5768289933941,-396.10615633366154,-29.171570358802967,13.128480106947848,965.999,0.7788293430121573,0.0,0.0,1.0,1.25,1.0,1.25,3.0,0.0
t9e_t8,45736,25,S-S3a,Mixed,604.206085632241,30.0,122.90333518023363,20.341293823882562,157.7323010837057,26.105712079787263,-122.88812069279265,-1.9338022180354582,11.64850522003087,1074.0,0.8008324579434699,0.0,0.0,1.0,1.25,1.0,1.25,1.0,0.0
t9e_t8,45736,26,S-S3a,Mixed,511.9479982345725,45.0,42.4516643628387,8.292182899284924,76.04214140969344,14.85348935280947,-42.39155390610432,-2.2583101206346754,43.75800050787805,1272.0,0.8856621742567368,0.0,0.0,1.0,0.991,1.0,0.991,2.0,0.0
t9e_t8,45736,27,S-S3a,Mixed,207.11840865271077,45.0,24.871590615132433,12.008392096540431,87.81385146615011,42.39789791615937,-24.85413728887453,-0.9316004253543411,59.160603769733484,1779.999,1.0358592618595195,0.0,4.5,1.0,0.85,1.0,0.85,5.0,1.0
t9e_t8,45736,28,S-S3a,Mixed,200.05131627067323,60.0,10.056277038998262,5.0268487238503985,46.6645201482423,23.32627498691602,-9.500875077330372,3.2957670806727632,60.92722268981271,2093.9990000000003,1.0415628076811732,0.0,0.0,1.0,0.85,1.007,0.8559,3.0,2.0
t9e_t8,45736,29,S-S3a,Mixed,249.7664044834033,45.0,4.845287659442812,1.9399276974276884,30.50898705996329,12.21500830868972,-0.512641973793828,-4.818092019612491,65.34399744515133,2265.0,0.871606909270377,0.0,0.0,1.0,0.8571,1.035,0.8871,3.0,1.0
t9e_t8,45736,30,S-S4,Arterial,585.7610505539918,75.0,136.05699023544778,23.227387704725324,55.53958448494504,9.4816110481258,-23.932340046863715,-133.93561024540867,81.29242627375933,983.999,1.0582292732239933,2.3529734857786555,0.9,1.0,0.991,1.0,0.991,3.0,0.0
t9e_t8,45736,31,S-S4,Arterial,505.6339728595723,75.0,129.5754172049527,25.626327375146364,110.45563089643025,21.844978151241957,59.28790511883086,-115.21602774986675,17.236492792150557,1781.999,1.1572014863018913,0.0,1.1,1.0,1.25,1.0,1.25,1.0,0.0
t9e_t8,45736,32,S-S4,Arterial,234.92076653320157,30.0,20.530031334342524,8.739130063855379,31.266173650617706,13.309242138114183,-17.470977900836964,10.781795665729915,76.82589529680023,2754.0,0.8025075283664166,0.0,0.0,1.0,0.8601,1.0,0.8601,1.0,1.0
t9e_t8,45736,33,S-S4,Arterial,370.044617244353,45.0,78.87108932832506,21.313940442009944,84.00379667877398,22.70099138431824,-78.71011930903622,5.036452143514865,68.7981781756801,3394.0,0.9124981017653928,0.7592470103325164,0.30000000000000004,1.0,0.85,1.0,0.85,3.0,1.0
t9e_t8,45736,34,S-S4,Arterial,125.13336243153022,30.0,8.573168621926238,6.851225328990306,39.61759080239111,31.660294291275715,2.2223862434666195,-8.28010987878971,85.00665241051436,4148.0,1.3423757133941714,0.0,0.0,1.0,0.85,1.0,0.85,1.0,0.0
t9e_t8,45736,35,S-S4,Arterial,392.65608744074865,45.0,11.211534889406765,2.855306525993583,17.6561765730733,4.49660075007435,-10.791936986447347,-3.038521129914176,16.65883452604149,4193.0,0.9755297155417664,0.0,0.0,1.0,1.0133,1.0,1.0133,4.0,1.0
t9e_t8,45736,36,S-S4,Arterial,435.11592687334655,30.0,121.80364968827746,27.993378813672347,123.61869194970888,28.410518741064557,-121.63852254616971,6.34026104900849,3.968659806016035,7115.0,0.7315352975367185,0.0,0.0,1.0,1.25,1.0,1.25,1.0,0.0
t9e_t8,45736,37,S-S4,Arterial,494.64730174739884,60.0,13.51409800059391,2.732067465617177,100.37586377312537,20.292411061080497,-11.542847831725581,7.028051558098045,22.378770204603597,8038.999000000001,1.0100525663175848,0.0,0.0,1.0,1.034,1.0,1.034,4.0,0.0
t9e_t8,45736,38,S-S4,Arterial,1087.475292240806,60.0,241.57764946172927,22.2145414415756,315.07225637183825,28.972819761505896,-154.55762818769648,-185.66556031867603,116.92598890031957,9170.800000000001,0.7578972487763258,0.0,0.0,1.0,1.25,1.0,1.25,2.0,0.0
t9e_t8,12345,1,S-M,Highway,783.698075254369,60.0,34.76089327929183,4.435495553311051,137.34488634486027,17.525229508861752,-33.844979798408,-7.926982024684448,29.692012451472465,8807.866,0.9262875927856832,0.0,0.0,1.0,0.9223,1.0,0.9223,4.0,0.0
t9e_t8,12345,2,S-M,Highway,543.8158974898474,45.0,16.3270937576484,3.002320055925399,102.24496471401896,18.80139311593549,16.01862346684417,-3.158748612743771,29.656648935029466,9032.865,0.9485775670488963,0.0,0.0,1.0,1.0322,1.0,1.0322,1.0,0.0
t9e_t8,12345,3,S-M,Highway,1253.6196653158977,75.0,297.73148772386486,23.749746112098517,393.244029628268,31.368687051441157,-187.36639744907004,231.3825228689994,111.70537899185052,9149.867,1.0098864947125283,0.0,0.0,1.0,1.2818,1.0,1.2818,2.0,0.0
t9e_t8,12345,4,S-M,Highway,312.2247443755553,30.0,20.42748397477311,6.542557674481491,20.819598716800876,6.668145011517186,20.420772919462685,0.5235789447178565,24.21074944141094,9770.865,1.0012611088504502,0.0,0.0,1.0,0.8783,1.0,0.8783,0.0,0.0
t9e_t8,12345,5,S-M,Highway,514.9010912767462,60.0,103.00431943937991,20.00468074052259,171.19274241653068,33.247694618794064,102.97755784301481,-2.3478509020724943,120.7475553213873,9847.866,1.244590485035561,0.0,0.0,1.0,1.35,1.0,1.35,4.0,1.0
t9e_t8,12345,6,S-M,Highway,548.9507548567317,30.0,237.28114535724924,43.22448657879635,254.09675095649118,46.28771318891925,-10.410471859463847,237.0526608534723,24.841922201590734,10017.965,1.0162665125597836,0.0,0.0,1.0,1.35,1.0,1.35,1.0,0.0
t9e_t8,12345,7,S-M,Highway,1215.9447032075054,75.0,500.4837615644326,41.16007580313652,399.3786985985833,32.84513658763213,-471.22722205905814,-168.60872094938293,101.68838465129147,10276.866,0.9037295670482011,33.98365740998795,2.3000000000000003,1.0,1.133,1.0,1.133,4.0,0.0
t9e_t8,12345,8,S-M,Highway,54.67298308472394,45.0,15.10945815607152,27.63605953722547,15.10945815607152,27.63605953722547,10.308086593585008,11.04712978783309,122.02607887818948,10543.866,1.3013734081619963,0.1634899821030893,22.900000000000002,1.0,1.2325,1.0,1.2325,2.0,0.0
t9e_t8,12345,9,S-S2,Arterial,113.8174453501425,30.0,50.07454401733292,43.99549108072669,115.55398338948915,101.52572220717522,31.016573697054937,39.31198436404568,85.67576009242822,7798.099,1.1389199478988616,0.0,0.9,1.0,0.8794,1.0,0.8794,1.0,0.0
t9e_t8,12345,10,S-S2,Arterial,151.77327215354785,30.0,12.766247887379066,8.411393986724852,48.380386771019246,31.876750158007518,3.643722565666413,-12.235210295964016,3.2512999817114405,7881.1,1.0056144550812511,0.0,0.0,1.0,0.85,1.0,0.85,2.0,0.0
t9e_t8,12345,11,S-S2,Arterial,447.2158137852094,60.0,174.5282780304459,39.02551579141364,203.87370238074243,45.58731961089813,14.741410922265533,-173.90460211361153,91.91823933177324,8134.1990000000005,1.2437224474831006,0.0,0.0,1.0,1.25,1.0,1.25,2.0,1.0
t9e_t8,12345,12,S-S2,Arterial,405.3951175276845,45.0,37.95928089714427,9.363526903984488,166.95044990220032,41.1821560457741,-37.89772186309764,2.160945120911994,26.64623624216256,8260.1,0.890585532774854,0.0,0.0,1.0,0.8591,1.0,0.8591,2.0,0.0
t9e_t8,12345,13,S-S2,Arterial,564.670244756734,45.0,19.236737156847855,3.406720530339836,286.2415289103758,50.69180314852463,19.232664512960017,0.39581835932559306,36.788998062254905,8530.2,1.0796175204431917,0.0,0.0,1.0,1.25,1.0199,1.2749,0.0,0.0
t9e_t8,12345,14,S-S2,Arterial,1343.456906371082,75.0,461.6782178070618,34.364944317725644,575.367348533597,42.827376583873274,-461.6118682696404,7.826868474487924,48.99987739499164,9061.2,0.6501602298808062,0.0,0.0,1.0,1.25,1.0,1.25,3.0,0.0
t9e_t8,12345,15,S-S1,Urban,498.7707254824574,60.0,72.26945606383694,14.489514394400594,94.53433598451781,18.953465220533026,-72.1697426978167,3.7950650447377967,89.69183734883211,4180.0,0.904520901657788,17.330671681149482,5.2,1.0,0.9481,1.0,0.9481,3.0,0.0
t9e_t8,12345,16,S-S1,Urban,121.0194791617665,30.0,22.02706245418094,18.201253721095103,23.16839667969517,19.14435332243169,-22.027061865817846,0.005091151237321068,7.579688981060087,4393.999000000001,0.8107712538495355,0.0,6.7,1.0,1.0353,1.0,1.0353,2.0,0.0
t9e_t8,12345,17,S-S1,Urban,191.77579845013074,45.0,2.098155849974754,1.0940670652560767,25.623353269238425,13.36109846827284,-1.6121631665606906,-1.3428283193201915,1.1688898586700134,4592.999000000001,0.9072900047255122,0.0,22.5,1.0,1.0269,1.0,1.0269,0.0,0.0
t9e_t8,12345,18,S-S1,Urban,105.77425225241359,45.0,15.463492462460653,14.619335172003359,22.900644728398607,21.650490777046407,-14.839599110474852,-4.34809123374515,12.845398475302545,4788.0,1.1110311063653089,18.798107611619002,29.400000000000002,1.0,1.016,1.0,1.016,2.0,0.0
t9e_t8,12345,19,S-S1,Urban,180.13164778791392,30.0,311.2480107925391,172.78918758296206,299.1010262218113,166.04579478114326,-126.80838794205707,-284.2445372735408,152.28175407393144,4865.999000000001,0.9457311999909763,1.5918153081703652,0.7000000000000001,1.0,1.25,1.0,1.25,2.0,0.0
t9e_t8,12345,20,S-S1,Urban,555.0088184825844,75.0,32.4111493287699,5.83975393713261,78.38754656626524,14.123657851163488,32.13234553620499,-4.242047990505183,50.46687000474827,4982.0,1.0262311823036168,0.0,26.5,1.0,1.2204,1.0,1.2204,2.0,0.0
t9e_t8,12345,21,S-S3a,Mixed,1769.1501173916868,75.0,431.13743882076596,24.36974876142254,472.09125056751367,26.68463495135916,-431.1372081238874,-0.4460090464295945,6.345197034534522,957.0000000000001,0.7604491638959648,0.0,0.0,1.0,1.25,1.0,1.25,5.0,0.0
t9e_t8,12345,22,S-S3a,Mixed,1231.7818929957293,75.0,54.1331688059478,4.3947040554634516,100.39259266076729,8.150192272806478,-53.832898561947005,-5.693768294580019,20.866981168163335,1146.0,0.9263189936691992,0.0,0.0,1.0,1.25,1.0,1.25,3.0,0.0
t9e_t8,12345,23,S-S3a,Mixed,138.51106062656623,60.0,29.51444685798041,21.30836824472311,33.76432649078212,24.376628363140384,28.553361980967214,-7.470481438060457,12.353787458575624,1307.999,1.2944537408161063,14.841010679493337,38.0,1.0,1.0831,1.0116,1.0957,2.0,0.0
t9e_t8,12345,24,S-S3a,Mixed,488.7073372724425,45.0,94.33107105146057,19.302159770700005,82.61227417500255,16.90424265698066,94.20313628025863,-4.911219876845227,8.568950958085452,1572.999,1.172565832556151,0.0,0.0,1.0,1.2119,1.0,1.2119,1.0,0.0
t9e_t8,12345,25,S-S3a,Mixed,238.0199395775557,30.0,8.320322944846271,3.4956411465415074,20.372835364196415,8.559297763185167,-8.213565067485002,1.3285792369013771,35.205673934005546,1734.999,0.9663283007396821,0.0,0.0,1.0,0.85,0.9936,0.8446,2.0,1.0
t9e_t8,12345,26,S-S3a,Mixed,207.11840865271077,45.0,24.871590615132433,12.008392096540431,87.81385146615011,42.39789791615937,-24.85413728887453,-0.9316004253543411,59.160603769733484,1779.999,1.0358592618595195,0.0,4.5,1.0,0.85,1.0,0.85,5.0,1.0
t9e_t8,12345,27,S-S3a,Mixed,257.0707501113978,60.0,10.654116750617147,4.144429790631701,84.49651191219127,32.86897162573959,-10.370673752953937,2.4411738253498334,83.35500596369002,1904.999,1.0718198214866461,0.11388025805241025,3.1,1.0,0.9652,1.0,0.9652,7.0,1.0
t9e_t8,12345,28,S-S3a,Mixed,98.90739891707942,30.0,11.844018226772958,11.974855629054181,17.412121615337856,17.604468225815527,-9.798918583895668,6.652966431774187,29.989433180787216,2291.9990000000003,0.8514183739220982,0.0,0.0,1.0,0.8525,1.0,0.8525,1.0,1.0
t9e_t8,12345,29,S-S3a,Mixed,294.92856772094046,30.0,381.488053207678,129.34930520824946,296.86926992464066,100.65802449003058,-294.58617203199424,-242.38837015772938,81.11625028930382,2363.9990000000003,0.7803944117631855,0.0,0.0,1.0,0.85,1.0,0.85,3.0,0.0
t9e_t8,12345,30,S-S4,Arterial,458.8808663714479,75.0,6.486427067977075,1.4135318212911803,47.33806468481477,10.315981369878315,-5.868334387238576,-2.763401459748277,61.78300168693994,1727.999,0.9503178070621242,0.0,0.6000000000000001,1.0,1.0352,1.0,1.0352,3.0,0.0
t9e_t8,12345,31,S-S4,Arterial,232.91056931938414,30.0,9.85386875148365,4.230752078052456,149.2831690313842,64.0946305990417,-9.8449973581715,-0.41803874110201455,67.16535546192318,2790.0,1.0996451461072958,0.0,0.0,1.0,1.0461,1.0,1.0461,3.0,1.0
t9e_t8,12345,32,S-S4,Arterial,291.3009575322234,45.0,12.533588127501273,4.302625104181067,9.451161584835546,3.2444663638944853,11.77316647224652,4.299230462142182,10.18324451063512,4613.999000000001,0.9428414624012628,0.0,0.0,1.0,1.0333,1.0,1.0333,2.0,0.0
t9e_t8,12345,33,S-S4,Arterial,211.5995001088083,30.0,68.89561592778215,32.55944172474641,66.97516068955852,31.651852038931416,-68.63337603384038,6.005463201613523,43.28731473558685,4906.999000000001,0.6648409383784559,0.0,0.0,1.0,0.85,1.0,0.85,3.0,1.0
t9e_t8,12345,34,S-S4,Arterial,674.9360141089741,75.0,146.91716395540107,21.767569204223864,142.89406500258434,21.17149804062951,-98.6824972149495,-108.84125048950735,121.29286105388525,4970.0,0.8012952483582447,0.0,0.0,1.0,0.85,1.0,0.85,4.0,1.0
t9e_t8,12345,35,S-S4,Arterial,183.4425225563541,60.0,7.796790246185457,4.250263318195627,33.02802131709793,18.00456124176532,-7.025409383046672,-3.3813549271870955,48.01728456855943,5222.0,0.6094821076428769,0.0,2.0,1.0,1.1499,1.0,1.1499,1.0,0.0
t9e_t8,12345,36,S-S4,Arterial,1115.3688392277472,45.0,461.48600774986465,41.37519280791327,545.939112680063,48.9469575874163,-461.21310813510377,-15.868340595828869,36.954611300572964,6710.0,0.6139943533896771,0.0,0.0,1.0,1.25,1.0,1.25,0.0,0.0
t9e_t8,12345,37,S-S4,Arterial,343.6883113248635,30.0,31.165512444630213,9.067958210301697,6.562862515769406,1.9095390502140208,-31.143431908036384,-1.1729513740569057,2.787836943319064,7087.999000000001,0.8785886611541496,0.0,0.0,1.0,1.1908,1.0,1.1908,3.0,0.0
t9e_t8,12345,38,S-S4,Arterial,716.5876912876818,60.0,33.8228438819474,4.719986722234789,60.830206510330804,8.488871250498478,33.77056042318132,-1.8798981267201285,63.11960774710849,7606.000000000001,1.000038102277228,0.0,0.0,1.0,1.25,1.0,1.25,1.0,0.0
t9e_t8,12345,39,S-S4,Arterial,403.4263825753887,45.0,53.43673015942035,13.245720276966411,130.24754120663374,32.28533056642478,53.21889763134435,-4.82006898655988,18.87524388857838,8011.999000000001,1.1063913103365262,0.0,0.0,1.0,1.0512,1.0,1.0512,3.0,0.0
t9e_t8,987654,1,S-M,Highway,427.08928122812824,60.0,75.92608004868592,17.77756628083819,88.84192882772889,20.801722902587734,-75.84303714445335,-3.5501194718673865,4.341152341636132,8726.866,0.8376580505852954,0.0,0.0,1.0,0.9602,1.0,0.9602,1.0,0.0
t9e_t8,987654,2,S-M,Highway,818.6155364482948,75.0,22.24327557966376,2.717182192286511,205.55666745751435,25.11028172631044,22.18941157200977,1.5470367160559144,8.703566908894288,8906.865,0.9946178094953284,0.0,0.0,1.0,0.8765,1.0,0.8765,6.0,0.0
t9e_t8,987654,3,S-M,Highway,423.20936379262923,30.0,44.80875025364214,10.587844714040456,41.27670356722757,9.75325857568997,44.75223167974837,-2.249857545579598,14.912821023935777,9365.866,1.0462650503174689,0.0,0.0,1.0,1.1239,1.0,1.1239,3.0,0.0
t9e_t8,987654,4,S-M,Highway,385.85668169977976,60.0,87.00996822309747,22.54981508673124,115.9691614251261,30.054983346214865,31.96931254518115,80.92402378510944,70.81411390470277,9698.866,1.2423126220996257,1.029599105622452,1.7000000000000002,1.0,0.9401,1.0,0.9401,2.0,0.0
t9e_t8,987654,5,S-M,Highway,127.49065222729283,45.0,28.7077688620194,22.517548040179943,31.21520194798743,24.48430641984352,-28.704196187279635,0.45289543748200956,4.680102392339734,9797.965,0.8409005167010999,0.04127545585240478,11.8,1.0,0.85,1.0,0.85,0.0,0.0
t9e_t8,987654,6,S-M,Highway,498.83433485424433,45.0,144.15236560331752,28.897843538664546,237.77506325559676,47.66613816289788,144.1276719092678,-2.668089025308433,46.63855818965044,9865.865,1.2984550853265522,0.0,0.0,1.0,1.35,1.0,1.35,3.0,0.0
t9e_t8,987654,7,S-M,Highway,427.1267600882112,30.0,5.0616828428764755,1.1850540204577968,30.359866859474153,7.107929002904001,-2.371436318326033,-4.471791921589638,11.10581459467349,9999.866,0.9893493722916471,0.0,0.0,1.0,1.35,1.0,1.35,0.0,0.0
t9e_t8,987654,8,S-M,Highway,485.52801697754387,75.0,43.09745701939492,8.876409910942012,204.74669281642724,42.16990279798765,27.17337711629735,33.45143311779154,16.57254435796355,10152.865,1.1214057540081823,2.7832736130843374,15.4,1.0,1.0051,1.0,1.0051,2.0,0.0
t9e_t8,987654,9,S-S2,Arterial,263.72929562995785,60.0,50.28313117576058,19.066190980282116,51.88698388953383,19.674334535188372,-49.714342227790766,7.541714506453161,146.82584493928567,7618.101000000001,1.1117875873462892,0.0,0.0,1.0,0.975,1.0,0.975,2.0,0.0
t9e_t8,987654,10,S-S2,Arterial,113.8174453501425,30.0,50.07454401733292,43.99549108072669,115.55398338948915,101.52572220717522,31.016573697054937,39.31198436404568,85.67576009242822,7798.099,1.1389199478988616,0.0,0.9,1.0,0.8794,1.0,0.8794,1.0,0.0
t9e_t8,987654,11,S-S2,Arterial,280.8252391519308,30.0,76.01354895847717,27.067919246871064,48.6351309748094,17.31864668634611,75.85388489311293,-4.924202664917363,45.03651984640328,8033.1,1.1934640189633778,9.488135665473385,5.2,1.0,1.25,1.0,1.25,0.0,0.0
t9e_t8,987654,12,S-S2,Arterial,347.2174278735249,45.0,199.97621254893775,57.593944455397484,193.42623012631566,55.70752347050154,-148.1597764567899,-134.30996324060249,80.50180933041867,8206.2,1.268458776114701,0.0,0.0,1.0,1.1062,1.0,1.1062,0.0,0.0
t9e_t8,987654,13,S-S2,Arterial,566.2036149193818,75.0,15.481382311530453,2.7342429302106717,109.3052268037133,19.30493269974558,-6.455026184630991,14.071454623865163,56.935210903096106,8386.201000000001,0.9372140254901438,5.227346199757033,5.9,1.0,0.9263,1.0,0.9263,0.0,0.0
t9e_t8,987654,14,S-S2,Arterial,265.2414706002461,45.0,17.162855705891754,6.470653200290253,144.9026722956303,54.630473872623696,-16.72859299161712,-3.8363775234040505,41.432350860712376,8854.1,0.8749147818590065,4.565756187829968,1.5,1.0,0.8898,1.0,0.8898,3.0,0.0
t9e_t8,987654,15,S-S1,Urban,242.83061682813025,60.0,78.75007150414113,32.43004219681185,66.90823312916702,27.55345845722703,78.325971554668,-8.16185897480964,10.793442075521,4216.0,1.2210782366441213,1.417607242934344,31.6,1.0,1.2345,0.9803,1.2102,2.0,0.0
t9e_t8,987654,16,S-S1,Urban,254.781794447736,30.0,23.27419750358961,9.134953128828794,23.53529819460393,9.237433249741784,23.219881704103127,1.58913910138591,71.0186966093849,4331.0,1.0197061501665818,0.0,0.0,1.0,1.1866,1.0,1.1866,2.0,1.0
t9e_t8,987654,17,S-S1,Urban,191.77579845013074,45.0,2.098155849974754,1.0940670652560767,25.623353269238425,13.36109846827284,-1.6121631665606906,-1.3428283193201915,1.1688898586700134,4592.999000000001,0.9072900047255122,0.0,22.5,1.0,1.0269,1.0,1.0269,0.0,0.0
t9e_t8,987654,18,S-S1,Urban,105.77425225241359,30.0,15.463492462460653,14.619335172003359,22.900644728398607,21.650490777046407,-14.839599110474852,-4.34809123374515,12.402292274282388,4788.0,1.0760376758956092,15.208258897415238,14.4,1.0,1.016,1.0,1.016,2.0,0.0
t9e_t8,987654,19,S-S1,Urban,284.2776100888617,45.0,29.256934153003154,10.29167726007609,23.120930808960217,8.133222592427487,28.569120369944237,-6.306628046809147,32.40741184661624,4999.900000000001,1.0286882959982697,0.0,18.2,1.0,1.1741,1.0,1.1741,2.0,0.0
t9e_t8,987654,20,S-S1,Urban,155.02425348000529,75.0,61.44213364505728,39.633884547608524,58.285474194407236,37.59764868142054,32.72535249990716,-52.001798917094206,156.89782481313244,5065.999000000001,0.8450412293062022,0.0,30.700000000000003,1.0,0.8963,1.0,0.8963,1.0,0.0
t9e_t8,987654,21,S-S3a,Mixed,666.7759832065091,60.0,12.229591583032553,1.834137985027708,19.437859124695443,2.915200849199646,11.693871458984155,-3.5799833223824495,17.793435567023266,143.999,1.0045607244396666,0.0,0.0,1.0,1.0954,1.0,1.0954,3.0,0.0
t9e_t8,987654,22,S-S3a,Mixed,343.4174747817301,60.0,11.13561875863479,3.242589435995471,109.0244278726133,31.746907446077767,11.12713009271927,0.43471949273096344,37.444761659932226,519.0,1.024850717887348,0.0,17.1,1.0,1.178,1.0,1.178,3.0,0.0
t9e_t8,987654,23,S-S3a,Mixed,389.703307789954,30.0,19.956144304086582,5.1208557651870725,5.208887811104879,1.336629098850866,5.5162157694227485,-19.1786094144153,66.67658664791507,758.999,1.0092018414054142,0.0,0.0,1.0,1.25,1.0,1.25,1.0,0.0
t9e_t8,987654,24,S-S3a,Mixed,338.24202909803245,30.0,32.77758304179285,9.690570722153796,42.56445789928837,12.584023934811468,32.768646463287176,0.7653489568315965,9.931923731117934,1253.999,1.0783774170686458,0.0,0.0,1.0,1.1503,1.0,1.1503,0.0,0.0
t9e_t8,987654,25,S-S3a,Mixed,391.5396147133529,45.0,66.55083901150655,16.99721727014228,54.05979722036043,13.80698023619851,66.26834531456493,-6.125404672757789,8.766471779883972,1653.999,1.1250021339045024,0.0,0.0,1.0,1.032,1.0159,1.0484,1.0,0.0
t9e_t8,987654,26,S-S3a,Mixed,213.90171974270731,30.0,28.060882268836743,13.1185865651711,43.697065369619494,20.428571318725588,-1.36179473981642,-28.02781883757858,106.00368365829371,1762.0,1.0403119569489383,0.0,0.0,1.0,0.85,1.0,0.85,2.0,1.0
t9e_t8,987654,27,S-S3a,Mixed,649.9862446243249,75.0,125.0086818841708,19.23251190591311,297.5015594367134,45.77043928193613,67.03993429034398,-105.51216876154228,62.619423094812106,1832.999,1.2562761870218977,0.0,0.0,1.0,1.25,1.0,1.25,3.0,0.0
t9e_t8,987654,28,S-S3a,Mixed,117.86811273614683,45.0,5.293828037056254,4.491314838396311,62.14448188510246,52.72374388840494,-4.296317944321348,3.092938312870991,32.304868550569495,2111.9990000000003,1.328971422226655,0.0,0.0,1.0,1.0459,1.0,1.0459,3.0,1.0
t9e_t8,987654,29,S-S3a,Mixed,744.0517077882085,75.0,23.977772612278937,3.2225949300695804,19.294408693875454,2.5931542783808155,-19.02894049581741,14.588797176353992,21.6181257371033,2372.9990000000003,1.0258393643530452,0.0,0.0,1.0,0.9348,1.0,0.9348,5.0,0.0
t9e_t8,987654,30,S-S4,Arterial,746.4163097109229,60.0,832.5683894056407,111.5420950177366,861.6256693375663,115.43500029779126,-279.96211630944083,-784.0863067730756,115.82525612826521,1547.999,0.9603222994260713,0.0,0.0,1.0,1.25,1.0,1.25,5.0,0.0
t9e_t8,987654,31,S-S4,Arterial,897.9297776571389,75.0,136.4540640288214,15.196518416490731,199.58608150202096,22.227359696520715,-136.450562336815,0.9775622479700452,142.99748269650905,2243.0,0.812923863467403,0.0,0.0,1.0,0.9097,1.0,0.9097,1.0,0.0
t9e_t8,987654,32,S-S4,Arterial,201.7132984681376,30.0,10.128142964020473,5.021058621784573,27.630964513053225,13.698137268534024,-9.301145663907,4.008487150836511,62.59950485995782,2745.0,0.7955908991173453,0.0,0.0,1.0,0.85,1.0,0.85,1.0,1.0
t9e_t8,987654,33,S-S4,Arterial,909.1128397279243,45.0,272.63457224747185,29.989079499643285,279.59178025255073,30.754353918950905,-271.010241128698,-29.71631181568314,49.39721231044493,6682.999000000001,0.6886599035061627,0.0,0.0,1.0,1.25,1.0,1.25,0.0,0.0
t9e_t8,987654,34,S-S4,Arterial,579.2657750776938,45.0,16.869793835049922,2.9122718035235673,264.7437472972639,45.70332974734357,-14.351557783634842,-8.866946104498354,38.446659540798436,7588.000000000001,0.9429841321604622,0.0,0.0,1.0,1.115,1.0,1.115,4.0,0.0
t9e_t8,987654,35,S-S4,Arterial,750.5722351617737,45.0,61.10915367692551,8.141675219808047,146.26756268251637,19.48747313454657,-59.38167600596957,-14.42723874593322,29.538835895551927,7678.000000000001,0.8643107475711566,0.0,0.0,1.0,1.25,1.0,1.25,1.0,0.0
t9e_t8,987654,36,S-S4,Arterial,709.3914725673854,60.0,102.13272772659563,14.39723082051765,178.4510851141359,25.155515961912663,-102.09696342830503,-2.702615694889648,104.6741934540791,7876.999000000001,0.893844076832361,0.0,0.0,1.0,1.2141,1.0,1.2141,3.0,0.0
t9e_t8,987654,37,S-S4,Arterial,448.2073809849286,30.0,57.640555266308915,12.860242314538576,62.367780761188506,13.914938353789779,-57.59197480555418,-2.366019738891737,5.096915866555264,8357.0,0.871666051830213,0.0,0.0,1.0,1.2463,1.0,1.2463,1.0,0.0
t9e_t8,987654,38,S-S4,Arterial,265.2023800060632,30.0,29.750674360775406,11.218102326266918,71.87290550367756,27.101154032642675,-29.72186404585915,1.308977677565327,107.7620341483152,8671.999,0.8968754377296161,0.0,0.0,1.0,1.1422,1.0,1.1422,2.0,1.0
t9e_t8,987654,39,S-S4,Arterial,934.3708203197764,75.0,1267.701152488624,135.67430884183324,1285.9927698145968,137.63194888454268,-1244.351663447978,242.18825259544718,72.85708608230209,9098.900000000001,0.796476414193944,0.0,0.0,1.0,1.2161,1.0,1.2161,2.0,0.0
t9e_t8,314159,1,S-M,Highway,251.82914529169057,30.0,106.2944489267416,42.20895433037429,101.6069620505934,40.34757848735233,106.05245998733709,-7.168375218551297,7.202618749303639,8780.866,1.3454547101880276,0.0,0.0,1.0,1.2133,1.0224,1.2405,1.0,0.0
t9e_t8,314159,2,S-M,Highway,448.95398291648814,45.0,22.30293172697252,4.967754508399402,56.7605474437522,12.642843053763592,22.25821759791471,-1.4115640197587371,24.465422576371026,8879.866,1.035302873753516,0.0,0.0,1.0,0.9237,1.0,0.9237,2.0,0.0
t9e_t8,314159,3,S-M,Highway,1174.598854097475,75.0,84.54628860369692,7.197886181206916,346.7142489277777,29.517673009666108,84.52728156550437,-1.792648265990465,48.25895541818525,9410.865,1.0315112616577709,0.0,0.0,1.0,1.2027,1.0,1.2027,7.0,0.0
t9e_t8,314159,4,S-M,Highway,954.223430562703,75.0,10.514464373612437,1.1018870462457713,298.511441667836,31.28318086800746,10.501822962003356,-0.5154372306151993,43.6778569161626,9545.865,0.9758713124428161,0.0,0.0,1.0,1.0027,1.0,1.0027,4.0,0.0
t9e_t8,314159,5,S-M,Highway,454.7242394214451,60.0,11.363224296969673,2.4989264507709845,51.49693682404883,11.324871726558811,-10.861845888914349,-3.338138749170917,11.2480215915202,9662.865,0.9279475399226328,0.0,0.0,1.0,0.85,1.0,0.85,4.0,0.0
t9e_t8,314159,6,S-M,Highway,285.0293085231636,30.0,54.124203642029094,18.988995876411973,73.51564879388275,25.79231208705975,53.81392022207654,-5.787176359488026,9.325740642200572,9910.865,1.1843781627364809,0.0,0.0,1.0,1.0504,0.9916,1.0416,1.0,0.0
t9e_t8,314159,7,S-M,Highway,944.5454113194985,60.0,36.432115301563265,3.8571057426099618,155.9876016049226,16.514568779389137,36.209180219693096,-4.024213359674988,20.17532160828725,10026.865,1.0144429766248868,0.0,0.0,1.0,1.35,1.0,1.35,2.0,0.0
t9e_t8,314159,8,S-M,Highway,54.67298308472394,45.0,15.10945815607152,27.63605953722547,15.10945815607152,27.63605953722547,10.308086593585008,11.04712978783309,122.02607887818948,10543.866,1.3013734081619963,0.1634899821030893,22.900000000000002,1.0,1.2325,1.0,1.2325,2.0,0.0
t9e_t8,314159,9,S-S2,Arterial,498.960672253589,75.0,78.7348085118666,15.77976239214518,89.62532210077002,17.962402065872507,57.386917538599654,53.906509503196986,132.10857467537915,7573.200000000001,1.2548620163968194,0.0,0.0,1.0,1.25,1.0,1.25,1.0,0.0
t9e_t8,314159,10,S-S2,Arterial,632.0199215559988,60.0,80.06999337896045,12.668903407638238,129.50888043618522,20.49126554703234,-45.70583073501854,65.7432952971526,162.2375796469977,7970.1990000000005,0.8157974454072956,0.0,0.0,1.0,0.9988,1.0,0.9988,2.0,0.0
t9e_t8,314159,11,S-S2,Arterial,280.67219450907874,45.0,91.51641483118696,32.606156442129056,114.37092949918188,40.74893478466118,77.13974240983467,-49.24138832829812,95.63125515926043,8359.2,1.0260374390009217,0.0,0.0,1.0,0.9302,1.0,0.9302,0.0,0.0
t9e_t8,314159,12,S-S2,Arterial,391.759845436425,30.0,86.57911668627652,22.10004871474931,138.28808946255535,35.29919951558609,-32.1249633598096,80.39857072925349,35.049015590739714,8647.1,0.7639524325938165,0.0,0.0,1.0,0.9764,1.0,0.9764,1.0,0.0
t9e_t8,314159,13,S-S2,Arterial,198.4000418380012,30.0,33.08562876007527,16.67622065679328,120.41279252125854,60.69191891581289,-9.790438180338345,-31.60389454935092,43.738645295301524,8845.101,0.889506621612553,0.0,0.0,1.0,0.85,1.0,0.85,1.0,0.0
t9e_t8,314159,14,S-S2,Arterial,328.3427892753167,45.0,195.4292661318807,59.519889735727524,61.48407474986836,18.72557484376906,-159.73450743745204,-112.59433908754046,15.936669610460086,9312.1,0.9803024091417265,0.0,0.0,1.0,1.25,1.0,1.25,4.0,0.0
t9e_t8,314159,15,S-S1,Urban,350.4209584234263,30.0,41.126523981478535,11.736319701455718,40.22771348706302,11.47982519882684,40.94829155361259,-3.824708307762739,0.14789734235105811,4207.0,1.1698094321410781,0.0,0.0,1.0,1.25,1.0,1.25,2.0,0.0
t9e_t8,314159,16,S-S1,Urban,375.2656671401586,60.0,71.69820044924656,19.105984567052833,98.99768212979083,26.380692612845934,-70.30433039832155,14.068868998749682,98.93584023408619,4375.999000000001,0.8141305182371421,0.0,6.7,1.0,0.8971,1.0,0.8971,4.0,1.0
t9e_t8,314159,17,S-S1,Urban,301.4854626724725,45.0,8.983534418254646,2.979757079701773,39.182517032063544,12.996486359486795,8.657092935303037,-2.3997150984006557,16.98525975099301,4457.999000000001,1.0482684117552203,0.0,0.0,1.0,1.25,1.0,1.25,3.0,1.0
t9e_t8,314159,18,S-S1,Urban,110.71098871230231,30.0,80.77146678514937,72.95704584035927,104.56902705866094,94.45225652387397,68.86006785222843,-42.21754258612154,138.24873601187517,4557.0,1.3899287716577093,0.0,0.0,1.0,1.1117,1.0,1.1117,0.0,0.0
t9e_t8,314159,19,S-S1,Urban,329.19584120109806,75.0,59.22899680535779,17.99202462256386,50.872222690428025,15.453482797600524,59.108712630609524,3.772817742895203,10.907096240371175,4700.0,1.1958011496413417,5.783943756075704,9.1,1.0,1.2356,1.0,1.2356,4.0,1.0
t9e_t8,314159,20,S-S1,Urban,133.1744210584332,45.0,50.93122707605256,38.244001116179334,117.74042965731199,88.41069382659511,-17.199185136568104,-47.93931499417241,29.850496284209925,5123.999000000001,1.794458273603861,0.0,6.6000000000000005,1.0,1.25,1.0,1.25,3.0,0.0
t9e_t8,314159,21,S-S3a,Mixed,235.67019116312846,30.0,4.802274783979388,2.03770988612442,127.81429995857162,54.234393975647045,-4.751084142194414,-0.6993157903501446,16.44704418311602,98.99900000000001,1.1755780605569424,0.0,0.0,1.0,1.25,0.9861,1.2326,2.0,0.0
t9e_t8,314159,22,S-S3a,Mixed,254.06524017411385,30.0,28.043651301482914,11.03797248386449,36.512575815636104,14.371338554858434,28.007099217364257,-1.4313531178150596,3.336568105106153,189.0,1.0897992944467456,0.2448648615528375,5.7,1.0,1.068,1.0331,1.1034,2.0,0.0
t9e_t8,314159,23,S-S3a,Mixed,475.09849544200557,45.0,40.048507373371216,8.429516775487214,116.14683292236597,24.446895546219174,39.74834719553109,-4.894061509470877,13.407698019697307,254.99900000000002,1.121888305430119,0.0,8.3,1.0,1.2387,1.0,1.2387,0.0,0.0
t9e_t8,314159,24,S-S3a,Mixed,333.3256230673337,45.0,37.57396175752747,11.272449268005213,24.163340863316776,7.24916993808053,37.49418771126963,-2.4471391517881838,1.9845066731223255,378.0,1.0377816732972545,0.0,7.800000000000001,1.0,1.1828,1.0,1.1828,0.0,0.0
t9e_t8,314159,25,S-S3a,Mixed,343.4174747817301,75.0,11.13561875863479,3.242589435995471,109.0244278726133,31.746907446077767,11.12713009271927,0.43471949273096344,37.22009230986467,519.0,1.0240603792017127,0.0,31.700000000000003,1.0,1.178,1.0,1.178,3.0,0.0
t9e_t8,314159,26,S-S3a,Mixed,760.9367917587459,60.0,158.15720133240777,20.78453861678321,158.44310353363363,20.822111014953766,-157.92940718860572,-8.48543919637217,7.191247009157536,623.999,0.8142737878508864,0.0,0.0,1.0,1.25,1.0,1.25,0.0,0.0
t9e_t8,314159,27,S-S3a,Mixed,603.876045450248,30.0,123.46626357020978,20.445630274695485,137.9910673926228,22.850892734077092,-122.3628235022659,-16.46990177693347,3.3766782048468826,867.0,0.7829992188565749,0.0,0.0,1.0,1.25,1.0,1.25,2.0,0.0
t9e_t8,314159,28,S-S3a,Mixed,1516.8425334734472,75.0,192.82677954458467,12.71237951793367,242.55489536017816,15.990776234679219,-190.1982269128199,31.730133765166016,16.52104735090643,993.0000000000001,0.8517874820913461,0.0,0.0,1.0,1.25,1.0,1.25,3.0,0.0
t9e_t8,314159,29,S-S3a,Mixed,604.9259033017199,60.0,68.86382015460079,11.383843835871161,64.94825290361156,10.736563362408571,68.41332004557134,-7.864055355058827,0.7582972234754095,1546.0,1.0865321307703766,0.0,0.0,1.0,1.25,1.035,1.2938,0.0,0.0
t9e_t8,314159,30,S-S3a,Mixed,294.225288472987,45.0,149.11761293859962,50.68143996476706,183.84802282083942,62.48545928020004,138.29078790165437,55.78279725906248,142.38883069818945,2219.9990000000003,0.7460279745624682,0.0,0.0,1.0,0.85,1.0,0.85,3.0,0.0
t9e_t8,314159,31,S-S4,Arterial,509.6097765756361,45.0,208.1619781761656,40.847328239055145,83.3921114338594,16.363915149787626,-79.21813179099945,-192.49908247510768,108.8012842439316,693.0,1.0053365246061456,0.0,0.0,1.0,1.2027,1.0,1.2027,0.0,0.0
t9e_t8,314159,32,S-S4,Arterial,616.3999516839654,45.0,65.27649364662548,10.58995761896059,149.93030063097598,24.323541918096513,-65.23207161087787,-2.407790719983158,16.56110449225571,1521.0,0.9119827485276124,0.0,0.0,1.0,1.25,1.0,1.25,5.0,0.0
t9e_t8,314159,33,S-S4,Arterial,625.5146730841803,60.0,219.77422911757657,35.134943842956,139.81410240537903,22.351850151813014,-179.00654086954896,127.50439251313475,137.0710971344751,2234.0,0.8005042108020548,0.0,0.0,1.0,0.85,1.0,0.85,1.0,0.0
t9e_t8,314159,34,S-S4,Arterial,440.756279466452,45.0,11.563813754349061,2.6236299499458946,72.06947728346734,16.3513217260817,-0.6067491384550983,11.547884829190865,86.73646106741523,2546.0,0.9560639983532283,0.0,0.0,1.0,0.8922,1.0,0.8922,1.0,0.0
t9e_t8,314159,35,S-S4,Arterial,226.64428517034582,30.0,19.246571015292314,8.491972784942092,24.582984634036933,10.846505401872527,19.134211915800496,-2.076639161705449,30.841697813202728,4348.999000000001,1.0259474869404948,0.0,0.0,1.0,0.9787,1.0,0.9787,0.0,0.0
t9e_t8,314159,36,S-S4,Arterial,627.4258978727169,75.0,53.5717857466451,8.538344675965698,99.76834857908557,15.901216210129268,-53.46639510308937,3.3586936098412785,7.715934341756849,5332.0,0.9141744608167187,0.0,1.1,1.0,1.1288,1.0,1.1288,5.0,0.0
t9e_t8,314159,37,S-S4,Arterial,363.68766426295684,30.0,36.24927151950005,9.967143535913488,37.84700800011449,10.406459090883544,34.487363614192944,-11.163845065069568,25.919816985658997,5712.0,1.0742330719547561,0.0,0.0,1.0,1.25,1.0,1.25,2.0,0.0
t9e_t8,314159,38,S-S4,Arterial,780.2399620221747,60.0,98.02376954444482,12.56328492716436,151.39163743492412,19.40321501125849,-98.00288089901127,-2.0235442166246145,10.212523002529053,5972.999000000001,0.8279725952000954,0.0,0.0,1.0,1.25,1.0,1.25,1.0,0.0
t9e_t8,314159,39,S-S4,Arterial,182.92241218330372,30.0,7.053422800813941,3.8559642400439236,64.87171875519503,35.46406259402926,-0.8599299639842596,7.000806643814983,75.00439945297651,7525.000000000001,1.1407014717599828,0.0,0.0,1.0,1.1844,1.0,1.1844,1.0,0.0
t9e_t8,314159,40,S-S4,Arterial,759.6562336548984,75.0,27.14436696812919,3.5732434969342344,127.15380628651067,16.738335138084963,27.14022070291406,0.4744241747405846,45.13279910411637,8699.0,1.0727962076117943,0.0,0.0,1.0,1.25,1.0,1.25,4.0,0.0
