scenario_id,sequence,domain,duration_s,distance_m,drift_pure_dr,drift_osm,drift_masked,drift_trip_leaked,osm_total_match_steps,osm_gate_suppressed_steps,osm_gate_suppressed_pct,osm_hard_gate_steps,osm_hard_gate_pct,osm_ambiguity_gate_steps,osm_ambiguity_gate_pct,osm_hysteresis_steps,osm_hysteresis_pct,osm_single_candidate_steps,osm_single_candidate_pct,osm_score_ratio_median,osm_score_ratio_p10,osm_score_ratio_p90,route_match_won,route_match_ratio,route_count,route_time_ms,route_memory_kb,route_turns_count,route_fallback_reason
1,S-M,Highway,30.0,301.5,38.12,33.45,40.79,24.73,301,75,24.92,0,0.0,60,19.93,15,4.98,159,52.82,1.57,1.06,2.57,False,0.0,0,0.0,0.0,0,route matching disabled
2,S-M,Highway,45.0,600.18,18.11,17.86,17.19,15.1,451,108,23.95,0,0.0,97,21.51,11,2.44,293,64.97,1.37,1.02,2.63,False,0.0,0,0.0,0.0,0,route matching disabled
3,S-M,Highway,75.0,1174.6,30.51,10.64,30.4,7.19,751,117,15.58,0,0.0,102,13.58,15,2.0,564,75.1,1.45,1.04,2.57,False,0.0,0,0.0,0.0,0,route matching disabled
4,S-M,Highway,45.0,326.69,23.96,16.38,23.33,18.58,435,92,21.15,0,0.0,83,19.08,9,2.07,264,60.69,1.52,1.06,2.52,False,0.0,0,0.0,0.0,0,route matching disabled
5,S-M,Highway,75.0,288.59,43.81,26.48,45.41,18.08,588,202,34.35,53,9.01,142,24.15,7,1.19,356,60.54,1.23,1.02,2.17,False,0.0,0,0.0,0.0,0,route matching disabled
6,S-M,Highway,30.0,427.13,13.52,12.93,16.96,11.28,301,85,28.24,0,0.0,74,24.58,11,3.65,126,41.86,1.61,1.06,2.53,False,0.0,0,0.0,0.0,0,route matching disabled
7,S-M,Highway,60.0,603.34,45.79,16.42,43.22,2.75,601,383,63.73,36,5.99,316,52.58,31,5.16,164,27.29,1.19,1.03,3.07,False,0.0,0,0.0,0.0,0,route matching disabled
8,S-M,Highway,60.0,314.72,15.44,4.65,15.76,11.89,379,198,52.24,0,0.0,187,49.34,11,2.9,62,16.36,1.36,1.01,2.65,False,0.0,0,0.0,0.0,0,route matching disabled
9,S-S2,Arterial,75.0,872.06,128.53,90.43,127.93,123.11,712,147,20.65,87,12.22,52,7.3,8,1.12,204,28.65,2.12,1.34,12.96,False,0.0,0,0.0,0.0,0,route matching disabled
10,S-S2,Arterial,30.0,245.71,47.51,7.05,47.51,6.72,301,108,35.88,7,2.33,93,30.9,8,2.66,144,47.84,1.41,1.02,2.06,False,0.0,0,0.0,0.0,0,route matching disabled
11,S-S2,Arterial,60.0,435.62,19.63,0.82,20.14,1.23,601,100,16.64,12,2.0,76,12.65,12,2.0,412,68.55,1.63,1.04,2.88,False,0.0,0,0.0,0.0,0,route matching disabled
12,S-S2,Arterial,45.0,261.98,10.5,6.17,10.67,5.03,440,310,70.45,187,42.5,115,26.14,8,1.82,50,11.36,1.41,1.07,2.58,False,0.0,0,0.0,0.0,0,route matching disabled
13,S-S2,Arterial,45.0,331.61,23.62,11.44,19.1,13.27,432,327,75.69,0,0.0,313,72.45,14,3.24,9,2.08,1.25,1.04,2.6,False,0.0,0,0.0,0.0,0,route matching disabled
14,S-S2,Arterial,30.0,202.61,12.66,12.66,12.66,7.16,0,0,0.0,0,0.0,0,0.0,0,0.0,0,0.0,0.0,0.0,0.0,False,0.0,0,0.0,0.0,0,route matching disabled
15,S-S1,Urban,45.0,399.74,14.09,12.75,11.53,13.32,448,102,22.77,2,0.45,90,20.09,10,2.23,290,64.73,1.41,1.03,2.63,False,0.0,0,0.0,0.0,0,route matching disabled
16,S-S1,Urban,30.0,200.53,20.58,25.59,84.72,0.0,301,71,23.59,4,1.33,61,20.27,6,1.99,198,65.78,1.28,1.02,2.73,False,0.0,0,0.0,0.0,0,route matching disabled
17,S-S1,Urban,75.0,102.81,40.77,47.7,40.73,40.36,205,26,12.68,0,0.0,24,11.71,2,0.98,149,72.68,1.55,1.09,2.83,False,0.0,0,0.0,0.0,0,route matching disabled
18,S-S1,Urban,45.0,98.9,31.52,12.28,31.52,30.17,354,116,32.77,4,1.13,103,29.1,9,2.54,150,42.37,1.47,1.13,4.53,False,0.0,0,0.0,0.0,0,route matching disabled
19,S-S1,Urban,30.0,361.75,16.55,12.8,15.56,15.54,301,134,44.52,0,0.0,127,42.19,7,2.33,137,45.51,1.12,1.01,2.08,False,0.0,0,0.0,0.0,0,route matching disabled
20,S-S1,Urban,60.0,135.12,62.18,32.46,60.57,0.0,335,201,60.0,153,45.67,44,13.13,4,1.19,88,26.27,1.53,1.07,2.55,False,0.0,0,0.0,0.0,0,route matching disabled
21,S-S3a,Mixed,30.0,325.86,15.71,8.02,25.29,5.72,301,77,25.58,0,0.0,69,22.92,8,2.66,192,63.79,1.38,1.02,2.7,False,0.0,0,0.0,0.0,0,route matching disabled
22,S-S3a,Mixed,45.0,475.17,21.49,19.56,21.88,21.21,451,241,53.44,0,0.0,233,51.66,8,1.77,162,35.92,1.13,1.0,1.9,False,0.0,0,0.0,0.0,0,route matching disabled
23,S-S3a,Mixed,75.0,1128.39,20.92,20.49,21.01,19.31,455,294,64.62,151,33.19,131,28.79,12,2.64,129,28.35,1.25,1.02,1.95,False,0.0,0,0.0,0.0,0,route matching disabled
24,S-S3a,Mixed,30.0,603.88,5.63,1.33,5.63,1.01,301,28,9.3,0,0.0,24,7.97,4,1.33,255,84.72,1.42,1.03,2.66,False,0.0,0,0.0,0.0,0,route matching disabled
25,S-S3a,Mixed,45.0,614.33,4.87,3.58,5.84,5.6,450,124,27.56,0,0.0,114,25.33,10,2.22,273,60.67,1.33,1.02,2.36,False,0.0,0,0.0,0.0,0,route matching disabled
26,S-S3a,Mixed,75.0,892.82,3.16,0.49,3.16,2.2,750,310,41.33,0,0.0,289,38.53,21,2.8,352,46.93,1.2,1.01,2.33,False,0.0,0,0.0,0.0,0,route matching disabled
27,S-S3a,Mixed,60.0,591.93,11.03,9.44,12.73,9.7,601,220,36.61,41,6.82,169,28.12,10,1.66,288,47.92,1.29,1.01,2.97,False,0.0,0,0.0,0.0,0,route matching disabled
28,S-S3a,Mixed,45.0,374.52,13.88,3.21,8.94,6.15,451,114,25.28,5,1.11,101,22.39,8,1.77,235,52.11,1.57,1.04,3.87,False,0.0,0,0.0,0.0,0,route matching disabled
29,S-S3a,Mixed,30.0,164.32,40.3,2.56,40.3,10.0,301,132,43.85,0,0.0,127,42.19,5,1.66,127,42.19,1.32,1.06,2.07,False,0.0,0,0.0,0.0,0,route matching disabled
30,S-S3a,Mixed,60.0,244.21,6.21,5.44,6.2,0.24,600,276,46.0,22,3.67,223,37.17,31,5.17,152,25.33,1.47,1.07,2.63,False,0.0,0,0.0,0.0,0,route matching disabled
31,S-S4,Arterial,45.0,490.94,6.93,9.44,6.93,6.41,451,102,22.62,0,0.0,97,21.51,5,1.11,183,40.58,2.4,1.04,3.06,False,0.0,0,0.0,0.0,0,route matching disabled
32,S-S4,Arterial,75.0,610.88,14.9,4.83,5.45,2.99,483,177,36.65,2,0.41,164,33.95,11,2.28,255,52.8,1.17,1.02,2.33,False,0.0,0,0.0,0.0,0,route matching disabled
33,S-S4,Arterial,60.0,443.48,12.41,11.32,22.22,21.67,508,183,36.02,0,0.0,169,33.27,14,2.76,181,35.63,1.45,1.04,2.67,False,0.0,0,0.0,0.0,0,route matching disabled
34,S-S4,Arterial,45.0,328.29,53.86,28.24,53.86,1.57,444,318,71.62,284,63.96,31,6.98,3,0.68,115,25.9,1.18,1.03,2.26,False,0.0,0,0.0,0.0,0,route matching disabled
35,S-S4,Arterial,75.0,465.98,26.86,26.14,11.39,5.55,632,461,72.94,407,64.4,52,8.23,2,0.32,165,26.11,1.18,1.04,1.58,False,0.0,0,0.0,0.0,0,route matching disabled
36,S-S4,Arterial,45.0,739.73,29.87,7.53,29.87,0.31,451,185,41.02,0,0.0,170,37.69,15,3.33,211,46.78,1.27,1.02,2.07,False,0.0,0,0.0,0.0,0,route matching disabled
37,S-S4,Arterial,30.0,677.81,10.53,11.75,10.96,6.43,301,77,25.58,0,0.0,63,20.93,14,4.65,134,44.52,1.6,1.06,2.41,False,0.0,0,0.0,0.0,0,route matching disabled
38,S-S4,Arterial,60.0,931.75,13.51,7.66,14.0,3.95,601,146,24.29,0,0.0,134,22.3,12,2.0,276,45.92,1.6,1.03,3.01,False,0.0,0,0.0,0.0,0,route matching disabled
39,S-S4,Arterial,30.0,186.86,5.54,10.63,5.38,8.47,301,237,78.74,102,33.89,128,42.52,7,2.33,12,3.99,1.25,1.03,2.76,False,0.0,0,0.0,0.0,0,route matching disabled
40,S-S4,Arterial,30.0,181.31,157.1,97.97,157.1,154.76,301,157,52.16,8,2.66,128,42.52,21,6.98,97,32.23,1.3,1.07,5.9,False,0.0,0,0.0,0.0,0,route matching disabled
