config,seed,scenario_id,trip,domain,dist_m,duration_s,map_err_m,map_drift_pct,pure_err_m,pure_drift_pct,final_at_m,final_ct_m,hdg_seed_err,t_start_s,speed_ratio,creep_m,gt_stop_s
baseline_off,541098,1,S-M,Highway,301.50211302841956,30.0,76.66181843195929,25.42662725044755,96.167456652298,31.896113657828085,76.59521974191394,-3.1947954523899114,14.2819117434708,8551.867,1.1551967488595878,0.0,0.0
baseline_off,541098,2,S-M,Highway,600.1756005696226,45.0,94.55530225613131,15.754606179656342,104.318334302209,17.38130210611714,94.18455213704716,-8.365125431946367,4.2828488346747235,8861.866,1.12893327928808,0.0,0.0
baseline_off,541098,3,S-M,Highway,1174.598854097475,75.0,84.54628860369692,7.197886181206916,346.7142489277777,29.517673009666108,84.52728156550437,-1.792648265990465,12.52860257573937,9410.865,1.0315112616577709,0.0,0.0
baseline_off,541098,4,S-M,Highway,326.68651659871364,45.0,59.41456840425837,18.187028048433486,84.50039929469202,25.865897428049756,59.34162416872553,-2.94322606709499,9.936374484182352,9698.866,1.2236945222194744,1.029599105622452,1.7000000000000002
baseline_off,541098,5,S-M,Highway,288.585563099286,75.0,13.416992020678782,4.649224956573019,82.81500479517115,28.69686338629462,-9.340436999505748,9.631817665488802,10.578203077149738,9788.866,0.965408496368752,0.04162459833459232,11.8
baseline_off,541098,6,S-M,Highway,427.1267600882112,30.0,5.0616828428764755,1.1850540204577968,30.359866859474153,7.107929002904001,-2.371436318326033,-4.471791921589638,18.858703371188057,9999.866,0.9893493722916471,0.0,0.0
baseline_off,541098,7,S-M,Highway,603.3384456646849,60.0,125.33945345170171,20.774319016521144,238.38923550076416,39.51169318211372,48.09471640438397,-115.74487826920542,0.09985786849620126,10204.866,1.431593951184757,0.0,0.0
baseline_off,541098,8,S-M,Highway,314.7221984450349,60.0,44.467665585081726,14.12917989413697,124.72954069730211,39.63163110627727,22.93552871571397,-38.09638834741847,10.860197431442145,10467.866,1.167020224335348,0.9647491377953479,22.8
baseline_off,541098,9,S-S2,Arterial,872.0570921675635,75.0,793.7423722895768,91.01954211698117,936.6453199535101,107.40642193797285,-759.0152092312762,232.2129749249317,36.8099138195783,7663.1,0.6678235115645835,0.15186777130681006,2.2
baseline_off,541098,10,S-S2,Arterial,245.71170014260218,30.0,43.36153014811461,17.64732005962644,115.82796007283457,47.13978211278185,-41.636279806641326,-12.109603653667785,87.94261269363176,8260.1,0.8638597737220103,0.0,0.0
baseline_off,541098,11,S-S2,Arterial,435.6199448894815,60.0,10.593554969867185,2.43183423857115,65.65436600553848,15.071478424201917,-10.395021565703576,-2.041306823619436,2.1912177579251875,8377.1,0.9552051946503718,0.0,0.0
baseline_off,541098,12,S-S2,Arterial,261.9845410038697,45.0,66.57767328085204,25.412825133017535,76.67135755271346,29.26560371040403,-65.90021950268124,-9.47352357838996,34.188583450991246,8746.102,1.153544213246332,1.8208356988312144,1.8
baseline_off,541098,13,S-S2,Arterial,331.6062735237266,45.0,7.265808115559961,2.1910948904409344,72.23085640358885,21.78211396185202,-6.6339916629294455,-2.963464558303272,3.5318244195553348,9213.2,1.0116724199558664,0.0,0.0
baseline_off,541098,14,S-S2,Arterial,202.61192015346592,30.0,29.431172703224927,14.525884104416287,29.431172703224927,14.525884104416287,-14.534347781773459,-25.59192570412608,8.286972282490098,9339.1,1.022131694217453,0.0,0.0
baseline_off,541098,15,S-S1,Urban,399.7366392000315,45.0,77.89162803493464,19.485736456586615,84.13700607805646,21.048109636993672,-77.89014234928241,0.48108496249509614,11.042807579326848,4180.0,0.7972883231121569,3.6207625476685203,2.5
baseline_off,541098,16,S-S1,Urban,200.52748296600998,30.0,19.282221720388872,9.615750138177951,27.692723143094614,13.809939033538168,-8.032550874049726,17.52946664705003,0.15826839583411356,4313.0,0.9429119915178119,0.0,0.0
baseline_off,541098,17,S-S1,Urban,102.8116693867008,75.0,22.870829460264144,22.245363387925497,22.239790829864496,21.63158225377607,22.838129414492037,-1.2225731255838022,0.33202317573829987,4601.900000000001,1.1833011735741241,0.0,54.2
baseline_off,541098,18,S-S1,Urban,98.90032418706596,45.0,5.698669451531908,5.762033136264655,59.993612076584355,60.66068293477872,-5.331271788531158,-2.0130510760124203,34.72524174586573,4717.999000000001,1.5363553725319035,5.6422625606086925,9.1
baseline_off,541098,19,S-S1,Urban,361.7536080700408,30.0,25.143545326932934,6.950461520224775,39.51635585973057,10.923555419543906,24.569005109858377,-5.344329660423648,0.0022383618431831565,4990.999000000001,1.022289359910564,0.0,0.0
baseline_off,541098,20,S-S1,Urban,135.11595351460952,60.0,38.55035199682773,28.531310325733994,103.39789384525209,76.52530375258175,-22.593483957128495,-31.235622640797427,4.923225030649803,5098.901000000001,1.8332196242040024,0.0,21.8
baseline_off,541098,21,S-S3a,Mixed,325.8588383644856,30.0,82.41679349837223,25.292176794107966,84.65057069547764,25.977681354400683,82.20671579304874,-5.880793235120736,14.704834554652138,135.0,1.1991031232772622,0.0,0.0
baseline_off,541098,22,S-S3a,Mixed,475.17047321369193,45.0,13.365662337256628,2.8128141563303477,15.933795254246402,3.3532797495775193,12.393759296134064,-5.003564751559713,8.303408040024465,419.999,1.0217182575705348,0.0,0.0
baseline_off,541098,23,S-S3a,Mixed,1128.3874145740722,75.0,73.79248592675638,6.539640993302866,76.79327391803112,6.80557696108459,-73.409652229772,-7.506926052284619,7.55933821915454,776.999,0.9026078688177088,0.0,0.0
baseline_off,541098,24,S-S3a,Mixed,603.876045450248,30.0,123.46626357020978,20.445630274695485,137.9910673926228,22.850892734077092,-122.3628235022659,-16.46990177693347,0.6300729522823758,867.0,0.7829992188565749,0.0,0.0
baseline_off,541098,25,S-S3a,Mixed,614.3347078381609,45.0,22.344670992202268,3.63721448700709,26.16544124631945,4.259150738592556,19.15941122763443,-11.4978816814299,0.15238069742039784,1028.999,0.9376327156545966,0.0,0.0
baseline_off,541098,26,S-S3a,Mixed,892.8209535663941,75.0,92.74266479245351,10.387599486995772,87.25032912529369,9.772432958340664,92.74203627616134,0.3414383642355503,2.932130148744193,1235.999,1.0976085429600844,0.0,0.0
baseline_off,541098,27,S-S3a,Mixed,591.9272083319421,60.0,82.85564319457795,13.997606805077629,83.53251304906362,14.111956989518903,-29.98917840992154,77.23798798185456,3.414609352929972,1681.0,0.8779725027967434,0.0,0.0
baseline_off,541098,28,S-S3a,Mixed,374.5169547186968,45.0,11.702867051168631,3.124789653370637,97.8953183782638,26.139088536537386,-11.695583823032333,-0.41281503818625254,14.370766631287438,1950.0000000000002,1.1725702267793585,0.0,0.0
baseline_off,541098,29,S-S3a,Mixed,164.32151314371677,30.0,7.119149569163034,4.3324513223880645,78.4460277128019,47.73935330317487,-6.962317584720001,1.486076861273622,23.17292241310372,2085.0,0.9793049483424986,0.0,0.0
baseline_off,541098,30,S-S3a,Mixed,244.21348357269213,60.0,13.353427878973335,5.467932271232918,16.64616854221544,6.8162364742078525,-11.420518519069407,-6.919956132414065,0.06842508677198111,2273.9990000000003,1.0647470753318542,0.0,0.0
baseline_off,541098,31,S-S4,Arterial,490.93854491218735,45.0,43.03946921653304,8.766773288137596,44.80193959606576,9.125773492500846,42.75983099924916,-4.898240843052279,5.766104642549095,348.0,1.0766940317430602,0.0,0.0
baseline_off,541098,32,S-S4,Arterial,610.8780669596541,75.0,145.7878563118478,23.86529557976035,160.60013438327096,26.29004756752511,-145.33425574805185,11.491438298309149,61.00789485697152,1083.0,0.7295043138321388,0.0,0.0
baseline_off,541098,33,S-S4,Arterial,443.4769618838301,60.0,5.610901883115884,1.2652070717003048,52.15691931061986,11.760908410904667,-5.593246667087069,-0.44476023099279827,4.088401765973856,1710.0,0.961274337108465,0.0,0.6000000000000001
baseline_off,541098,34,S-S4,Arterial,328.2861353219824,45.0,8.289772934074984,2.52516693278697,186.1301845399951,56.69754659527092,-7.933994345336551,2.4025130648322794,38.79740760336921,2790.0,1.1576710376781048,0.0,0.0
baseline_off,541098,35,S-S4,Arterial,465.9824416119758,75.0,221.63187578136572,47.562280461614236,221.85109623954918,47.6093252509898,140.47091984098824,-171.43106206692352,11.41896026963883,4258.999000000001,1.7312643184323193,0.0,0.0
baseline_off,541098,36,S-S4,Arterial,739.7297196818564,45.0,109.39166511287748,14.788058692562025,228.9903176835702,30.955943987495125,-108.93126351435079,10.025778041379368,4.46279816942959,5883.001,0.8291181003425777,0.0,0.0
baseline_off,541098,37,S-S4,Arterial,677.8112579079375,30.0,221.47174508234647,32.67454508883762,236.4690030149776,34.887145979964764,-221.47043336040127,-0.762244695566757,2.3258290717918726,6252.0,0.6476920173439092,0.0,0.0
baseline_off,541098,38,S-S4,Arterial,931.746854758649,60.0,322.4702295388552,34.609210419324135,338.6513743626467,36.34585645586835,-316.41561214294023,-62.19493010728766,0.31332909462736325,7124.0,0.6694184088720955,0.0,0.0
baseline_off,541098,39,S-S4,Arterial,186.86305768129444,30.0,27.10474437846354,14.50513799506172,39.17141571225992,20.96263231391033,26.827764704810836,3.8649978997609953,68.05084051934159,7344.000000000001,1.1277512084118455,0.0,0.0
baseline_off,541098,40,S-S4,Arterial,181.31319816687812,30.0,183.16658219303596,101.02220028376092,238.99330160113573,131.81241300546122,-174.40481342871732,-55.97283167012829,108.77418203029225,8877.0,1.3315831496616601,0.0,0.0
baseline_off,75496,1,S-M,Highway,445.0656418597341,60.0,84.5217471937732,18.990849718390727,310.9112430611034,69.85739042042016,-84.40100233070622,-4.516254450341693,28.763615371567653,8699.865,0.8180511847677852,0.0,0.0
baseline_off,75496,2,S-M,Highway,1042.662585896704,75.0,40.401195589989,3.874810138626334,216.1328419360026,20.728934255382857,-40.29046195009153,-2.989194029964141,0.7135112853016778,8807.866,0.943399933349167,0.0,0.0
baseline_off,75496,3,S-M,Highway,374.54070896985667,45.0,68.89733572595075,18.39515280340212,77.54094217367735,20.702941046634777,-64.80739468813134,-23.384705768325077,8.549028757581652,8987.865,0.8740868824842623,0.0,0.0
baseline_off,75496,4,S-M,Highway,581.9438627961036,30.0,40.62029474134402,6.980105356927907,70.73128562475809,12.154314212527453,-40.291065017879596,5.161242544064336,0.20228307645476207,9257.866,0.9010392841708679,0.0,0.0
baseline_off,75496,5,S-M,Highway,881.0026183499426,60.0,75.04193787044048,8.51778829113912,195.54368265663516,22.19558473309365,-73.87568203111604,13.178620708878796,9.683644418268187,9374.965,0.8985441000754955,0.0,0.0
baseline_off,75496,6,S-M,Highway,701.9774669971542,45.0,25.46858460835667,3.6281199619274846,159.46110487841543,22.715986249607333,25.236265363466643,-3.432158571178846,5.3512630121887526,9500.865,1.035773872631938,0.0,0.0
baseline_off,75496,7,S-M,Highway,714.5390436288836,75.0,140.7702267964786,19.70084462866548,140.5858572128511,19.675042038132265,139.81130767058633,-16.402896078823005,4.289202358986131,9590.865,1.179610444717365,0.0,0.0
baseline_off,75496,8,S-M,Highway,573.1359150171827,30.0,33.58797849053758,5.860386273215945,49.89769719443615,8.70608452323917,-25.91092120600685,21.372329338116604,2.9272327604575423,10098.866,0.9630802562131876,0.0,0.0
baseline_off,75496,9,S-S2,Arterial,218.47241867770953,45.0,5.188125859155979,2.3747280734825846,98.83347988673948,45.23842436721434,-4.785033152047682,2.0050206144196085,17.33990921897123,7771.1990000000005,1.3472479417408254,0.0,0.0
baseline_off,75496,10,S-S2,Arterial,356.1974439331983,60.0,66.31324196920966,18.61698984612762,90.21327790326757,25.32676172718024,-42.443626394284315,-50.950806067905944,5.193756476671524,8116.101000000001,1.1689504885675084,0.0,7.300000000000001
baseline_off,75496,11,S-S2,Arterial,188.09413144507553,30.0,11.214514134797634,5.962181833446691,56.573011519311336,30.076967890851474,-11.211827150100367,-0.24547756689400746,28.372905784385523,8350.1,0.9325110590937713,0.0,0.0
baseline_off,75496,12,S-S2,Arterial,497.2582750673289,45.0,5.387828134605463,1.0835069831418993,138.13042757654162,27.77840701752801,-3.535474870496455,-4.065600748737419,32.604312610096144,8611.1,1.0618106439318276,0.0,0.0
baseline_off,75496,13,S-S2,Arterial,470.34963942815,75.0,56.69701858905138,12.05422813930154,91.71300821077676,19.498900503523554,56.39018962860127,-5.890537372568675,50.80429186760472,8755.1,1.3455263097588384,2.0327978777760163,1.8
baseline_off,75496,14,S-S2,Arterial,216.55646042401838,30.0,112.71505619085534,52.048807950665065,112.71505619085534,52.048807950665065,31.06167269061455,108.35061781904525,23.35608837384069,9348.2,1.050869918282009,0.0,0.0
baseline_off,75496,15,S-S1,Urban,116.3966216812929,30.0,49.72780153954397,42.72271894256889,50.086909046804855,43.03123950104709,49.56656581519023,-4.001224718094001,1.976954785437897,4224.900000000001,1.651539613616614,17.816060188526528,10.600000000000001
baseline_off,75496,16,S-S1,Urban,410.1744865962999,45.0,65.17916941601185,15.890595721074721,80.8361997175952,19.70775910232453,64.99280509697279,-4.925384389880982,2.360152705172652,4322.001,1.1412576662792704,0.0,0.0
baseline_off,75496,17,S-S1,Urban,429.3201913293343,75.0,40.48417581843786,9.429832706699367,42.051141433803416,9.794820342271233,-8.560889075102857,39.5686703079845,6.371903698653881,4385.0,0.8472364695578656,2.657950579180071,9.1
baseline_off,75496,18,S-S1,Urban,271.23683041913415,30.0,48.80977487443588,17.995260746489183,96.42738903400378,35.55099389894706,-48.780596331322656,-1.6874669933551019,11.99759906368132,4583.999000000001,0.7933210309218476,0.0,0.0
baseline_off,75496,19,S-S1,Urban,298.28230919465443,60.0,21.216568474073373,7.112915456286001,20.599726784446798,6.906117509973994,20.816469620775184,-4.100898723741906,5.251809142715786,4999.900000000001,0.973046358150543,0.0,26.5
baseline_off,75496,20,S-S1,Urban,133.1744210584332,45.0,50.93122707605256,38.244001116179334,117.74042965731199,88.41069382659511,-17.199185136568104,-47.93931499417241,59.21480120007308,5123.999000000001,1.794458273603861,0.0,6.6000000000000005
baseline_off,75496,21,S-S3a,Mixed,134.91232747961672,45.0,39.21139693460595,29.064354360449546,36.4849863145449,27.04347852871877,-30.82692835363524,-24.232914348940056,2.705601243907836,537.0,0.8188852114574265,0.0,20.1
baseline_off,75496,22,S-S3a,Mixed,433.9026808716475,30.0,6.847735479971752,1.5781731208057175,10.875366153768883,2.506406766586888,-2.796198508477235,-6.250820354549765,0.4269865153544856,714.0,0.9929107382772826,0.0,0.0
baseline_off,75496,23,S-S3a,Mixed,314.4610350854063,30.0,10.2121616874128,3.247512584393555,43.57252634131215,13.856256095283168,-10.105534208552951,1.471877946579796,5.560939873843637,768.0,0.9663466892210784,0.0,0.0
baseline_off,75496,24,S-S3a,Mixed,572.302681471267,60.0,42.07028409884221,7.351054863256724,80.23300114526717,14.019329935516883,-27.449834048485023,31.881270596824216,20.878266972920528,903.0,0.8717219545754666,0.0,0.0
baseline_off,75496,25,S-S3a,Mixed,1059.8631507836958,60.0,108.33912607581001,10.22199196148113,109.903375363459,10.369581703278676,-108.2510507920992,-4.367635662073498,3.660290505154393,1091.999,0.8893312509463646,0.0,0.0
baseline_off,75496,26,S-S3a,Mixed,804.8478004230153,75.0,231.5522558149147,28.769694803565905,212.54012889127483,26.40749328998192,230.92280071474926,17.06186634081648,0.937424747468782,1609.0,1.2561321588725587,0.0,0.0
baseline_off,75496,27,S-S3a,Mixed,575.8224103748213,75.0,16.507723735858157,2.8668081405711097,150.14330886513147,26.074585872300172,16.33660752446354,-2.370695579583369,1.3313821593119712,1851.0000000000002,1.2931072751987114,0.0,0.0
baseline_off,75496,28,S-S3a,Mixed,372.34095679910627,45.0,459.7685959716223,123.48053244641764,471.27686468192684,126.57132020429347,-189.77096513830384,-418.77696048397115,98.59653748736656,1959.0000000000002,1.2516844526821291,0.0,1.4000000000000001
baseline_off,75496,29,S-S3a,Mixed,379.0118862723627,45.0,413.49191177628956,109.09734674630998,413.49191177628956,109.09734674630998,-142.6323709305782,388.11282878453375,100.8065153949907,2201.9990000000003,0.9410732578453403,0.0,0.0
baseline_off,75496,30,S-S3a,Mixed,104.09674927723412,30.0,35.44353804017099,34.04865020883266,91.78560227053791,88.17336075124811,-30.806159454905547,17.527832964858547,3.7662029634548446,2426.9990000000003,1.4419275720521743,0.0,0.0
baseline_off,75496,31,S-S4,Arterial,183.87954809499564,30.0,30.24466608056335,16.44808593119795,31.21597475994509,16.976316878818047,-29.667721842362358,-5.879294771398568,3.3644879878757763,285.0,0.8905308927449677,0.0,0.0
baseline_off,75496,32,S-S4,Arterial,512.020208051412,75.0,40.034205458379574,7.818872151694397,60.386340709931915,11.793741684482208,-7.647909783565499,39.29690932664033,1.4451546783570848,1011.0010000000001,0.9540782303414207,0.0,0.9
baseline_off,75496,33,S-S4,Arterial,554.9976674046155,60.0,68.9760609799809,12.428171329537244,110.59124668524674,19.926434502403286,-38.67719784129176,-57.11191955677573,6.964079246653739,2207.0,1.017554765089269,0.0,0.0
baseline_off,75496,34,S-S4,Arterial,152.28595898599954,75.0,3.6441994110529494,2.392997644246362,3.6664297911074373,2.4075954313322554,-3.3871449821807085,1.344409988510467,0.1737186050905848,2889.0,0.6328012379539248,0.0,2.8000000000000003
baseline_off,75496,35,S-S4,Arterial,257.13661053889035,30.0,4.286749911762634,1.6671099081452225,36.61318676689394,14.23880741453439,-4.218377212936966,0.7625735999699388,12.61965376006816,3129.0,0.9696271832021454,0.0,0.0
baseline_off,75496,36,S-S4,Arterial,1218.2243066778026,45.0,497.01361130787967,40.79820182403653,504.226133346093,41.39025387870966,-484.605627928868,-110.3626531258091,4.53938009844029,6547.999000000001,0.5978965405048263,0.0,0.0
baseline_off,75496,37,S-S4,Arterial,667.7306583481962,45.0,129.09814676521052,19.333865406834548,197.1497528750074,29.525340855653997,-128.26757297735395,-14.620575252397295,3.101798280396821,6691.999000000001,0.7156750614518441,0.0,0.0
baseline_off,75496,38,S-S4,Arterial,1059.3347150652953,45.0,366.1453603883943,34.56370825776495,377.4500024198572,35.63085369071398,-289.03290340478657,-224.77189700526725,6.899058419624879,6791.0,0.632358363055199,0.0,0.0
baseline_off,75496,39,S-S4,Arterial,383.6085289112717,30.0,71.41715798232354,18.617197637657913,105.38126292221992,27.47104273758066,-71.38949919405303,-1.9874252424840329,20.869792847052878,7632.999000000001,0.7483610279953402,0.0,0.0
baseline_off,75496,40,S-S4,Arterial,599.2279698380357,60.0,16.74692804384117,2.7947507270676413,117.28930203494639,19.573402434243565,-14.462882991118418,-8.44302164457793,12.737818913831404,8690.0,1.0248364985983471,0.0,0.0
baseline_off,45736,1,S-M,Highway,296.59410644351794,30.0,21.54207554106595,7.263150235646481,48.21302229511826,16.255556414537097,20.78743752378006,-5.651854546246973,2.7806999803236465,8578.866,1.0194796107936706,0.0,0.0
baseline_off,45736,2,S-M,Highway,719.1201235373318,60.0,8.364036299029415,1.1630930668282449,123.18526264298723,17.12999798101079,-8.36391971520219,0.044161172241802604,0.837516222213992,8798.866,0.9468034624916019,0.0,0.0
baseline_off,45736,3,S-M,Highway,1064.0307356267638,60.0,112.79252228811534,10.600494751843355,233.3312505709505,21.928995353081365,-112.57990305555903,-6.922319850738305,2.0311648255535033,9104.966,0.8638095280058128,0.0,0.0
baseline_off,45736,4,S-M,Highway,948.1258432643681,45.0,52.01616442064084,5.486208902559895,153.39928210028907,16.179211144813866,-48.01859344127121,-19.997400955050338,0.20228307645476207,9257.866,0.9217175741762702,0.0,0.0
baseline_off,45736,5,S-M,Highway,619.7285890006121,75.0,17.94508957702182,2.895636879679936,125.10245889254506,20.18665285303168,-17.800232047289125,-2.2755173016258228,0.09216434742049273,9653.866,0.9505823037654169,0.0,0.0
baseline_off,45736,6,S-M,Highway,1045.1212884927832,75.0,168.8672031473233,16.157665622796216,225.9852762940521,21.622875620489534,-161.083675346061,50.677231927209434,2.9272327604575423,10098.866,1.0532545734311796,4.866064120700602,0.4
baseline_off,45736,7,S-M,Highway,527.8491336942978,45.0,35.86578175757892,6.794703158185057,78.9343785662198,14.953965731415675,-25.67420195645425,25.04375480996174,0.5108217965158701,10366.866,1.005077812604653,0.0,0.0
baseline_off,45736,8,S-S2,Arterial,383.51596087782053,45.0,69.53758962248575,18.131602518790306,84.50535118142852,22.034376610560415,-21.749123774983456,-66.04886059218347,18.03270590136239,7573.200000000001,1.1543834425750568,0.0,0.0
baseline_off,45736,9,S-S2,Arterial,663.8291381419549,75.0,376.56638054304057,56.726401253949575,338.0896418136914,50.930220200938734,-351.6019020156193,-134.82707982554876,72.21702870069748,7645.200000000001,0.8951516018972084,0.19276174653103798,2.2
baseline_off,45736,10,S-S2,Arterial,248.0932639985645,30.0,28.848504366296595,11.628088526604865,27.492751582456048,11.0816195245894,28.822282045508015,-1.2297405667131014,2.15669562674384,8269.1,1.09543887877614,0.0,0.0
baseline_off,45736,11,S-S2,Arterial,338.4735134374312,45.0,194.58822316463403,57.48994099669923,229.3048697618044,67.74676914392971,77.23122002181806,178.60547373558,55.34534063091496,8728.1,1.0830864702271408,2.330846729964602,1.2000000000000002
baseline_off,45736,12,S-S2,Arterial,198.4000418380012,30.0,33.08562876007527,16.67622065679328,120.41279252125854,60.69191891581289,-9.790438180338345,-31.60389454935092,34.400533313635606,8845.101,0.889506621612553,0.0,0.0
baseline_off,45736,13,S-S2,Arterial,795.2399514488269,60.0,59.14274326947808,7.437094069749321,247.44832794773765,31.11618417773378,-58.95518385025177,-4.706418874516853,8.513135817146889,8935.1,0.8793643607710051,0.0,0.0
baseline_off,45736,14,S-S1,Urban,367.78349382229334,45.0,65.01077381852892,17.67637072096036,59.0745432129976,16.062314977501792,64.75921311100201,-5.713582915102277,0.5995814011145342,4207.0,1.2144878913182726,18.43591962998765,7.7
baseline_off,45736,15,S-S1,Urban,519.1869216436147,60.0,99.27239199724136,19.12074204083763,125.99771803746661,24.268276565709638,98.4309814605257,-12.897662639858366,1.1893179006741548,4331.0,1.1441227833399907,0.0,0.0
baseline_off,45736,16,S-S1,Urban,613.1675124847341,75.0,30.79250302578042,5.021874512072597,79.06994341791949,12.89532498183163,-30.78569448245491,-0.6475012167105332,4.153662873449008,4475.999000000001,1.0721568552849279,7.837209009623042,1.0
baseline_off,45736,17,S-S1,Urban,459.6583331865379,45.0,37.45584235216307,8.148626849099848,13.880906840342554,3.0198314352563744,-3.825781706159404,-37.25994525823822,1.156601011284522,4673.0,1.0349530651197525,0.0,0.0
baseline_off,45736,18,S-S1,Urban,233.75096190398332,30.0,24.48849569018839,10.476318681523717,159.6852303296242,68.31425591960442,-24.01087675905731,-4.812922026143466,37.62208773379075,4769.999000000001,0.9913916704962307,0.0,0.0
baseline_off,45736,19,S-S1,Urban,124.70434194091698,30.0,38.00088477948981,30.47278401701045,98.45662797364861,78.95204484563646,-24.834747312271407,-28.76286790220489,59.21480120007308,5123.999000000001,1.80457952363358,0.0,0.0
baseline_off,45736,20,S-S3a,Mixed,225.05044832033616,30.0,68.70599501956171,30.529152699916327,68.14119487642841,30.27818668436351,-64.79070685017356,22.862153386829313,0.7462281072909036,45.0,0.7318974672554234,0.0,0.0
baseline_off,45736,21,S-S3a,Mixed,660.7244543186248,60.0,27.333940776786054,4.136965205105706,18.798478381675498,2.8451313189340808,27.267677113566393,-1.9021312307868916,1.3973681951353,153.0,1.0505113306378644,0.0,0.0
baseline_off,45736,22,S-S3a,Mixed,195.4343382075998,30.0,46.86948799157132,23.98221746568624,46.9887883186414,24.04326115338423,46.346447941970915,-6.982525886398654,0.7920364227971959,387.0,1.2166176135848337,0.0,7.800000000000001
baseline_off,45736,23,S-S3a,Mixed,1229.654966317879,75.0,68.62150506891363,5.580549580863014,162.74619341840557,13.2351104884111,12.754663863283984,-67.42573327489718,4.937326544466998,849.0,0.8904973597639197,0.0,0.0
baseline_off,45736,24,S-S3a,Mixed,1716.616105021255,75.0,397.17888614908236,23.13731561688713,421.88980460413626,24.5768289933941,-396.10615633366154,-29.171570358802967,5.699830191647067,965.999,0.7788293430121573,0.0,0.0
baseline_off,45736,25,S-S3a,Mixed,604.206085632241,30.0,122.90333518023363,20.341293823882562,157.7323010837057,26.105712079787263,-122.88812069279265,-1.9338022180354582,11.3321523030273,1074.0,0.8008324579434699,0.0,0.0
baseline_off,45736,26,S-S3a,Mixed,511.9479982345725,45.0,42.4516643628387,8.292182899284924,76.04214140969344,14.85348935280947,-42.39155390610432,-2.2583101206346754,1.1140467009076929,1272.0,0.8856621742567368,0.0,0.0
baseline_off,45736,27,S-S3a,Mixed,207.11840865271077,45.0,26.840990617195256,12.959249152112468,87.81385146615011,42.39789791615937,-26.822495339169453,-0.9962535282731437,4.347953414356141,1779.999,1.0358592618595195,0.0,4.5
baseline_off,45736,28,S-S3a,Mixed,200.05131627067323,60.0,13.160932340236867,6.578778178309948,46.65418517177661,23.321108824224186,-12.708596649291687,3.42077641331683,28.03732268365377,2093.9990000000003,1.0479881531123099,0.0,0.0
baseline_off,45736,29,S-S3a,Mixed,249.7664044834033,45.0,4.19037139271984,1.6777161850036901,29.256794241530322,11.713662733001549,-0.4720207553249615,-4.163701336007094,3.4897347464578843,2265.0,0.8968303113278263,0.0,0.0
baseline_off,45736,30,S-S4,Arterial,585.7610505539918,75.0,136.05699023544778,23.227387704725324,55.53958448494504,9.4816110481258,-23.932340046863715,-133.93561024540867,1.7969290510061455,983.999,1.0582292732239933,2.3529734857786555,0.9
baseline_off,45736,31,S-S4,Arterial,505.6339728595723,75.0,129.5754172049527,25.626327375146364,110.45563089643025,21.844978151241957,59.28790511883086,-115.21602774986675,4.378730611374806,1781.999,1.1572014863018913,0.0,1.1
baseline_off,45736,32,S-S4,Arterial,234.92076653320157,30.0,33.65480960630149,14.32602579284749,31.266173650617706,13.309242138114183,-29.579777937531745,16.052505935296,2.45929965531505,2754.0,0.8025224950256653,0.0,0.0
baseline_off,45736,33,S-S4,Arterial,370.044617244353,45.0,78.48960087568217,21.210847886446306,84.00379667877398,22.70099138431824,-78.30125087024257,5.434294598126485,75.98458798171322,3394.0,0.9124136277976319,0.7593891795109524,0.30000000000000004
baseline_off,45736,34,S-S4,Arterial,125.13336243153022,30.0,8.573168621926238,6.851225328990306,39.61759080239111,31.660294291275715,2.2223862434666195,-8.28010987878971,8.195658737438634,4148.0,1.3423757133941714,0.0,0.0
baseline_off,45736,35,S-S4,Arterial,392.65608744074865,45.0,16.489068817519865,4.199366658235764,17.6561765730733,4.49660075007435,-16.22732938912487,-2.926289692725299,23.932738622146644,4193.0,0.9755297155417664,0.0,0.0
baseline_off,45736,36,S-S4,Arterial,435.11592687334655,30.0,121.80364968827746,27.993378813672347,123.61869194970888,28.410518741064557,-121.63852254616971,6.34026104900849,0.5005863791348588,7115.0,0.7315352975367185,0.0,0.0
baseline_off,45736,37,S-S4,Arterial,494.64730174739884,60.0,13.51409800059391,2.732067465617177,100.37586377312537,20.292411061080497,-11.542847831725581,7.028051558098045,0.6161976240396143,8038.999000000001,1.0100525663175848,0.0,0.0
baseline_off,45736,38,S-S4,Arterial,1087.475292240806,60.0,241.57764946172927,22.2145414415756,315.07225637183825,28.972819761505896,-154.55762818769648,-185.66556031867603,16.602369564824414,9170.800000000001,0.7578972487763258,0.0,0.0
baseline_off,12345,1,S-M,Highway,783.698075254369,60.0,34.76089327929183,4.435495553311051,137.34488634486027,17.525229508861752,-33.844979798408,-7.926982024684448,0.7135112853016778,8807.866,0.9262875927856832,0.0,0.0
baseline_off,12345,2,S-M,Highway,543.8158974898474,45.0,16.3270937576484,3.002320055925399,102.24496471401896,18.80139311593549,16.01862346684417,-3.158748612743771,6.788876446269342,9032.865,0.9485775670488963,0.0,0.0
baseline_off,12345,3,S-M,Highway,1253.6196653158977,75.0,297.73148772386486,23.749746112098517,393.244029628268,31.368687051441157,-187.36639744907004,231.3825228689994,1.058072245280016,9149.867,1.0098864947125283,0.0,0.0
baseline_off,12345,4,S-M,Highway,312.2247443755553,30.0,20.42748397477311,6.542557674481491,20.819598716800876,6.668145011517186,20.420772919462685,0.5235789447178565,4.031623706048606,9770.865,1.0012611088504502,0.0,0.0
baseline_off,12345,5,S-M,Highway,514.9010912767462,60.0,115.8534954517043,22.50014564242514,171.19274241653068,33.247694618794064,115.85211950116269,-0.5646374645677952,1.0263111860182903,9847.866,1.2605149766613517,0.0,0.0
baseline_off,12345,6,S-M,Highway,548.9507548567317,30.0,237.28114535724924,43.22448657879635,254.09675095649118,46.28771318891925,-10.410471859463847,237.0526608534723,29.107592559660134,10017.965,1.0162665125597836,0.0,0.0
baseline_off,12345,7,S-M,Highway,1215.9447032075054,75.0,500.4837615644326,41.16007580313652,399.3786985985833,32.84513658763213,-471.22722205905814,-168.60872094938293,22.4408101080042,10276.866,0.9037295670482011,33.98365740998795,2.3000000000000003
baseline_off,12345,8,S-M,Highway,54.67298308472394,45.0,15.10945815607152,27.63605953722547,15.10945815607152,27.63605953722547,10.308086593585008,11.04712978783309,8.914633300911248,10543.866,1.3013734081619963,0.1634899821030893,22.900000000000002
baseline_off,12345,9,S-S2,Arterial,113.8174453501425,30.0,50.07454401733292,43.99549108072669,115.55398338948915,101.52572220717522,31.016573697054937,39.31198436404568,56.798300260741996,7798.099,1.1389199478988616,0.0,0.9
baseline_off,12345,10,S-S2,Arterial,151.77327215354785,30.0,12.766247887379066,8.411393986724852,48.380386771019246,31.876750158007518,3.643722565666413,-12.235210295964016,41.636160559420745,7881.1,1.0056144550812511,0.0,0.0
baseline_off,12345,11,S-S2,Arterial,447.2158137852094,60.0,174.52715360798643,39.0252643641553,203.87370238074243,45.58731961089813,14.740994442683952,-173.90350896214386,31.168809636251694,8134.1990000000005,1.2437220466584313,0.0,0.0
baseline_off,12345,12,S-S2,Arterial,405.3951175276845,45.0,37.95928089714427,9.363526903984488,166.95044990220032,41.1821560457741,-37.89772186309764,2.160945120911994,87.94261269363176,8260.1,0.890585532774854,0.0,0.0
baseline_off,12345,13,S-S2,Arterial,564.670244756734,45.0,44.14691093535036,7.818175536125395,292.1663337443705,51.741053554227726,43.996455656189504,3.6416527603147317,17.674395140268302,8530.2,1.098294998169509,0.0,0.0
baseline_off,12345,14,S-S2,Arterial,1343.456906371082,75.0,461.6782178070618,34.364944317725644,575.367348533597,42.827376583873274,-461.6118682696404,7.826868474487924,16.508294540236875,9061.2,0.6501602298808062,0.0,0.0
baseline_off,12345,15,S-S1,Urban,498.7707254824574,60.0,72.26945606383694,14.489514394400594,94.53433598451781,18.953465220533026,-72.1697426978167,3.7950650447377967,11.042807579326848,4180.0,0.904520901657788,17.330671681149482,5.2
baseline_off,12345,16,S-S1,Urban,121.0194791617665,30.0,22.02706245418094,18.201253721095103,23.16839667969517,19.14435332243169,-22.027061865817846,0.005091151237321068,28.541549737948742,4393.999000000001,0.8107712538495355,0.0,6.7
baseline_off,12345,17,S-S1,Urban,191.77579845013074,45.0,2.098155849974754,1.0940670652560767,25.623353269238425,13.36109846827284,-1.6121631665606906,-1.3428283193201915,1.2023219460158998,4592.999000000001,0.9072900047255122,0.0,22.5
baseline_off,12345,18,S-S1,Urban,105.77425225241359,45.0,15.463492462460653,14.619335172003359,22.900644728398607,21.650490777046407,-14.839599110474852,-4.34809123374515,1.0670154037021575,4788.0,1.1110311063653089,18.798107611619002,29.400000000000002
baseline_off,12345,19,S-S1,Urban,180.13164778791392,30.0,311.2480107925391,172.78918758296206,299.1010262218113,166.04579478114326,-126.80838794205707,-284.2445372735408,131.14799270989135,4865.999000000001,0.9457311999909763,1.5918153081703652,0.7000000000000001
baseline_off,12345,20,S-S1,Urban,555.0088184825844,75.0,32.4111493287699,5.83975393713261,78.38754656626524,14.123657851163488,32.13234553620499,-4.242047990505183,8.32156410531448,4982.0,1.0262311823036168,0.0,26.5
baseline_off,12345,21,S-S3a,Mixed,1769.1501173916868,75.0,431.13743882076596,24.36974876142254,472.09125056751367,26.68463495135916,-431.1372081238874,-0.4460090464295945,24.669407187693764,957.0000000000001,0.7604491638959648,0.0,0.0
baseline_off,12345,22,S-S3a,Mixed,1231.7818929957293,75.0,54.1331688059478,4.3947040554634516,100.39259266076729,8.150192272806478,-53.832898561947005,-5.693768294580019,0.6712586550939648,1146.0,0.9263189936691992,0.0,0.0
baseline_off,12345,23,S-S3a,Mixed,138.51106062656623,60.0,31.442773787958142,22.700550877109855,35.541677217549314,25.659811611270317,30.500564114712304,-7.639608115933184,4.638402619134524,1307.999,1.303934118415687,14.883664584636946,38.0
baseline_off,12345,24,S-S3a,Mixed,488.7073372724425,45.0,94.33107105146057,19.302159770700005,82.61227417500255,16.90424265698066,94.20313628025863,-4.911219876845227,1.3395634269450056,1572.999,1.172565832556151,0.0,0.0
baseline_off,12345,25,S-S3a,Mixed,238.0199395775557,30.0,9.73029796546328,4.0880179966152745,21.657306114150206,9.098946144002971,-9.6101153773139,1.5245920540963689,64.28866196347343,1734.999,0.9632751490413676,0.0,0.0
baseline_off,12345,26,S-S3a,Mixed,207.11840865271077,45.0,26.840990617195256,12.959249152112468,87.81385146615011,42.39789791615937,-26.822495339169453,-0.9962535282731437,4.347953414356141,1779.999,1.0358592618595195,0.0,4.5
baseline_off,12345,27,S-S3a,Mixed,257.0707501113978,60.0,10.654116750617147,4.144429790631701,84.49651191219127,32.86897162573959,-10.370673752953937,2.4411738253498334,65.5790219163837,1904.999,1.0716897743507383,0.11388025805241025,3.1
baseline_off,12345,28,S-S3a,Mixed,98.90739891707942,30.0,11.844018226772958,11.974855629054181,17.412121615337856,17.604468225815527,-9.798918583895668,6.652966431774187,73.83376755625645,2291.9990000000003,0.8514183739220982,0.0,0.0
baseline_off,12345,29,S-S3a,Mixed,294.92856772094046,30.0,381.488053207678,129.34930520824946,296.86926992464066,100.65802449003058,-294.58617203199424,-242.38837015772938,133.38362614160292,2363.9990000000003,0.7803944117631855,0.0,0.0
baseline_off,12345,30,S-S4,Arterial,458.8808663714479,75.0,6.486427067977075,1.4135318212911803,47.33806468481477,10.315981369878315,-5.868334387238576,-2.763401459748277,3.4832957625893073,1727.999,0.9503178070621242,0.0,0.6000000000000001
baseline_off,12345,31,S-S4,Arterial,232.91056931938414,30.0,24.50548379169394,10.521413374800614,149.2831690313842,64.0946305990417,-24.502702665539772,-0.36918552128240645,38.79740760336921,2790.0,1.0996451461072958,0.0,0.0
baseline_off,12345,32,S-S4,Arterial,291.3009575322234,45.0,12.533588127501273,4.302625104181067,9.451161584835546,3.2444663638944853,11.77316647224652,4.299230462142182,5.9389393220666875,4613.999000000001,0.9428414624012628,0.0,0.0
baseline_off,12345,33,S-S4,Arterial,211.5995001088083,30.0,72.34183693485353,34.18809444145853,66.97516068955852,31.651852038931416,-72.07494254961513,6.208383652660093,43.06352699114663,4906.999000000001,0.6648259469052348,0.0,0.0
baseline_off,12345,34,S-S4,Arterial,674.9360141089741,75.0,149.18698475657746,22.103870831893403,142.89406500258434,21.17149804062951,-100.80425856620873,-109.9784427771016,4.577028394752574,4970.0,0.8012952483582447,0.0,0.0
baseline_off,12345,35,S-S4,Arterial,183.4425225563541,60.0,7.796790246185457,4.250263318195627,33.02802131709793,18.00456124176532,-7.025409383046672,-3.3813549271870955,14.648136490091616,5222.0,0.6094821076428769,0.0,2.0
baseline_off,12345,36,S-S4,Arterial,1115.3688392277472,45.0,461.48600774986465,41.37519280791327,545.939112680063,48.9469575874163,-461.21310813510377,-15.868340595828869,9.399770318536213,6710.0,0.6139943533896771,0.0,0.0
baseline_off,12345,37,S-S4,Arterial,343.6883113248635,30.0,31.165512444630213,9.067958210301697,6.562862515769406,1.9095390502140208,-31.143431908036384,-1.1729513740569057,0.2868035543797305,7087.999000000001,0.8785886611541496,0.0,0.0
baseline_off,12345,38,S-S4,Arterial,716.5876912876818,60.0,33.8228438819474,4.719986722234789,60.830206510330804,8.488871250498478,33.77056042318132,-1.8798981267201285,2.767230177295886,7606.000000000001,1.000038102277228,0.0,0.0
baseline_off,12345,39,S-S4,Arterial,403.4263825753887,45.0,53.43673015942035,13.245720276966411,130.24754120663374,32.28533056642478,53.21889763134435,-4.82006898655988,10.705386780967984,8011.999000000001,1.1063913103365262,0.0,0.0
baseline_off,987654,1,S-M,Highway,427.08928122812824,60.0,75.92608004868592,17.77756628083819,88.84192882772889,20.801722902587734,-75.84303714445335,-3.5501194718673865,2.912398698030387,8726.866,0.8376580505852954,0.0,0.0
baseline_off,987654,2,S-M,Highway,818.6155364482948,75.0,22.24327557966376,2.717182192286511,205.55666745751435,25.11028172631044,22.18941157200977,1.5470367160559144,2.0760037529175293,8906.865,0.9946178094953284,0.0,0.0
baseline_off,987654,3,S-M,Highway,423.20936379262923,30.0,44.80875025364214,10.587844714040456,41.27670356722757,9.75325857568997,44.75223167974837,-2.249857545579598,11.05112559179932,9365.866,1.0462650503174689,0.0,0.0
baseline_off,987654,4,S-M,Highway,385.85668169977976,60.0,87.00996822309747,22.54981508673124,115.9691614251261,30.054983346214865,31.96931254518115,80.92402378510944,9.936374484182352,9698.866,1.2423126220996257,1.029599105622452,1.7000000000000002
baseline_off,987654,5,S-M,Highway,127.49065222729283,45.0,28.7077688620194,22.517548040179943,31.21520194798743,24.48430641984352,-28.704196187279635,0.45289543748200956,0.30824035515945525,9797.965,0.8409005167010999,0.04127545585240478,11.8
baseline_off,987654,6,S-M,Highway,498.83433485424433,45.0,144.15236560331752,28.897843538664546,237.77506325559676,47.66613816289788,144.1276719092678,-2.668089025308433,0.4594856846894402,9865.865,1.2984550853265522,0.0,0.0
baseline_off,987654,7,S-M,Highway,427.1267600882112,30.0,5.0616828428764755,1.1850540204577968,30.359866859474153,7.107929002904001,-2.371436318326033,-4.471791921589638,18.858703371188057,9999.866,0.9893493722916471,0.0,0.0
baseline_off,987654,8,S-M,Highway,485.52801697754387,75.0,43.09745701939492,8.876409910942012,204.74669281642724,42.16990279798765,27.17337711629735,33.45143311779154,72.5761394420995,10152.865,1.1214057540081823,2.7832736130843374,15.4
baseline_off,987654,9,S-S2,Arterial,263.72929562995785,60.0,50.28313117576058,19.066190980282116,51.88698388953383,19.674334535188372,-49.714342227790766,7.541714506453161,65.54458493871162,7618.101000000001,1.1117875873462892,0.0,0.0
baseline_off,987654,10,S-S2,Arterial,113.8174453501425,30.0,50.07454401733292,43.99549108072669,115.55398338948915,101.52572220717522,31.016573697054937,39.31198436404568,56.798300260741996,7798.099,1.1389199478988616,0.0,0.9
baseline_off,987654,11,S-S2,Arterial,280.8252391519308,30.0,76.01354895847717,27.067919246871064,48.6351309748094,17.31864668634611,75.85388489311293,-4.924202664917363,0.010559788953116822,8033.1,1.1934640189633778,9.488135665473385,5.2
baseline_off,987654,12,S-S2,Arterial,347.2174278735249,45.0,199.97621254893775,57.593944455397484,193.42623012631566,55.70752347050154,-148.1597764567899,-134.30996324060249,75.65859976635448,8206.2,1.268458776114701,0.0,0.0
baseline_off,987654,13,S-S2,Arterial,566.2036149193818,75.0,15.481382311530453,2.7342429302106717,109.3052268037133,19.30493269974558,-6.455026184630991,14.071454623865163,33.39309120412372,8386.201000000001,0.9372140254901438,5.227346199757033,5.9
baseline_off,987654,14,S-S2,Arterial,265.2414706002461,45.0,17.162855705891754,6.470653200290253,144.9026722956303,54.630473872623696,-16.72859299161712,-3.8363775234040505,12.84047242395576,8854.1,0.8749147818590065,4.565756187829968,1.5
baseline_off,987654,15,S-S1,Urban,242.83061682813025,60.0,56.251895186660654,23.165075278161655,61.50995959224064,25.330397128536692,56.0992836619403,-4.140783103256441,0.15119988639344228,4216.0,1.3151978171693184,18.205341935666503,31.6
baseline_off,987654,16,S-S1,Urban,254.781794447736,30.0,17.252657760053,6.771542604702112,23.53529819460393,9.237433249741784,17.22676003615532,0.9449542011330848,1.1893179006741548,4331.0,1.0196606004231155,0.0,0.0
baseline_off,987654,17,S-S1,Urban,191.77579845013074,45.0,2.098155849974754,1.0940670652560767,25.623353269238425,13.36109846827284,-1.6121631665606906,-1.3428283193201915,1.2023219460158998,4592.999000000001,0.9072900047255122,0.0,22.5
baseline_off,987654,18,S-S1,Urban,105.77425225241359,30.0,15.463492462460653,14.619335172003359,22.900644728398607,21.650490777046407,-14.839599110474852,-4.34809123374515,1.0670154037021575,4788.0,1.0760376758956092,15.208258897415238,14.4
baseline_off,987654,19,S-S1,Urban,284.2776100888617,45.0,29.256934153003154,10.29167726007609,23.120930808960217,8.133222592427487,28.569120369944237,-6.306628046809147,5.251809142715786,4999.900000000001,1.0286882959982697,0.0,18.2
baseline_off,987654,20,S-S1,Urban,155.02425348000529,75.0,61.44213364505728,39.633884547608524,58.285474194407236,37.59764868142054,32.72535249990716,-52.001798917094206,4.146428539343134,5065.999000000001,0.8450412293062022,0.0,30.700000000000003
baseline_off,987654,21,S-S3a,Mixed,666.7759832065091,60.0,12.229591583032553,1.834137985027708,19.437859124695443,2.915200849199646,11.693871458984155,-3.5799833223824495,5.535199963192639,143.999,1.0045607244396666,0.0,0.0
baseline_off,987654,22,S-S3a,Mixed,343.4174747817301,60.0,11.13561875863479,3.242589435995471,109.0244278726133,31.746907446077767,11.12713009271927,0.43471949273096344,13.053557597505318,519.0,1.024850717887348,0.0,17.1
baseline_off,987654,23,S-S3a,Mixed,389.703307789954,30.0,19.956144304086582,5.1208557651870725,5.208887811104879,1.336629098850866,5.5162157694227485,-19.1786094144153,0.3911795433214138,758.999,1.0092018414054142,0.0,0.0
baseline_off,987654,24,S-S3a,Mixed,338.24202909803245,30.0,32.77758304179285,9.690570722153796,42.56445789928837,12.584023934811468,32.768646463287176,0.7653489568315965,9.849799379606736,1253.999,1.0783774170686458,0.0,0.0
baseline_off,987654,25,S-S3a,Mixed,391.5396147133529,45.0,73.49935699567524,18.771882648320094,60.662919052684195,15.493430747000062,73.26976851904439,-5.804868641353096,4.698595477617744,1653.999,1.133705473425567,0.0,0.0
baseline_off,987654,26,S-S3a,Mixed,213.90171974270731,30.0,30.755800335160153,14.3784726799555,43.697065369619494,20.428571318725588,-14.764487864792985,-26.98016220015399,10.232797090645533,1762.0,1.0403119569489383,0.0,0.0
baseline_off,987654,27,S-S3a,Mixed,649.9862446243249,75.0,125.0086818841708,19.23251190591311,297.5015594367134,45.77043928193613,67.03993429034398,-105.51216876154228,56.67254343212883,1832.999,1.2562761870218977,0.0,0.0
baseline_off,987654,28,S-S3a,Mixed,117.86811273614683,45.0,8.667032753408934,7.353161556773616,62.14448188510246,52.72374388840494,-8.039130893067266,3.2388008942809012,84.62557826847282,2111.9990000000003,1.3291052492051243,0.0,0.0
baseline_off,987654,29,S-S3a,Mixed,744.0517077882085,75.0,23.977772612278937,3.2225949300695804,19.294408693875454,2.5931542783808155,-19.02894049581741,14.588797176353992,9.14710049209404,2372.9990000000003,1.0258393643530452,0.0,0.0
baseline_off,987654,30,S-S4,Arterial,746.4163097109229,60.0,832.5683894056407,111.5420950177366,861.6256693375663,115.43500029779126,-279.96211630944083,-784.0863067730756,72.51130839398098,1547.999,0.9603222994260713,0.0,0.0
baseline_off,987654,31,S-S4,Arterial,897.9297776571389,75.0,136.4540640288214,15.196518416490731,199.58608150202096,22.227359696520715,-136.450562336815,0.9775622479700452,3.8095273451538674,2243.0,0.812923863467403,0.0,0.0
baseline_off,987654,32,S-S4,Arterial,201.7132984681376,30.0,10.128142964020473,5.021058621784573,27.630964513053225,13.698137268534024,-9.301145663907,4.008487150836511,69.56606431348575,2745.0,0.7955916695649969,0.0,0.0
baseline_off,987654,33,S-S4,Arterial,909.1128397279243,45.0,272.63457224747185,29.989079499643285,279.59178025255073,30.754353918950905,-271.010241128698,-29.71631181568314,14.440106563737373,6682.999000000001,0.6886599035061627,0.0,0.0
baseline_off,987654,34,S-S4,Arterial,579.2657750776938,45.0,16.869793835049922,2.9122718035235673,264.7437472972639,45.70332974734357,-14.351557783634842,-8.866946104498354,26.103040148994324,7588.000000000001,0.9429841321604622,0.0,0.0
baseline_off,987654,35,S-S4,Arterial,750.5722351617737,45.0,61.10915367692551,8.141675219808047,146.26756268251637,19.48747313454657,-59.38167600596957,-14.42723874593322,0.21995526513290997,7678.000000000001,0.8643107475711566,0.0,0.0
baseline_off,987654,36,S-S4,Arterial,709.3914725673854,60.0,102.13272772659563,14.39723082051765,178.4510851141359,25.155515961912663,-102.09696342830503,-2.702615694889648,13.805962493151355,7876.999000000001,0.893844076832361,0.0,0.0
baseline_off,987654,37,S-S4,Arterial,448.2073809849286,30.0,57.640555266308915,12.860242314538576,62.367780761188506,13.914938353789779,-57.59197480555418,-2.366019738891737,0.48663319836725805,8357.0,0.871666051830213,0.0,0.0
baseline_off,987654,38,S-S4,Arterial,265.2023800060632,30.0,46.87850964555178,17.67650412657685,71.87290550367756,27.101154032642675,-46.851928733250844,1.5784297774927722,7.2420945973894675,8671.999,0.8968631749831563,0.0,0.0
baseline_off,987654,39,S-S4,Arterial,934.3708203197764,75.0,1267.701152488624,135.67430884183324,1285.9927698145968,137.63194888454268,-1244.351663447978,242.18825259544718,94.44093541382023,9098.900000000001,0.796476414193944,0.0,0.0
baseline_off,314159,1,S-M,Highway,251.82914529169057,30.0,103.1191896594505,40.94807594252398,109.02148846228913,43.291847071954635,102.86955279038794,-7.170940295896525,0.2217939346775495,8780.866,1.3579691846990873,0.0,0.0
baseline_off,314159,2,S-M,Highway,448.95398291648814,45.0,22.30293172697252,4.967754508399402,56.7605474437522,12.642843053763592,22.25821759791471,-1.4115640197587371,1.3753036466900994,8879.866,1.035302873753516,0.0,0.0
baseline_off,314159,3,S-M,Highway,1174.598854097475,75.0,84.54628860369692,7.197886181206916,346.7142489277777,29.517673009666108,84.52728156550437,-1.792648265990465,12.52860257573937,9410.865,1.0315112616577709,0.0,0.0
baseline_off,314159,4,S-M,Highway,954.223430562703,75.0,10.514464373612437,1.1018870462457713,298.511441667836,31.28318086800746,10.501822962003356,-0.5154372306151993,5.594389327426001,9545.865,0.9758713124428161,0.0,0.0
baseline_off,314159,5,S-M,Highway,454.7242394214451,60.0,11.363224296969673,2.4989264507709845,51.49693682404883,11.324871726558811,-10.861845888914349,-3.338138749170917,0.9027755040742989,9662.865,0.9279475399226328,0.0,0.0
baseline_off,314159,6,S-M,Highway,285.0293085231636,30.0,51.27488547175201,17.989337916660254,71.32032499058572,25.02210223928242,51.20011741044929,-2.7680060147141177,5.242982049884773,9910.865,1.1786787398462533,0.0,0.0
baseline_off,314159,7,S-M,Highway,944.5454113194985,60.0,36.432115301563265,3.8571057426099618,155.9876016049226,16.514568779389137,36.209180219693096,-4.024213359674988,2.391662757366504,10026.865,1.0144429766248868,0.0,0.0
baseline_off,314159,8,S-M,Highway,54.67298308472394,45.0,15.10945815607152,27.63605953722547,15.10945815607152,27.63605953722547,10.308086593585008,11.04712978783309,8.914633300911248,10543.866,1.3013734081619963,0.1634899821030893,22.900000000000002
baseline_off,314159,9,S-S2,Arterial,498.960672253589,75.0,78.7348085118666,15.77976239214518,89.62532210077002,17.962402065872507,57.386917538599654,53.906509503196986,18.03270590136239,7573.200000000001,1.2548620163968194,0.0,0.0
baseline_off,314159,10,S-S2,Arterial,632.0199215559988,60.0,80.06999337896045,12.668903407638238,129.50888043618522,20.49126554703234,-45.70583073501854,65.7432952971526,5.17499693558932,7970.1990000000005,0.8157974454072956,0.0,0.0
baseline_off,314159,11,S-S2,Arterial,280.67219450907874,45.0,91.51641483118696,32.606156442129056,114.37092949918188,40.74893478466118,77.13974240983467,-49.24138832829812,27.74486960840568,8359.2,1.0260374390009217,0.0,0.0
baseline_off,314159,12,S-S2,Arterial,391.759845436425,30.0,86.57911668627652,22.10004871474931,138.28808946255535,35.29919951558609,-32.1249633598096,80.39857072925349,30.6412774407855,8647.1,0.7639524325938165,0.0,0.0
baseline_off,314159,13,S-S2,Arterial,198.4000418380012,30.0,33.08562876007527,16.67622065679328,120.41279252125854,60.69191891581289,-9.790438180338345,-31.60389454935092,34.400533313635606,8845.101,0.889506621612553,0.0,0.0
baseline_off,314159,14,S-S2,Arterial,328.3427892753167,45.0,195.4292661318807,59.519889735727524,61.48407474986836,18.72557484376906,-159.73450743745204,-112.59433908754046,15.096850247245243,9312.1,0.9803024091417265,0.0,0.0
baseline_off,314159,15,S-S1,Urban,350.4209584234263,30.0,41.126523981478535,11.736319701455718,40.22771348706302,11.47982519882684,40.94829155361259,-3.824708307762739,0.5995814011145342,4207.0,1.1698094321410781,0.0,0.0
baseline_off,314159,16,S-S1,Urban,375.2656671401586,60.0,77.61505314349978,20.682694938493054,98.99768212979083,26.380692612845934,-76.11782532141925,15.171458163479297,4.608341220461028,4375.999000000001,0.8141305182371421,0.0,6.7
baseline_off,314159,17,S-S1,Urban,301.4854626724725,45.0,6.52477603960847,2.1642091733944895,39.182517032063544,12.996486359486795,6.059455120296554,-2.4198566098346967,46.18205314642037,4457.999000000001,1.0482486121437833,0.0,0.0
baseline_off,314159,18,S-S1,Urban,110.71098871230231,30.0,80.77146678514937,72.95704584035927,104.56902705866094,94.45225652387397,68.86006785222843,-42.21754258612154,42.35796979065691,4557.0,1.3899287716577093,0.0,0.0
baseline_off,314159,19,S-S1,Urban,329.19584120109806,75.0,54.25842690408677,16.48211189610429,50.872222690428025,15.453482797600524,54.12200630099988,3.845168924853196,0.27833005940135536,4700.0,1.1957908183492567,5.783943756075704,9.1
baseline_off,314159,20,S-S1,Urban,133.1744210584332,45.0,50.93122707605256,38.244001116179334,117.74042965731199,88.41069382659511,-17.199185136568104,-47.93931499417241,59.21480120007308,5123.999000000001,1.794458273603861,0.0,6.6000000000000005
baseline_off,314159,21,S-S3a,Mixed,235.67019116312846,30.0,5.533038190667235,2.347788731090443,125.59019765719027,53.29065888110476,-5.511641546773202,-0.48612660826749976,31.112676739696184,98.99900000000001,1.1630110450793951,0.0,0.0
baseline_off,314159,22,S-S3a,Mixed,254.06524017411385,30.0,52.08664722782011,20.501288248689402,42.70428891098671,16.808394915306387,51.78906755871452,-5.559793236648572,0.08071947067790575,189.0,1.1113315989981554,0.25297970045700713,5.7
baseline_off,314159,23,S-S3a,Mixed,475.09849544200557,45.0,40.048507373371216,8.429516775487214,116.14683292236597,24.446895546219174,39.74834719553109,-4.894061509470877,12.02339669126306,254.99900000000002,1.121888305430119,0.0,8.3
baseline_off,314159,24,S-S3a,Mixed,333.3256230673337,45.0,37.57396175752747,11.272449268005213,24.163340863316776,7.24916993808053,37.49418771126963,-2.4471391517881838,1.7257989617693568,378.0,1.0377816732972545,0.0,7.800000000000001
baseline_off,314159,25,S-S3a,Mixed,343.4174747817301,75.0,11.13561875863479,3.242589435995471,109.0244278726133,31.746907446077767,11.12713009271927,0.43471949273096344,13.053557597505318,519.0,1.0240603792017127,0.0,31.700000000000003
baseline_off,314159,26,S-S3a,Mixed,760.9367917587459,60.0,158.15720133240777,20.78453861678321,158.44310353363363,20.822111014953766,-157.92940718860572,-8.48543919637217,0.29575371620845203,623.999,0.8142737878508864,0.0,0.0
baseline_off,314159,27,S-S3a,Mixed,603.876045450248,30.0,123.46626357020978,20.445630274695485,137.9910673926228,22.850892734077092,-122.3628235022659,-16.46990177693347,0.6300729522823758,867.0,0.7829992188565749,0.0,0.0
baseline_off,314159,28,S-S3a,Mixed,1516.8425334734472,75.0,192.82677954458467,12.71237951793367,242.55489536017816,15.990776234679219,-190.1982269128199,31.730133765166016,1.8684971796316177,993.0000000000001,0.8517874820913461,0.0,0.0
baseline_off,314159,29,S-S3a,Mixed,604.9259033017199,60.0,84.23224368951713,13.924390281482868,87.19989448385684,14.414971157279737,83.92116488764896,-7.232493406166181,7.138984864847032,1546.0,1.1070417284335687,0.0,0.0
baseline_off,314159,30,S-S3a,Mixed,294.225288472987,45.0,149.11761293859962,50.68143996476706,183.84802282083942,62.48545928020004,138.29078790165437,55.78279725906248,2.590818123109841,2219.9990000000003,0.7460279745624682,0.0,0.0
baseline_off,314159,31,S-S4,Arterial,509.6097765756361,45.0,208.1619781761656,40.847328239055145,83.3921114338594,16.363915149787626,-79.21813179099945,-192.49908247510768,14.099738445566572,693.0,1.0053365246061456,0.0,0.0
baseline_off,314159,32,S-S4,Arterial,616.3999516839654,45.0,65.27649364662548,10.58995761896059,149.93030063097598,24.323541918096513,-65.23207161087787,-2.407790719983158,31.799459450245024,1521.0,0.9119827485276124,0.0,0.0
baseline_off,314159,33,S-S4,Arterial,625.5146730841803,60.0,219.77422911757657,35.134943842956,139.81410240537903,22.351850151813014,-179.00654086954896,127.50439251313475,34.80766995615744,2234.0,0.8005042108020548,0.0,0.0
baseline_off,314159,34,S-S4,Arterial,440.756279466452,45.0,11.563813754349061,2.6236299499458946,72.06947728346734,16.3513217260817,-0.6067491384550983,11.547884829190865,9.681925209964703,2546.0,0.9560639983532283,0.0,0.0
baseline_off,314159,35,S-S4,Arterial,226.64428517034582,30.0,19.246571015292314,8.491972784942092,24.582984634036933,10.846505401872527,19.134211915800496,-2.076639161705449,68.57529932706166,4348.999000000001,1.0259474869404948,0.0,0.0
baseline_off,314159,36,S-S4,Arterial,627.4258978727169,75.0,53.5717857466451,8.538344675965698,99.76834857908557,15.901216210129268,-53.46639510308937,3.3586936098412785,15.162917585302665,5332.0,0.9141744608167187,0.0,1.1
baseline_off,314159,37,S-S4,Arterial,363.68766426295684,30.0,36.24927151950005,9.967143535913488,37.84700800011449,10.406459090883544,34.487363614192944,-11.163845065069568,18.540000502263695,5712.0,1.0742330719547561,0.0,0.0
baseline_off,314159,38,S-S4,Arterial,780.2399620221747,60.0,98.02376954444482,12.56328492716436,151.39163743492412,19.40321501125849,-98.00288089901127,-2.0235442166246145,3.706781892086269,5972.999000000001,0.8279725952000954,0.0,0.0
baseline_off,314159,39,S-S4,Arterial,182.92241218330372,30.0,7.053422800813941,3.8559642400439236,64.87171875519503,35.46406259402926,-0.8599299639842596,7.000806643814983,11.080953563030306,7525.000000000001,1.1407014717599828,0.0,0.0
baseline_off,314159,40,S-S4,Arterial,759.6562336548984,75.0,27.14436696812919,3.5732434969342344,127.15380628651067,16.738335138084963,27.14022070291406,0.4744241747405846,3.267937827202161,8699.0,1.0727962076117943,0.0,0.0
