config,seed,scenario_id,trip,domain,dist_m,duration_s,map_err_m,map_drift_pct,pure_err_m,pure_drift_pct,final_at_m,final_ct_m,hdg_seed_err,t_start_s,speed_ratio,creep_m,gt_stop_s,r1_gyro_scale,r1_scale_engine,r1_scale_ekf,r1_scale_raw,r1_scale_history,r1_scale_effective,r1_turns,r1_anchors
production,541098,1,S-M,Highway,301.50211302841956,30.0,68.43651526079128,22.698519281800344,87.14024076235022,28.902033185464404,68.36140436372085,-3.205466340544742,14.2819117434708,8551.867,1.096500504637682,0.0,0.0,1.0,0.9084,1.0,0.9515,0.8653,0.9084,1.0,0.0
production,541098,2,S-M,Highway,600.1756005696226,45.0,57.958260837563785,9.656883882409748,71.14067091000415,11.853309405194915,57.787072138087765,-4.451324861490098,4.2828488346747235,8861.866,1.0472724930605986,0.0,0.0,1.0,0.9998,1.0,1.0193,0.9803,0.9998,2.0,0.0
production,541098,3,S-M,Highway,1174.598854097475,75.0,109.76854409892658,9.34519420958139,356.6972647024674,30.367581532892135,109.7556307714321,-1.6836827382425454,12.52860257573937,9410.865,1.065116509814139,0.0,0.0,1.0,1.2348,1.0,1.2027,1.267,1.2348,7.0,0.0
production,541098,4,S-M,Highway,326.68651659871364,45.0,67.63379650934249,20.702965403503526,90.00953107993442,27.552263869677212,67.56213748228468,-3.1125566809314726,9.936374484182352,9698.866,1.2440961357600782,1.0426679091317856,1.7000000000000002,1.0,0.9591,1.0,0.9401,0.9781,0.9591,1.0,0.0
production,541098,5,S-M,Highway,288.585563099286,75.0,31.025768403971007,10.750977308347471,85.96524027029518,29.788475676698837,-20.7887554570693,23.030978086113,10.578203077149738,9788.866,0.906443239958919,0.04140591278181575,11.8,1.0,0.8871,1.0,0.9492,0.825,0.8871,1.0,1.0
production,541098,6,S-M,Highway,427.1267600882112,30.0,8.038980861284509,1.8821065811058715,30.311451182905746,7.096593801953724,-6.610843999058085,-4.574052350839063,18.858703371188057,9999.866,0.9890984456271114,0.0,0.0,1.0,1.35,1.0,7.8068,0.9924,1.35,0.0,0.0
production,541098,7,S-M,Highway,603.3384456646849,60.0,125.33945345170171,20.774319016521144,238.38923550076416,39.51169318211372,48.09471640438397,-115.74487826920542,0.09985786849620126,10204.866,1.431593951184757,0.0,0.0,1.0,1.35,1.0,9.1744,1.1662,1.35,2.0,0.0
production,541098,8,S-M,Highway,314.7221984450349,60.0,60.18105380083032,19.12196028693563,138.4930669257786,44.0048613062691,29.491917928115356,-52.45937488666579,10.860197431442145,10467.866,1.2005012851066248,0.9696756434453772,22.8,1.0,1.1282,1.0214,1.1067,1.1497,1.1523,2.0,0.0
production,541098,9,S-S2,Arterial,872.0570921675635,75.0,1015.1816541823335,116.41229264692099,977.8097567295274,112.12680517271039,-1014.5677472764052,35.29981834031918,36.8099138195783,7663.1,0.6995965948547733,0.12219216290025961,2.2,1.0,0.9717,1.0,0.9121,1.0313,0.9717,5.0,1.0
production,541098,10,S-S2,Arterial,245.71170014260218,30.0,33.73427727605833,13.729210801309085,116.11763729766272,47.25767524715846,-32.03284132462025,-10.578210624188145,87.94261269363176,8260.1,0.9101424153228596,0.0,0.0,1.0,0.9118,1.0,0.8591,0.9644,0.9118,2.0,0.0
production,541098,11,S-S2,Arterial,435.6199448894815,60.0,10.745932981425637,2.4668138149992016,67.41955033024057,15.476690431918854,-10.550253716265075,-2.041377516219444,2.1912177579251875,8377.1,0.9313391813443551,0.0,0.0,1.0,0.8978,1.0,0.9191,0.8764,0.8978,1.0,1.0
production,541098,12,S-S2,Arterial,261.9845410038697,45.0,69.73712429107017,26.618793621887825,84.4252858714012,32.22529296877642,-68.82783980054668,-11.224748227842454,34.188583450991246,8746.102,1.2035464889218956,1.9326698378650062,1.8,1.0,1.0272,1.0,0.9753,1.0791,1.0272,1.0,0.0
production,541098,13,S-S2,Arterial,331.6062735237266,45.0,6.945608912004263,2.0945348343982104,72.49724026712813,21.86244533215712,-6.279211614929929,-2.9686671510026357,3.5318244195553348,9213.2,1.0145524579262277,0.0,0.0,1.0,1.25,1.0,1.4291,1.94,1.25,3.0,0.0
production,541098,14,S-S2,Arterial,202.61192015346592,30.0,35.11309610375667,17.330222267851113,35.11309610375667,17.330222267851113,-4.472821797245018,-34.82704959025013,8.286972282490098,9339.1,1.0981814731052655,0.0,0.0,1.0,1.25,1.0,1.1369,1.8015,1.25,3.0,0.0
production,541098,15,S-S1,Urban,399.7366392000315,45.0,65.06811580542193,16.277746252042036,70.61887499179005,17.66635030832182,-65.0450220867398,-1.7334347992729597,11.042807579326848,4180.0,0.8392360980333523,3.630400538947751,2.5,1.0,0.9982,1.0,0.9481,1.0483,0.9982,1.0,0.0
production,541098,16,S-S1,Urban,200.52748296600998,30.0,19.316950830304396,9.63306901607032,27.76762248541942,13.847290194195534,-8.034134856661403,17.566936741656924,0.15826839583411356,4313.0,0.9399887263397576,0.0,0.0,1.0,1.25,1.0,4.5707,1.057,1.25,1.0,0.0
production,541098,17,S-S1,Urban,102.8116693867008,75.0,11.452604188079414,11.139401058651485,11.420733155478901,11.108401627564886,11.37657848782152,-1.317423469978694,0.33202317573829987,4601.900000000001,1.0745835611966714,0.0,54.2,1.0,1.1313,1.0,1.2471,1.0155,1.1313,0.0,0.0
production,541098,18,S-S1,Urban,98.90032418706596,45.0,6.7728903156746005,6.848198295957,57.493630211969645,58.13290369324044,-6.772787821317685,0.037260643709263075,34.72524174586573,4717.999000000001,1.4663941461482766,5.294731676994019,9.1,1.0,1.1471,1.0,1.1989,1.0954,1.1471,2.0,0.0
production,541098,19,S-S1,Urban,361.7536080700408,30.0,8.477061825381549,2.3433247481916655,38.543570965992096,10.654647280955245,7.313295023117483,-4.286757877019206,0.0022383618431831565,4990.999000000001,0.9886310766934804,0.0,0.0,1.0,1.222,1.0,1.2695,1.1745,1.222,0.0,0.0
production,541098,20,S-S1,Urban,135.11595351460952,60.0,37.02203289586755,27.4001936358052,100.61704100865792,74.46718051527397,-23.150069967383637,-28.891264774113658,4.923225030649803,5098.901000000001,1.7822793865102886,0.0,21.8,1.0,1.229,1.035,1.3122,1.1458,1.2721,3.0,0.0
production,541098,21,S-S3a,Mixed,325.8588383644856,30.0,6.0678255050875345,1.86210247834384,45.41452941916922,13.936872066170974,-0.09753438197227791,-6.067041569374984,14.704834554652138,135.0,0.954110762474534,0.0,0.0,1.0,1.0852,1.0,1.2495,0.921,1.0852,1.0,0.0
production,541098,22,S-S3a,Mixed,475.17047321369193,45.0,12.202504455652884,2.568026664856597,15.853146707281212,3.336307199406263,11.216105749924937,-4.806254965847034,8.303408040024465,419.999,1.0219562423569126,0.0,0.0,1.0,1.25,0.9643,4.3859,1.2003,1.2053,1.0,0.0
production,541098,23,S-S3a,Mixed,1128.3874145740722,75.0,73.78255330212713,6.538760743798044,90.74005256803818,8.041569003345314,-73.39867599504873,-7.516617188275998,7.55933821915454,776.999,0.8905985084070727,0.0,0.0,1.0,1.25,1.0,1.2379,1.4377,1.25,3.0,2.0
production,541098,24,S-S3a,Mixed,603.876045450248,30.0,123.61871243790216,20.47087533431343,138.90720272396342,23.002601903242358,-122.51479439816768,-16.48366519859737,0.6300729522823758,867.0,0.7814927164964323,0.0,0.0,1.0,1.25,1.0,1.4078,1.2867,1.25,2.0,0.0
production,541098,25,S-S3a,Mixed,614.3347078381609,45.0,22.00967558749697,3.582684700486621,29.6975803915671,4.834104277792258,18.809323765130237,-11.429573875056189,0.15238069742039784,1028.999,0.9229440744275172,0.0,0.0,1.0,1.25,1.0,1.4404,1.4588,1.25,3.0,0.0
production,541098,26,S-S3a,Mixed,892.8209535663941,75.0,117.13885541116494,13.120083589352497,116.37799828006571,13.034864136554042,117.07963425238431,-3.72433757408254,2.932130148744193,1235.999,1.1285637192209856,0.0,0.0,1.0,1.25,1.0,1.2159,1.4073,1.25,1.0,0.0
production,541098,27,S-S3a,Mixed,591.9272083319421,60.0,31.780583755937123,5.3690020172404616,38.42881711522882,6.4921525103604685,-13.41568307188769,28.810153619562676,3.414609352929972,1681.0,0.9680468936617236,0.0,0.0,1.0,0.968,1.0159,0.864,1.0721,0.9834,0.0,0.0
production,541098,28,S-S3a,Mixed,374.5169547186968,45.0,16.45268639340417,4.393041806548368,94.96894387428807,25.35771549932102,-16.42531014149472,-0.9487235189545533,14.370766631287438,1950.0000000000002,1.1054181640456158,0.0,0.0,1.0,1.1654,1.0,1.4705,0.8603,1.1654,3.0,2.0
production,541098,29,S-S3a,Mixed,164.32151314371677,30.0,9.683373217848375,5.892943067886204,81.55146957834744,49.62921045342489,-9.498650411981261,1.8823807338345278,23.17292241310372,2085.0,1.0824921547720896,0.0,0.0,1.0,0.9169,1.0,0.8383,0.9955,0.9169,1.0,1.0
production,541098,30,S-S3a,Mixed,244.21348357269213,60.0,23.312198736958226,9.54582785353011,15.706444955273199,6.431440527155844,-17.31390046918363,15.610492000402797,0.06842508677198111,2273.9990000000003,0.9831619713887143,0.0,0.0,1.0,0.9764,1.0,1.0349,0.918,0.9764,4.0,0.0
production,541098,31,S-S4,Arterial,490.93854491218735,45.0,20.27381343303696,4.129603112883156,24.715230773719984,5.034281995140699,19.885863001887184,-3.947146284059463,5.766104642549095,348.0,1.0299407309627333,0.0,0.0,1.0,1.0516,1.0,1.0948,1.0083,1.0516,2.0,0.0
production,541098,32,S-S4,Arterial,610.8780669596541,75.0,166.96058703890077,27.33124596695134,175.43377125152713,28.718295964473345,-166.51148330100222,12.237792009771056,61.00789485697152,1083.0,0.716644401306601,0.0,0.0,1.0,1.0591,1.0,1.0915,1.0266,1.0591,2.0,1.0
production,541098,33,S-S4,Arterial,443.4769618838301,60.0,19.764571928718105,4.4567302537567866,51.019340533825066,11.504394798120249,19.433722096780958,3.601214932569186,4.088401765973856,1710.0,1.0710133634311725,0.0,0.6000000000000001,1.0,1.0653,1.0,0.9862,1.1444,1.0653,3.0,0.0
production,541098,34,S-S4,Arterial,328.2861353219824,45.0,4.286499565012352,1.3057205601473731,184.38849563269255,56.167006703418856,-3.6875112038335187,2.185483846303458,38.79740760336921,2790.0,1.1229992829915652,0.0,0.0,1.0,1.0102,1.0,1.0461,0.9743,1.0102,4.0,2.0
production,541098,35,S-S4,Arterial,465.9824416119758,75.0,168.54510989402874,36.16984135946832,164.51919613225894,35.305878814475655,101.0396087517554,-134.9016365077993,11.41896026963883,4258.999000000001,1.5590463061708775,0.0,0.0,1.0,1.1269,1.0,1.3784,0.8754,1.1269,7.0,1.0
production,541098,36,S-S4,Arterial,739.7297196818564,45.0,95.40431341863804,12.89718540167206,223.23444468094536,30.17783911358249,-95.1205411385986,7.352936310202409,4.46279816942959,5883.001,0.8479638195538285,0.0,0.0,1.0,1.25,1.0,1.5665,1.7816,1.25,4.0,0.0
production,541098,37,S-S4,Arterial,677.8112579079375,30.0,209.82229375344428,30.955858479108212,231.52494524054953,34.15773086377329,-209.82033396709238,-0.9068681792237925,2.3258290717918726,6252.0,0.6554538997701124,0.0,0.0,1.0,1.25,1.0,1.9343,1.5611,1.25,0.0,0.0
production,541098,38,S-S4,Arterial,931.746854758649,60.0,305.0149542833518,32.73581796660425,330.60007102174916,35.48174800197042,-301.78428062875093,-44.2760691780845,0.31332909462736325,7124.0,0.6787441188516398,0.0,0.0,1.0,1.25,1.0,1.4805,1.5177,1.25,2.0,0.0
production,541098,39,S-S4,Arterial,186.86305768129444,30.0,24.36858283974285,13.040877711262144,36.739464820807214,19.661170740055244,24.087623233328205,3.689747496325071,68.05084051934159,7344.000000000001,1.1177676959210177,0.0,0.0,1.0,1.25,0.975,6.43,1.4871,1.2188,0.0,0.0
production,541098,40,S-S4,Arterial,181.31319816687812,30.0,177.46509905487235,97.87765085448218,228.89227803953173,126.24137699499542,-167.05056828212426,-59.89965792201989,108.77418203029225,8877.0,1.2565151402010153,0.0,0.0,1.0,1.0867,1.0,1.1521,1.0213,1.0867,1.0,0.0
production,75496,1,S-M,Highway,445.0656418597341,60.0,63.09640919306361,14.17687712972212,312.0299172558212,70.10874080326332,-62.92992062072827,-4.580605170428941,28.763615371567653,8699.865,0.8436548350224475,0.0,0.0,1.0,0.85,1.0,0.6903,0.8615,0.85,4.0,0.0
production,75496,2,S-M,Highway,1042.662585896704,75.0,96.2852973450471,9.23455954471028,229.54797817584836,22.015557216760968,-96.12356135220264,-5.578479881963238,0.7135112853016778,8807.866,0.9043972929866723,0.0,0.0,1.0,0.9487,1.0,0.9223,0.975,0.9487,5.0,0.0
production,75496,3,S-M,Highway,374.54070896985667,45.0,68.75277454521822,18.356555882621425,70.50235160375111,18.823681889656804,-64.68452718329276,-23.299269317716135,8.549028757581652,8987.865,0.8996012269003935,0.0,0.0,1.0,0.8775,1.0,0.8046,0.9503,0.8775,4.0,0.0
production,75496,4,S-M,Highway,581.9438627961036,30.0,40.39240170159603,6.940944699978452,69.8238620673533,11.998384471633749,-40.066600919312414,5.119922459925666,0.20228307645476207,9257.866,0.903093881544519,0.0,0.0,1.0,1.35,1.0,1.4836,1.2565,1.35,0.0,0.0
production,75496,5,S-M,Highway,881.0026183499426,60.0,27.937266528062754,3.1710764470129873,184.82114016404637,20.97850066668402,26.55591319707134,-8.676078338144945,9.683644418268187,9374.965,1.0220489877334653,0.0,0.0,1.0,1.1895,1.0,1.0544,1.3246,1.1895,6.0,0.0
production,75496,6,S-M,Highway,701.9774669971542,45.0,55.62024182753451,7.923365697970472,163.87268949209982,23.344437278463833,55.528550197508686,-3.1923993979726504,5.3512630121887526,9500.865,1.0573742732378266,0.0,0.0,1.0,1.1054,1.0,1.0919,1.1189,1.1054,3.0,0.0
production,75496,7,S-M,Highway,714.5390436288836,75.0,169.1286462929061,23.66961578949742,160.88832972793045,22.51638047808237,168.09180844821518,-18.698741387576746,4.289202358986131,9590.865,1.2106591425691822,0.0,0.0,1.0,1.0931,0.9993,1.0637,1.1225,1.0923,3.0,0.0
production,75496,8,S-M,Highway,573.1359150171827,30.0,32.97896723769138,5.754126791496335,45.19220835813008,7.885077025189603,-24.708673322165534,21.84247565463281,2.9272327604575423,10098.866,1.0151179100530925,0.0,0.0,1.0,1.35,1.0,1.5868,1.1872,1.35,1.0,0.0
production,75496,9,S-S2,Arterial,218.47241867770953,45.0,4.055332950675088,1.8562219319123823,89.72137421216344,41.06759780259512,-3.6511153891891057,1.7649594203996877,17.33990921897123,7771.1990000000005,1.3014553225787722,0.0,0.0,1.0,1.25,1.0,2.8889,1.182,1.25,2.0,1.0
production,75496,10,S-S2,Arterial,356.1974439331983,60.0,66.31324196920966,18.61698984612762,97.56585033781398,27.390946229280523,-42.443626394284315,-50.950806067905944,5.193756476671524,8116.101000000001,1.1896564249591508,0.0,7.300000000000001,1.0,1.25,1.0,1.6198,1.093,1.25,3.0,1.0
production,75496,11,S-S2,Arterial,188.09413144507553,30.0,11.15710729898918,5.93166156395853,56.63147960243162,30.10805237109075,-11.154693374247024,-0.2320754353376664,28.372905784385523,8350.1,0.9330242297222527,0.0,0.0,1.0,0.85,1.0,0.537,0.9002,0.85,0.0,0.0
production,75496,12,S-S2,Arterial,497.2582750673289,45.0,9.72400530180544,1.9555240786065968,134.74461720668606,27.09751128594926,-8.814975728305456,-4.105177464973472,32.604312610096144,8611.1,1.0578358691874334,0.0,0.0,1.0,1.1063,1.0,1.1373,1.0752,1.1063,1.0,1.0
production,75496,13,S-S2,Arterial,470.34963942815,75.0,60.808756102717496,12.928415588167272,91.90568363101721,19.539864799887148,60.57496899332714,-5.327095852079093,50.80429186760472,8755.1,1.3454425731941806,2.0268930536378416,1.8,1.0,1.0741,1.0,1.0755,1.0727,1.0741,2.0,1.0
production,75496,14,S-S2,Arterial,216.55646042401838,30.0,128.08478477175225,59.14613885033111,128.08478477175225,59.14613885033111,62.67205837603929,111.70463369501029,23.35608837384069,9348.2,1.1936580150337612,0.0,0.0,1.0,1.25,1.0,1.1084,1.7264,1.25,2.0,0.0
production,75496,15,S-S1,Urban,116.3966216812929,30.0,40.95250390798557,35.183584640556106,41.27809708612482,35.4633119843881,40.774569845881864,-3.8134013972928535,1.976954785437897,4224.900000000001,1.56410499875117,16.878185200164094,10.600000000000001,1.0,1.1412,1.0,1.2067,1.0757,1.1412,2.0,0.0
production,75496,16,S-S1,Urban,410.1744865962999,45.0,73.89675698678455,18.01593209757946,81.4962173854972,19.868670541107313,73.80578773291236,-3.6655682080921785,2.360152705172652,4322.001,1.141888533499961,0.0,0.0,1.0,1.25,1.0,1.4215,1.0945,1.25,2.0,1.0
production,75496,17,S-S1,Urban,429.3201913293343,75.0,33.272518565980256,7.750047455945694,38.15664863277448,8.887690214296086,-24.524584163639698,22.485667953700055,6.371903698653881,4385.0,0.8905586743195267,2.799886304528319,9.1,1.0,1.0144,1.0,0.9577,1.071,1.0144,6.0,1.0
production,75496,18,S-S1,Urban,271.23683041913415,30.0,41.21874583998821,15.196588817342437,92.03296254129411,33.93085017218286,-41.18236007699018,-1.7315389428686938,11.99759906368132,4583.999000000001,0.821440703612319,0.0,0.0,1.0,0.9925,1.0,0.9319,1.053,0.9925,1.0,0.0
production,75496,19,S-S1,Urban,298.28230919465443,60.0,21.38549164316164,7.169547433403365,20.56827237937732,6.895572330424324,21.003135489972724,-4.025860455801296,5.251809142715786,4999.900000000001,0.975797717376752,0.0,26.5,1.0,1.1841,1.0,1.1741,1.1942,1.1841,2.0,0.0
production,75496,20,S-S1,Urban,133.1744210584332,45.0,49.67332025815784,37.299445241336976,117.01027806249105,87.86242668263617,-17.027655274404424,-46.66366575104833,59.21480120007308,5123.999000000001,1.780059604148471,0.0,6.6000000000000005,1.0,1.25,1.0,9.0602,1.1458,1.25,3.0,0.0
production,75496,21,S-S3a,Mixed,134.91232747961672,45.0,14.045890524084822,10.41112460698371,27.235222821129387,20.187349317833263,-11.669038439668599,-7.8179653688227875,2.705601243907836,537.0,0.90769446779494,0.9002971348112162,20.1,1.0,1.0627,1.0,0.9936,1.1318,1.0627,2.0,0.0
production,75496,22,S-S3a,Mixed,433.9026808716475,30.0,13.501336078237525,3.111604669304025,16.988896443658547,3.9153702414399283,-11.687274139301486,-6.759711465020748,0.4269865153544856,714.0,0.9744386437202266,0.0,0.0,1.0,1.25,1.0,1.4213,1.514,1.25,0.0,0.0
production,75496,23,S-S3a,Mixed,314.4610350854063,30.0,13.136178026172892,4.177362712873206,34.03291470906285,10.822617403081324,-13.061605242658796,1.39772730539823,5.560939873843637,768.0,0.9321640004976373,0.0,0.0,1.0,1.25,1.0,1.3001,1.4377,1.25,1.0,0.0
production,75496,24,S-S3a,Mixed,572.302681471267,60.0,60.138970006688645,10.508245366260438,69.06079344787264,12.067179778073415,51.94910358086807,30.298289565743417,20.878266972920528,903.0,0.9440191512394239,0.0,0.0,1.0,1.239,1.0,1.1361,1.3419,1.239,5.0,1.0
production,75496,25,S-S3a,Mixed,1059.8631507836958,60.0,61.22882358580625,5.777049946545623,65.03675165239116,6.1363348281616314,-61.009225169792884,-5.181050268362085,3.660290505154393,1091.999,0.9293990962086942,0.0,0.0,1.0,1.25,1.0,1.5781,1.48,1.25,1.0,0.0
production,75496,26,S-S3a,Mixed,804.8478004230153,75.0,185.96490751933078,23.105599272507245,190.51576423342368,23.67102999266341,185.800013598992,7.829545024306412,0.937424747468782,1609.0,1.2264628033595957,0.0,0.0,1.0,1.1775,1.0,1.1767,1.1783,1.1775,4.0,0.0
production,75496,27,S-S3a,Mixed,575.8224103748213,75.0,70.8833576134,12.309933815750544,85.01866855459046,14.76473770780284,63.39807346273421,31.703858878106747,1.3313821593119712,1851.0000000000002,1.1727856331409636,0.0,0.0,1.0,1.022,1.0,1.1282,0.9159,1.022,5.0,3.0
production,75496,28,S-S3a,Mixed,372.34095679910627,45.0,438.7022984585834,117.822734901356,442.13834055689426,118.74555631961987,-222.18601762626892,-378.27646007149764,98.59653748736656,1959.0000000000002,1.1359291002248024,4.491151716386587,1.4000000000000001,1.0,1.1179,1.0,1.3613,0.8746,1.1179,4.0,0.0
production,75496,29,S-S3a,Mixed,379.0118862723627,45.0,397.0644575797778,104.76306204667213,397.0644575797778,104.76306204667213,-128.97126613364821,375.5350795664858,100.8065153949907,2201.9990000000003,0.8699005436447336,0.0,0.0,1.0,0.9577,1.0,1.0538,0.8615,0.9577,2.0,0.0
production,75496,30,S-S3a,Mixed,104.09674927723412,30.0,54.89860044291007,52.73805457334906,92.22270808336658,88.59326417365429,48.42680011273413,25.859260651294345,3.7662029634548446,2426.9990000000003,1.4709782623534209,0.0,0.0,1.0,0.9349,1.0,0.9208,0.9491,0.9349,0.0,0.0
production,75496,31,S-S4,Arterial,183.87954809499564,30.0,30.863315227011068,16.78452853879459,32.6239790857044,17.742037884958386,-30.314824348555767,-5.792724015354391,3.3644879878757763,285.0,0.8806990324405701,0.0,0.0,1.0,0.9933,1.0,1.0062,0.9803,0.9933,1.0,0.0
production,75496,32,S-S4,Arterial,512.020208051412,75.0,18.19807415247594,3.5541710788587992,56.64954916557595,11.0639283908669,-5.6992610229476135,17.282601848429042,1.4451546783570848,1011.0010000000001,1.0309595645585978,0.0,0.9,1.0,1.0148,1.0,0.9403,1.0893,1.0148,5.0,0.0
production,75496,33,S-S4,Arterial,554.9976674046155,60.0,66.73380945026297,12.0241603468959,119.26732158001052,21.48969781039816,-32.014697660223185,-58.5530567730542,6.964079246653739,2207.0,1.062843185312949,0.0,0.0,1.0,0.9577,1.0,0.9516,0.9639,0.9577,1.0,0.0
production,75496,34,S-S4,Arterial,152.28595898599954,75.0,7.715861639294474,5.0666927474277745,6.544181458796789,4.297297992783714,-7.693524208889699,-0.586690790761305,0.1737186050905848,2889.0,0.6178181057935643,0.0,2.8000000000000003,1.0,1.0628,1.0,1.111,1.0147,1.0628,1.0,0.0
production,75496,35,S-S4,Arterial,257.13661053889035,30.0,5.555245817538089,2.1604258553053812,42.79237806103378,16.641884627534083,-5.504268948377658,0.750852473659072,12.61965376006816,3129.0,0.9264912084858408,0.0,0.0,1.0,0.9205,1.0,0.969,0.8719,0.9205,2.0,1.0
production,75496,36,S-S4,Arterial,1218.2243066778026,45.0,497.82276484909715,40.8646225592642,497.50729513157285,40.838726694619645,-485.3832899438627,-110.59189412100505,4.53938009844029,6547.999000000001,0.6037898858625711,0.0,0.0,1.0,1.25,1.0,1.6135,2.0165,1.25,0.0,0.0
production,75496,37,S-S4,Arterial,667.7306583481962,45.0,120.34280350299572,18.022656590412463,183.2169905387444,27.43875666754299,-120.0508869717341,-8.377045556791572,3.101798280396821,6691.999000000001,0.7441835768948836,0.0,0.0,1.0,1.25,1.0,2.5729,1.7614,1.25,0.0,0.0
production,75496,38,S-S4,Arterial,1059.3347150652953,45.0,349.9059372259883,33.03072506260882,361.8540982198724,34.15861795840123,-277.2953051134218,-213.4044954260607,6.899058419624879,6791.0,0.6470749326309801,0.0,0.0,1.0,1.25,1.0,2.0769,1.8687,1.25,1.0,0.0
production,75496,39,S-S4,Arterial,383.6085289112717,30.0,51.830418204041884,13.511278894435167,87.38656870326784,22.780142284969966,-51.77950943788131,-2.2966613982555635,20.869792847052878,7632.999000000001,0.801222175752204,0.0,0.0,1.0,1.0906,1.0,1.0211,1.1602,1.0906,0.0,0.0
production,75496,40,S-S4,Arterial,599.2279698380357,60.0,11.409961421722151,1.9041102879103138,111.04581098263245,18.531479932862084,-9.989034813603904,-5.514200135812721,12.737818913831404,8690.0,0.9582547838517838,0.0,0.0,1.0,1.1636,1.0,1.2924,1.0348,1.1636,4.0,0.0
production,45736,1,S-M,Highway,296.59410644351794,30.0,16.240919285107008,5.475806475001503,49.03630426724659,16.533135083243756,15.228308232991516,-5.645005543519295,2.7806999803236465,8578.866,1.031278722596431,0.0,0.0,1.0,0.85,1.0,0.829,0.862,0.85,3.0,0.0
production,45736,2,S-M,Highway,719.1201235373318,60.0,45.083254349516885,6.269224413823051,127.28364182934082,17.699913778415233,-43.72647649347367,10.977024925221222,0.837516222213992,8798.866,0.9204179722485315,0.0,0.0,1.0,0.9437,1.0041,0.9123,0.975,0.9475,5.0,0.0
production,45736,3,S-M,Highway,1064.0307356267638,60.0,148.73898317250584,13.978823937345346,244.97280067634713,23.02309439699096,-148.53412363858962,-7.803795878106452,2.0311648255535033,9104.966,0.8421586123469756,0.0,0.0,1.0,1.0545,1.0,1.1059,1.0032,1.0545,1.0,0.0
production,45736,4,S-M,Highway,948.1258432643681,45.0,51.467993399542706,5.42839263006902,152.38773072981814,16.072521576371326,-47.50467143438614,-19.805568320207055,0.20228307645476207,9257.866,0.9238691523774994,0.0,0.0,1.0,1.35,1.0,1.4836,1.2565,1.35,1.0,0.0
production,45736,5,S-M,Highway,619.7285890006121,75.0,10.37033063538756,1.6733665058297507,121.9630427545728,19.680073651475894,-10.106917077393222,-2.3224953558522037,0.09216434742049273,9653.866,1.0182744241999697,0.0,0.0,1.0,0.9142,1.0,0.7893,1.0391,0.9142,4.0,0.0
production,45736,6,S-M,Highway,1045.1212884927832,75.0,168.5245737735243,16.1248819279685,261.9813932743752,25.067080362719473,-160.78068199319378,50.49855704227131,2.9272327604575423,10098.866,1.091546901020286,4.8185884531476475,0.4,1.0,1.35,1.0,1.5868,1.1872,1.35,2.0,0.0
production,45736,7,S-M,Highway,527.8491336942978,45.0,32.752123798915996,6.204826665091068,83.15264367556745,15.753107918090292,-23.438344676341156,22.87674828668947,0.5108217965158701,10366.866,1.032210114389107,0.0,0.0,1.0,1.1024,1.0,1.0705,1.1344,1.1024,1.0,0.0
production,45736,8,S-S2,Arterial,383.51596087782053,45.0,69.89126038398223,18.22382052210025,90.6515771463547,23.636976395679717,-22.22079860852134,-66.26480504205185,18.03270590136239,7573.200000000001,1.1763089251815124,0.0,0.0,1.0,1.25,1.0,1.6342,0.9697,1.25,1.0,0.0
production,45736,9,S-S2,Arterial,663.8291381419549,75.0,383.91087350791605,57.83278428881192,351.89137349632324,53.009329250183335,-352.79640760803574,-151.40096953611553,72.21702870069748,7645.200000000001,0.8879675938675012,0.17857817041164675,2.2,1.0,1.0705,1.0,1.109,1.0319,1.0705,4.0,1.0
production,45736,10,S-S2,Arterial,248.0932639985645,30.0,21.700847379465756,8.747052229354892,16.870971432328908,6.800253727334783,21.676216431344592,-1.0336431726531998,2.15669562674384,8269.1,1.052843295360829,0.0,0.0,1.0,0.9884,1.0,1.0053,0.9715,0.9884,0.0,0.0
production,45736,11,S-S2,Arterial,338.4735134374312,45.0,153.07663312394965,45.22558695046806,252.73162335959063,74.66806509996225,27.991846681907575,150.4955551765595,55.34534063091496,8728.1,1.201119222457822,1.8918399045218999,1.2000000000000002,1.0,1.0065,1.0,0.8946,1.1184,1.0065,3.0,0.0
production,45736,12,S-S2,Arterial,198.4000418380012,30.0,47.164296261243706,23.772321731542064,121.0273456609817,61.001673457208085,-38.49119309407074,-27.25617170501625,34.400533313635606,8845.101,0.9090349871875534,0.0,0.0,1.0,0.85,1.0,0.6929,0.9204,0.85,1.0,0.0
production,45736,13,S-S2,Arterial,795.2399514488269,60.0,67.02402244813233,8.428150814860725,244.6473811808811,30.76397013695859,-66.85732254890345,-4.724193763980452,8.513135817146889,8935.1,0.8579284379206409,0.0,0.0,1.0,1.14,1.0,1.3712,0.9088,1.14,6.0,0.0
production,45736,14,S-S1,Urban,367.78349382229334,45.0,28.114033844603334,7.644180425940364,32.374254305382216,8.802530523848061,27.890506054459998,-3.53815927307292,0.5995814011145342,4207.0,1.1542391117372728,17.036794049734592,7.7,1.0,1.1578,1.0,1.263,1.0525,1.1578,2.0,0.0
production,45736,15,S-S1,Urban,519.1869216436147,60.0,99.40625321872439,19.146524897820864,109.83688079916911,21.15555616298139,98.5643083021037,-12.910472799746993,1.1893179006741548,4331.0,1.0986962421665987,0.0,0.0,1.0,1.1121,1.0,1.1866,1.0377,1.1121,3.0,1.0
production,45736,16,S-S1,Urban,613.1675124847341,75.0,34.97056048505446,5.703263753055592,76.97529067099616,12.553713154023729,-34.96486867782651,-0.630919155834837,4.153662873449008,4475.999000000001,1.043173563579039,8.016036926808068,1.0,1.0,1.25,1.0,1.5705,1.0457,1.25,5.0,1.0
production,45736,17,S-S1,Urban,459.6583331865379,45.0,37.45584235216307,8.148626849099848,13.880906840342554,3.0198314352563744,-3.825781706159404,-37.25994525823822,1.156601011284522,4673.0,1.0349530651197525,0.0,0.0,1.0,1.25,1.0,9.4434,1.0264,1.25,4.0,0.0
production,45736,18,S-S1,Urban,233.75096190398332,30.0,157.73399391784037,67.47950580953415,163.21858546570164,69.82584547940645,-105.61210971057079,-117.15841890259387,37.62208773379075,4769.999000000001,1.043933955813515,0.0,0.0,1.0,1.1401,1.0,1.0856,1.1946,1.1401,4.0,0.0
production,45736,19,S-S1,Urban,124.70434194091698,30.0,37.19310621514104,29.8250290537298,98.58648689323802,79.05617828443118,-24.206941802625437,-28.237406369832705,59.21480120007308,5123.999000000001,1.7921191030559338,0.0,0.0,1.0,1.25,1.0,9.0602,1.1458,1.25,1.0,0.0
production,45736,20,S-S3a,Mixed,225.05044832033616,30.0,68.70599501956171,30.529152699916327,68.14119487642841,30.27818668436351,-64.79070685017356,22.862153386829313,0.7462281072909036,45.0,0.7318974672554234,0.0,0.0,1.0,0.85,1.0,0.7883,,0.85,3.0,0.0
production,45736,21,S-S3a,Mixed,660.7244543186248,60.0,55.850031361860836,8.452847627602408,67.49149798509559,10.214772216157266,-55.814746657627005,-1.984958101762766,1.3973681951353,153.0,0.9536076846209439,0.0,0.0,1.0,1.0247,1.0,1.1021,0.9472,1.0247,2.0,0.0
production,45736,22,S-S3a,Mixed,195.4343382075998,30.0,45.04494025151732,23.048631404614476,45.169727531479445,23.11248266079934,44.51123471904764,-6.913510399834035,0.7920364227971959,387.0,1.2074941599624067,0.0,7.800000000000001,1.0,1.25,1.0,1.2405,1.2745,1.25,0.0,0.0
production,45736,23,S-S3a,Mixed,1229.654966317879,75.0,70.64349515716646,5.744985145605825,165.24587679735635,13.438393803440185,14.924982705452017,-69.04888340344513,4.937326544466998,849.0,0.8893528103951421,0.0,0.0,1.0,1.25,1.0,1.4094,1.3045,1.25,6.0,1.0
production,45736,24,S-S3a,Mixed,1716.616105021255,75.0,394.45594943057625,22.97869327199934,431.6107865007215,25.143116462569676,-393.3879719145373,-29.006888736032224,5.699830191647067,965.999,0.7726671273890346,0.0,0.0,1.0,1.25,1.0,1.5892,1.316,1.25,3.0,0.0
production,45736,25,S-S3a,Mixed,604.206085632241,30.0,93.5491789196132,15.482991837416431,148.07524549420543,24.507407160465718,-93.51972412134704,-2.3473552779549234,11.3321523030273,1074.0,0.8247749208147566,0.0,0.0,1.0,1.25,1.0,1.5767,1.4287,1.25,1.0,0.0
production,45736,26,S-S3a,Mixed,511.9479982345725,45.0,25.790101261348592,5.037640805371735,46.425965188909885,9.068492375984972,25.406534602071112,-4.431401875747401,1.1140467009076929,1272.0,1.0176949532904815,0.0,0.0,1.0,1.1433,1.0,0.991,1.2955,1.1433,2.0,0.0
production,45736,27,S-S3a,Mixed,207.11840865271077,45.0,23.619737456228894,11.403977854925335,93.6619835258415,45.22146734088267,-23.602944753400184,-0.8905034919195738,4.347953414356141,1779.999,1.091711217624503,0.0,4.5,1.0,0.8849,1.0,0.8065,0.9632,0.8849,5.0,1.0
production,45736,28,S-S3a,Mixed,200.05131627067323,60.0,6.608325790392544,3.303315326079311,47.49430556547973,23.74106126910909,-5.808248126193037,3.151860316787898,28.03732268365377,2093.9990000000003,1.1888725557858384,0.0,0.0,1.0,0.9028,1.007,0.81,0.9955,0.9091,3.0,2.0
production,45736,29,S-S3a,Mixed,249.7664044834033,45.0,3.4324245868544736,1.3742539129527143,28.39857814987852,11.370055235657434,-0.3843109372288906,-3.4108420731498774,3.4897347464578843,2265.0,0.9168868913503998,0.0,0.0,1.0,0.8789,1.035,0.8571,0.9007,0.9097,3.0,1.0
production,45736,30,S-S4,Arterial,585.7610505539918,75.0,135.7221025955121,23.170216330899944,80.9216854903903,13.81479451627203,-5.424082363595147,-135.6136735858875,1.7969290510061455,983.999,1.112182864509625,2.4571002116197818,0.9,1.0,1.0513,1.0,0.991,1.1116,1.0513,3.0,0.0
production,45736,31,S-S4,Arterial,505.6339728595723,75.0,122.05230234830941,24.13846950553034,122.25708874207659,24.17897042215369,19.665478027615215,-120.45760035161135,4.378730611374806,1781.999,1.1895562050810395,0.0,1.1,1.0,1.25,1.0,3.6665,0.9533,1.25,1.0,0.0
production,45736,32,S-S4,Arterial,234.92076653320157,30.0,16.031304333005995,6.824132480744429,25.011746728170884,10.646886223502914,-13.291830014063034,8.962699007258353,2.45929965531505,2754.0,0.8354579401520933,0.0,0.0,1.0,0.8985,1.0,0.8601,0.9369,0.8985,1.0,1.0
production,45736,33,S-S4,Arterial,370.044617244353,45.0,78.91551917981124,21.32594706213512,82.80135568482739,22.3760465160748,-78.76342200605274,4.897195249896079,75.98458798171322,3394.0,0.9168381819995701,0.7300675723095786,0.30000000000000004,1.0,0.85,1.0,0.7783,0.8973,0.85,3.0,1.0
production,45736,34,S-S4,Arterial,125.13336243153022,30.0,11.401751226032863,9.111679734708328,40.956183200074065,32.73002691227469,2.063059209565538,-11.213550629402299,8.195658737438634,4148.0,1.3127616229599217,0.0,0.0,1.0,0.85,1.0,0.8372,0.8054,0.85,1.0,0.0
production,45736,35,S-S4,Arterial,392.65608744074865,45.0,22.00348299615541,5.603754455857178,39.99501859357108,10.18576303101535,-21.823221138967376,-2.8107442220571386,23.932738622146644,4193.0,0.8738799210022593,0.0,0.0,1.0,0.8945,1.0,1.0133,0.7756,0.8945,4.0,1.0
production,45736,36,S-S4,Arterial,435.11592687334655,30.0,117.74893985598233,27.061509952554935,119.64400132636062,27.497040199401063,-117.58604005214018,6.191609004469605,0.5005863791348588,7115.0,0.7408999905998067,0.0,0.0,1.0,1.25,1.0,1.2967,1.6067,1.25,1.0,0.0
production,45736,37,S-S4,Arterial,494.64730174739884,60.0,86.24318202885705,17.435288077826975,203.70198789129634,41.18125928751567,82.4804615484878,-25.196426516690785,0.6161976240396143,8038.999000000001,1.2824539814731186,0.0,0.0,1.0,1.2094,1.0,1.034,1.3847,1.2094,4.0,0.0
production,45736,38,S-S4,Arterial,1087.475292240806,60.0,313.4240931291776,28.821261077421727,299.9152389434737,27.579039366078923,-243.37104880438218,-197.4973284824442,16.602369564824414,9170.800000000001,0.7783660425169124,0.0,0.0,1.0,1.25,1.0,1.7823,1.1527,1.25,2.0,0.0
production,12345,1,S-M,Highway,783.698075254369,60.0,79.86760683055425,10.191119431374283,151.8874018993267,19.380856824233977,-78.98486224602746,-11.841712579524216,0.7135112853016778,8807.866,0.8873026912855859,0.0,0.0,1.0,0.9487,1.0,0.9223,0.975,0.9487,4.0,0.0
production,12345,2,S-M,Highway,543.8158974898474,45.0,17.471587024523078,3.2127760709403055,105.94803272982841,19.482334595009952,-16.236360435647764,-6.452670219313485,6.788876446269342,9032.865,0.8933804646642652,0.0,0.0,1.0,0.9701,1.0,1.0322,0.908,0.9701,1.0,0.0
production,12345,3,S-M,Highway,1253.6196653158977,75.0,279.9087745338969,22.328045920001035,367.10911858410986,29.2839310630631,-199.4695899819881,196.36905238220584,1.058072245280016,9149.867,0.9513124202288976,0.0,0.0,1.0,1.1877,1.0,1.2818,1.0935,1.1877,2.0,0.0
production,12345,4,S-M,Highway,312.2247443755553,30.0,9.12447838666263,2.9224071925854074,20.027244865234408,6.414368247874968,9.102695076149258,0.6301175916617083,4.031623706048606,9770.865,0.9933527380623639,0.0,0.0,1.0,0.8654,1.0,0.8783,0.8525,0.8654,0.0,0.0
production,12345,5,S-M,Highway,514.9010912767462,60.0,103.91794226751038,20.182117309139112,156.86023870475884,30.464149593431422,103.88897946029111,-2.4532981500080737,1.0263111860182903,9847.866,1.2369924244431731,0.0,0.0,1.0,1.35,1.0,2.0888,0.814,1.35,4.0,1.0
production,12345,6,S-M,Highway,548.9507548567317,30.0,240.24185968768185,43.763827185260276,249.43603906869157,45.43869133284839,-65.76753657964622,231.06445481389107,29.107592559660134,10017.965,0.912964909920894,0.0,0.0,1.0,1.2124,1.0,1.4372,0.9876,1.2124,1.0,0.0
production,12345,7,S-M,Highway,1215.9447032075054,75.0,498.1875555227696,40.97123448201345,402.5158836097782,33.10314050860974,-421.7435083301719,-265.18531946378727,22.4408101080042,10276.866,0.8542262280601974,32.139060561847224,2.3000000000000003,1.0,1.0634,1.0,1.133,0.9939,1.0634,4.0,0.0
production,12345,8,S-M,Highway,54.67298308472394,45.0,7.843735540564829,14.346639049143873,7.843735540564829,14.346639049143873,4.153889794513542,6.6535243897769,8.914633300911248,10543.866,1.147505361296692,0.14150901477965339,22.900000000000002,1.0,1.0942,1.0,1.2325,0.9559,1.0942,2.0,0.0
production,12345,9,S-S2,Arterial,113.8174453501425,30.0,42.25867469932283,37.12846881189459,121.39712658878868,106.6595074378347,23.349265131305426,35.222257241284126,56.798300260741996,7798.099,1.2291210356360214,0.0,0.9,1.0,1.052,1.0,0.8794,1.2246,1.052,1.0,0.0
production,12345,10,S-S2,Arterial,151.77327215354785,30.0,14.35122655878682,9.45570083266558,49.714944520002334,32.75606028293711,-9.222927164931974,10.995240709142664,41.636160559420745,7881.1,0.8563264045641861,0.0,0.0,1.0,0.85,1.0,0.4889,1.1074,0.85,2.0,0.0
production,12345,11,S-S2,Arterial,447.2158137852094,60.0,113.19214749123354,25.310408085345102,210.7872992453905,47.13323919860944,33.953665272154865,-107.9796780337098,31.168809636251694,8134.1990000000005,1.2588945892877155,0.0,0.0,1.0,1.25,1.0,4.9318,1.147,1.25,2.0,1.0
production,12345,12,S-S2,Arterial,405.3951175276845,45.0,24.91024879859996,6.144683969189352,167.9489254282147,41.42845292574236,-24.90597336989455,0.46150374457233073,87.94261269363176,8260.1,0.9354615823517715,0.0,0.0,1.0,0.9118,1.0,0.8591,0.9644,0.9118,2.0,0.0
production,12345,13,S-S2,Arterial,564.670244756734,45.0,7.336365706544322,1.299230085995572,276.4855539902048,48.96407355576488,7.187315595756152,-1.4713110844277528,17.674395140268302,8530.2,1.038252402484647,0.0,0.0,1.0,1.1588,1.0199,1.3507,0.967,1.1819,0.0,0.0
production,12345,14,S-S2,Arterial,1343.456906371082,75.0,505.1240447303479,37.59882749754725,582.9772445744534,43.39381797881255,-505.0450630491205,8.932236811486717,16.508294540236875,9061.2,0.6368045617537262,0.0,0.0,1.0,1.25,1.0,2.2028,1.5986,1.25,3.0,0.0
production,12345,15,S-S1,Urban,498.7707254824574,60.0,53.67761593295008,10.761982047167685,78.48113246685449,15.734911544966925,-53.626161967013886,2.349724437649998,11.042807579326848,4180.0,0.9530049239755874,17.887518183752142,5.2,1.0,0.9982,1.0,0.9481,1.0483,0.9982,3.0,0.0
production,12345,16,S-S1,Urban,121.0194791617665,30.0,13.856408014295576,11.449733638147412,15.761983119176124,13.024335609730326,-13.85630204029242,0.054192497846480336,28.541549737948742,4393.999000000001,0.880969723757374,0.0,6.7,1.0,1.0463,1.0,1.0353,1.0573,1.0463,2.0,0.0
production,12345,17,S-S1,Urban,191.77579845013074,45.0,4.727415059256914,2.46507385053919,27.962853843786167,14.581012864904125,-4.533797096348245,-1.3390806665893114,1.2023219460158998,4592.999000000001,0.8944869573065234,0.0,22.5,1.0,1.04,1.0,1.0269,1.053,1.04,0.0,0.0
production,12345,18,S-S1,Urban,105.77425225241359,45.0,10.761029596260897,10.173581346225351,18.04761753429984,17.06239198102015,-9.880357131143196,-4.263601873143262,1.0670154037021575,4788.0,1.1499068587125951,17.83153464243294,29.400000000000002,1.0,1.0597,1.0,1.016,1.1033,1.0597,2.0,0.0
production,12345,19,S-S1,Urban,180.13164778791392,30.0,310.847975635993,172.56710825295053,298.8130200522939,165.88590829087113,-126.88345689089694,-283.7728886352796,131.14799270989135,4865.999000000001,0.9518654018532064,1.4539566680938631,0.7000000000000001,1.0,1.25,1.0,5.3202,1.1034,1.25,2.0,0.0
production,12345,20,S-S1,Urban,555.0088184825844,75.0,24.04203726142364,4.331829776534993,76.65199270658464,13.81095041267167,23.522974659583454,-4.9688246944601975,8.32156410531448,4982.0,0.9949867697697052,0.0,26.5,1.0,1.1974,1.0,1.2204,1.1745,1.1974,2.0,0.0
production,12345,21,S-S3a,Mixed,1769.1501173916868,75.0,417.9264185276036,23.62300487783171,482.13081746914776,27.252114601782253,-417.92548913824197,-0.8813806617228863,24.669407187693764,957.0000000000001,0.7542373393171105,0.0,0.0,1.0,1.25,1.0,1.3724,1.316,1.25,5.0,0.0
production,12345,22,S-S3a,Mixed,1231.7818929957293,75.0,76.16322389141861,6.183174499033059,91.66079625590842,7.441317068964759,-76.13221399038142,-2.1731696797837827,0.6712586550939648,1146.0,0.9342827210877677,0.0,0.0,1.0,1.25,1.0,1.4157,1.479,1.25,3.0,0.0
production,12345,23,S-S3a,Mixed,138.51106062656623,60.0,53.14481036604143,38.36864011122035,48.542888099923175,35.04621788349277,52.519718243834305,-8.127119073248739,4.638402619134524,1307.999,1.4316343652427908,19.105360116619277,38.0,1.0,1.1709,1.0116,1.0831,1.2586,1.1844,2.0,0.0
production,12345,24,S-S3a,Mixed,488.7073372724425,45.0,94.57124287135555,19.35130407478093,86.32193123273758,17.663318032938637,94.4437134278839,-4.909681474867604,1.3395634269450056,1572.999,1.1801022380686086,0.0,0.0,1.0,1.2174,1.0,1.2119,1.2228,1.2174,1.0,0.0
production,12345,25,S-S3a,Mixed,238.0199395775557,30.0,1.8538736675309542,0.7788732619717742,7.164644004726952,3.010102438242342,-1.721548183356148,0.6878367739135631,64.28866196347343,1734.999,1.0583989434804872,0.0,0.0,1.0,0.9195,0.9936,0.819,1.02,0.9136,2.0,1.0
production,12345,26,S-S3a,Mixed,207.11840865271077,45.0,23.619737456228894,11.403977854925335,93.6619835258415,45.22146734088267,-23.602944753400184,-0.8905034919195738,4.347953414356141,1779.999,1.091711217624503,0.0,4.5,1.0,0.8849,1.0,0.8065,0.9632,0.8849,5.0,1.0
production,12345,27,S-S3a,Mixed,257.0707501113978,60.0,10.620191566758603,4.131232962970895,76.3431508550367,29.697330723917258,-10.336931098364914,2.4364573425994727,65.5790219163837,1904.999,1.072138036036002,0.12485797536440067,3.1,1.0,0.9342,1.0,0.9652,0.9032,0.9342,7.0,1.0
production,12345,28,S-S3a,Mixed,98.90739891707942,30.0,11.895869378080032,12.027279564851485,16.640544091713636,16.824367311149796,-9.984455284352844,6.467021024791926,73.83376755625645,2291.9990000000003,0.8467383648965169,0.0,0.0,1.0,0.8994,1.0,0.8525,0.9464,0.8994,1.0,1.0
production,12345,29,S-S3a,Mixed,294.92856772094046,30.0,387.67596192943915,131.4474094270365,300.66795300819683,101.94602555174883,-298.0620840866322,-247.8944240757532,133.38362614160292,2363.9990000000003,0.8148409457006852,0.0,0.0,1.0,0.8875,1.0,0.7896,0.9855,0.8875,3.0,0.0
production,12345,30,S-S4,Arterial,458.8808663714479,75.0,14.055272699020968,3.062945903620161,40.31447399156269,8.785390053489296,13.875868493533002,-2.238518303258279,3.4832957625893073,1727.999,0.9602511639407711,0.0,0.6000000000000001,1.0,1.0653,1.0,1.0352,1.0953,1.0653,3.0,0.0
production,12345,31,S-S4,Arterial,232.91056931938414,30.0,15.178568048976382,6.516908225045988,147.43923361561207,63.30293813907283,-15.173289163469228,-0.4002798760293329,38.79740760336921,2790.0,1.0609885392167049,0.0,0.0,1.0,1.0102,1.0,1.0461,0.9743,1.0102,3.0,1.0
production,12345,32,S-S4,Arterial,291.3009575322234,45.0,3.8220179357816915,1.3120512778811941,17.28556118610122,5.933918423247583,3.7934332911144706,-0.4665672162736894,5.9389393220666875,4613.999000000001,0.9071096672324399,0.0,0.0,1.0,0.9818,1.0,1.0333,0.9303,0.9818,2.0,0.0
production,12345,33,S-S4,Arterial,211.5995001088083,30.0,69.1182978864605,32.66467919391049,67.22613948616191,31.770462336438893,-68.85576121777899,6.018575399685133,43.06352699114663,4906.999000000001,0.6636360053425935,0.0,0.0,1.0,0.85,1.0,0.7275,0.8998,0.85,3.0,1.0
production,12345,34,S-S4,Arterial,674.9360141089741,75.0,146.08262977538877,21.643922789961316,147.9457369713592,21.919964837951607,-105.58664644109444,-100.95342894333318,4.577028394752574,4970.0,0.7882324378061467,0.0,0.0,1.0,0.85,1.0,0.7219,0.9489,0.85,4.0,1.0
production,12345,35,S-S4,Arterial,183.4425225563541,60.0,15.817705965721576,8.622704128407484,29.636373080263787,16.155672451113073,-15.111554975570558,-4.673406491878561,14.648136490091616,5222.0,0.5918700840320841,0.0,2.0,1.0,1.0913,1.0,1.1499,1.0326,1.0913,1.0,0.0
production,12345,36,S-S4,Arterial,1115.3688392277472,45.0,754.1035123701114,67.61023670808602,526.4880574955182,47.20304521507388,-738.9694940427603,-150.3203054917255,9.399770318536213,6710.0,0.6394506124316153,0.0,0.0,1.0,1.25,1.0,1.4086,1.8031,1.25,0.0,0.0
production,12345,37,S-S4,Arterial,343.6883113248635,30.0,10.343919903264204,3.009680446620383,32.41378708018082,9.431157828798673,-10.243884364548098,-1.4351000281904835,0.2868035543797305,7087.999000000001,0.9655853052985276,0.0,0.0,1.0,1.25,1.0,1.1908,1.7833,1.25,3.0,0.0
production,12345,38,S-S4,Arterial,716.5876912876818,60.0,50.34075588746927,7.025065668796065,67.11925610768418,9.36650976896817,50.31035226301358,-1.7493308701493246,2.767230177295886,7606.000000000001,1.0270777840862697,0.0,0.0,1.0,1.25,1.0,1.3466,1.2048,1.25,1.0,0.0
production,12345,39,S-S4,Arterial,403.4263825753887,45.0,96.89126889966727,24.01708789621886,207.7172853087412,51.48827500638852,96.87145346711851,1.959462210791994,10.705386780967984,8011.999000000001,1.3048773507741247,0.0,0.0,1.0,1.2322,1.0,1.0512,1.4132,1.2322,3.0,0.0
production,987654,1,S-M,Highway,427.08928122812824,60.0,94.47299576409438,22.120198262159608,104.91227813502198,24.564483995790905,-94.40655373215766,-3.5425331416687005,2.912398698030387,8726.866,0.7928748711225367,0.0,0.0,1.0,0.8987,1.0,0.9602,0.8373,0.8987,1.0,0.0
production,987654,2,S-M,Highway,818.6155364482948,75.0,71.02679389816424,8.67645319881495,216.17714147171415,26.407651925302577,70.81313899859319,-5.504979256838276,2.0760037529175293,8906.865,1.0572652750319678,0.0,0.0,1.0,0.9476,1.0,0.8765,1.0187,0.9476,6.0,0.0
production,987654,3,S-M,Highway,423.20936379262923,30.0,76.35035505245317,18.040800035290456,83.57387582442816,19.747643359181204,76.29020659587343,-3.030032045146161,11.05112559179932,9365.866,1.161400825975741,0.0,0.0,1.0,1.2361,1.0,1.1239,1.3484,1.2361,3.0,0.0
production,987654,4,S-M,Highway,385.85668169977976,60.0,80.03609843758383,20.742442008521923,122.83067494400977,31.833237771836643,31.140920596306998,73.72937079295545,9.936374484182352,9698.866,1.2620742721181952,1.0426679091317856,1.7000000000000002,1.0,0.9591,1.0,0.9401,0.9781,0.9591,2.0,0.0
production,987654,5,S-M,Highway,127.49065222729283,45.0,28.36749896076966,22.250650118406742,30.901706212774343,24.238409383679503,-28.364028077069584,0.4437437689431576,0.30824035515945525,9797.965,0.8436376198860525,0.04127545585240478,11.8,1.0,0.85,1.0,0.8092,0.8307,0.85,0.0,0.0
production,987654,6,S-M,Highway,498.83433485424433,45.0,45.356844568478024,9.092566689847233,159.46968787073843,31.968466628772514,45.34483776417777,-1.0435695230657736,0.4594856846894402,9865.865,1.0466303696001245,0.0,0.0,1.0,1.1141,1.0,1.4,0.8282,1.1141,3.0,0.0
production,987654,7,S-M,Highway,427.1267600882112,30.0,8.038980861284509,1.8821065811058715,30.311451182905746,7.096593801953724,-6.610843999058085,-4.574052350839063,18.858703371188057,9999.866,0.9890984456271114,0.0,0.0,1.0,1.35,1.0,7.8068,0.9924,1.35,0.0,0.0
production,987654,8,S-M,Highway,485.52801697754387,75.0,124.80047885118724,25.704073603843003,264.50551857376416,54.47791050665523,124.72115183320001,-4.449023138342156,72.5761394420995,10152.865,1.2422579135804421,0.5476432357019271,15.4,1.0,1.1635,1.0,1.0051,1.3219,1.1635,2.0,0.0
production,987654,9,S-S2,Arterial,263.72929562995785,60.0,48.35092723740826,18.33354429659195,49.767146509952624,18.870541625296564,-47.831445086342754,7.068594320607573,65.54458493871162,7618.101000000001,1.1033644772606446,0.0,0.0,1.0,1.0118,1.0,0.975,1.0486,1.0118,2.0,0.0
production,987654,10,S-S2,Arterial,113.8174453501425,30.0,42.25867469932283,37.12846881189459,121.39712658878868,106.6595074378347,23.349265131305426,35.222257241284126,56.798300260741996,7798.099,1.2291210356360214,0.0,0.9,1.0,1.052,1.0,0.8794,1.2246,1.052,1.0,0.0
production,987654,11,S-S2,Arterial,280.8252391519308,30.0,85.57323981758068,30.47206158392488,47.37892929820398,16.871321623827136,85.47669341049013,-4.063773675569371,0.010559788953116822,8033.1,1.1884516866506905,9.465519491944594,5.2,1.0,1.2444,1.0,1.4845,1.0043,1.2444,0.0,0.0
production,987654,12,S-S2,Arterial,347.2174278735249,45.0,265.13565893765195,76.36012413358137,185.22692695867855,53.346091552221296,-261.1244309163008,-45.945067405989704,75.65859976635448,8206.2,1.2370591034162117,0.0,0.0,1.0,1.0605,1.0,1.1062,1.0149,1.0605,0.0,0.0
production,987654,13,S-S2,Arterial,566.2036149193818,75.0,33.72786184066605,5.956843254253745,106.87492560390841,18.875705274175203,-10.347019080580939,32.10152427049456,33.39309120412372,8386.201000000001,0.9011917075044613,5.013260401134795,5.9,1.0,0.8931,1.0,0.9263,0.8599,0.8931,0.0,0.0
production,987654,14,S-S2,Arterial,265.2414706002461,45.0,17.149537266026602,6.465631949339182,145.35379434862764,54.8005536312589,-16.71477234385448,-3.8370579787061567,12.84047242395576,8854.1,0.862920837800156,4.209585648209944,1.5,1.0,0.8821,1.0,0.8898,0.8744,0.8821,3.0,0.0
production,987654,15,S-S1,Urban,242.83061682813025,60.0,35.1915323691348,14.492213885056564,43.04662493178195,17.72701708460813,34.997542025493146,-3.6899868105053617,0.15119988639344228,4216.0,1.2531315710359197,16.812488399767656,31.6,1.0,1.1435,0.9803,1.2345,1.0525,1.121,2.0,0.0
production,987654,16,S-S1,Urban,254.781794447736,30.0,14.508959220979078,5.694660896956409,11.808651754533805,4.634809869414019,14.508942880701284,0.02177522861697212,1.1893179006741548,4331.0,0.9543568361289813,0.0,0.0,1.0,1.1121,1.0,1.1866,1.0377,1.1121,2.0,1.0
production,987654,17,S-S1,Urban,191.77579845013074,45.0,4.727415059256914,2.46507385053919,27.962853843786167,14.581012864904125,-4.533797096348245,-1.3390806665893114,1.2023219460158998,4592.999000000001,0.8944869573065234,0.0,22.5,1.0,1.04,1.0,1.0269,1.053,1.04,0.0,0.0
production,987654,18,S-S1,Urban,105.77425225241359,30.0,10.761029596260897,10.173581346225351,18.04761753429984,17.06239198102015,-9.880357131143196,-4.263601873143262,1.0670154037021575,4788.0,1.1164158008646248,14.395808869363542,14.4,1.0,1.0597,1.0,1.016,1.1033,1.0597,2.0,0.0
production,987654,19,S-S1,Urban,284.2776100888617,45.0,29.007799692442333,10.204039524384227,22.966068812344574,8.07874697031738,28.312856691010182,-6.311464884729814,5.251809142715786,4999.900000000001,1.0284054337138369,0.0,18.2,1.0,1.1841,1.0,1.1741,1.1942,1.1841,2.0,0.0
production,987654,20,S-S1,Urban,155.02425348000529,75.0,54.05903130696083,34.871337931605176,51.80640505799294,33.418258043522734,30.69355675258537,-44.50038696149498,4.146428539343134,5065.999000000001,0.9546834976341131,0.0,30.700000000000003,1.0,1.0224,1.0,0.8963,1.1485,1.0224,1.0,0.0
production,987654,21,S-S3a,Mixed,666.7759832065091,60.0,102.69089782992941,15.401109280524988,100.99757724834305,15.147152835746756,-101.49089932351585,-15.653046081225632,5.535199963192639,143.999,0.8632969051239836,0.0,0.0,1.0,1.0082,1.0,1.0954,0.921,1.0082,3.0,0.0
production,987654,22,S-S3a,Mixed,343.4174747817301,60.0,3.7758673818719712,1.0994977422951013,109.76639207781504,31.962960576651074,2.614039339290774,-2.724696830497835,13.053557597505318,519.0,1.0250290286227406,0.0,17.1,1.0,1.1738,1.0,1.178,1.1695,1.1738,3.0,0.0
production,987654,23,S-S3a,Mixed,389.703307789954,30.0,8.215124491319616,2.10804587159098,14.892396579892218,3.8214704063838902,-5.531533654481138,6.073747264845807,0.3911795433214138,758.999,0.9662820723847746,0.0,0.0,1.0,1.25,1.0,1.2712,1.465,1.25,1.0,0.0
production,987654,24,S-S3a,Mixed,338.24202909803245,30.0,70.56532282587455,20.862375682302524,77.89829091041847,23.030340468966752,70.56260516364205,-0.6193044807261359,9.849799379606736,1253.999,1.171749347852403,0.0,0.0,1.0,1.25,1.0,1.1503,1.3784,1.25,0.0,0.0
production,987654,25,S-S3a,Mixed,391.5396147133529,45.0,50.34417454639126,12.858002780446201,47.888633166804624,12.230852605262948,49.87533167773245,-6.854721058780438,4.698595477617744,1653.999,1.1044465788602889,0.0,0.0,1.0,1.0509,1.0159,1.032,1.0698,1.0676,1.0,0.0
production,987654,26,S-S3a,Mixed,213.90171974270731,30.0,22.46258563357546,10.501358128674555,49.807528541246555,23.285239876125246,13.079369085051063,-18.26192371254248,10.232797090645533,1762.0,1.1234722248795992,0.0,0.0,1.0,0.9018,1.0,0.83,0.9736,0.9018,2.0,1.0
production,987654,27,S-S3a,Mixed,649.9862446243249,75.0,124.86127658023072,19.2098336869263,296.30092137422974,45.58572182484938,66.9915105661081,-105.36828698102623,56.67254343212883,1832.999,1.2546100052096159,0.0,0.0,1.0,1.2481,1.0,1.593,0.9033,1.2481,3.0,0.0
production,987654,28,S-S3a,Mixed,117.86811273614683,45.0,3.644163381400092,3.0917296432477195,69.48760641438855,58.9536939222398,-2.0603623166545963,3.0058000389991113,84.62557826847282,2111.9990000000003,1.4235553741652125,0.0,0.0,1.0,1.0242,1.0,1.0459,1.0025,1.0242,3.0,1.0
production,987654,29,S-S3a,Mixed,744.0517077882085,75.0,58.66995169022769,7.885198175894499,46.97370883063964,6.313231773941512,28.231351270770347,51.4310610114163,9.14710049209404,2372.9990000000003,1.0694742518349947,0.0,0.0,1.0,0.9715,1.0,0.9348,1.0082,0.9715,5.0,0.0
production,987654,30,S-S4,Arterial,746.4163097109229,60.0,832.5683894056407,111.5420950177366,861.6256693375663,115.43500029779126,-279.96211630944083,-784.0863067730756,72.51130839398098,1547.999,0.9603222994260713,0.0,0.0,1.0,1.25,1.0,1.3612,,1.25,5.0,0.0
production,987654,31,S-S4,Arterial,897.9297776571389,75.0,134.12194904187373,14.936797105874152,201.21273376899694,22.408515540491077,-134.1208443061448,0.5443688068258403,3.8095273451538674,2243.0,0.8285522655617329,0.0,0.0,1.0,0.9108,1.0,0.9097,0.9119,0.9108,1.0,0.0
production,987654,32,S-S4,Arterial,201.7132984681376,30.0,9.445246052844997,4.682510337481273,18.406057570601963,9.124860735698775,-8.689193975470008,3.702780179195048,69.56606431348575,2745.0,0.8318350849082384,0.0,0.0,1.0,0.8797,1.0,0.8197,0.9397,0.8797,1.0,1.0
production,987654,33,S-S4,Arterial,909.1128397279243,45.0,257.1187387052587,28.28237898193234,252.71800099903083,27.7983095117943,-255.78154968660817,-26.188635575383984,14.440106563737373,6682.999000000001,0.7183903843923831,0.0,0.0,1.0,1.25,1.0,2.3961,1.6851,1.25,0.0,0.0
production,987654,34,S-S4,Arterial,579.2657750776938,45.0,31.679111959250083,5.468838885743101,282.0705334774754,48.694493203856695,31.651237057755644,-1.3286561784214523,26.103040148994324,7588.000000000001,1.0638168173494977,0.0,0.0,1.0,1.1714,1.0,1.115,1.2277,1.1714,4.0,0.0
production,987654,35,S-S4,Arterial,750.5722351617737,45.0,68.93133805307565,9.183837987055119,136.89766866029277,18.23910641069566,-66.90478444954111,-16.591539517110398,0.21995526513290997,7678.000000000001,0.8845614268263622,0.0,0.0,1.0,1.25,1.0,1.5322,1.163,1.25,1.0,0.0
production,987654,36,S-S4,Arterial,709.3914725673854,60.0,144.61093937478682,20.38520971381569,188.8252127217161,26.617914088864314,-144.59377465506597,-2.2280300398056596,13.805962493151355,7876.999000000001,0.8524730710806895,0.0,0.0,1.0,1.1356,1.0,1.2141,1.0571,1.1356,3.0,0.0
production,987654,37,S-S4,Arterial,448.2073809849286,30.0,53.91582150370096,12.029213214923368,58.97669810179719,13.158350487713264,-53.864759457803935,-2.345953318347302,0.48663319836725805,8357.0,0.8798584293938511,0.0,0.0,1.0,1.25,1.0,1.2463,1.5412,1.25,1.0,0.0
production,987654,38,S-S4,Arterial,265.2023800060632,30.0,49.30824151476525,18.59268439206237,75.34063470391739,28.408732494103145,-49.2813810914989,1.6273165005227455,7.2420945973894675,8671.999,0.8394826254206641,0.0,0.0,1.0,1.0849,1.0,1.1422,1.0277,1.0849,2.0,1.0
production,987654,39,S-S4,Arterial,934.3708203197764,75.0,1221.3695555649658,130.71572110385122,1230.7697221922106,131.72176350402248,-1203.789298816749,206.4822397089929,94.44093541382023,9098.900000000001,0.7139560253904821,0.0,0.0,1.0,1.0887,1.0,1.2161,0.9612,1.0887,2.0,0.0
production,314159,1,S-M,Highway,251.82914529169057,30.0,53.70115135977954,21.324438558363912,63.30493475554893,25.138049323966694,53.30078566698668,-6.545219984683438,0.2217939346775495,8780.866,1.1672547818601329,0.0,0.0,1.0,1.0679,1.0224,1.2133,0.9225,1.0919,1.0,0.0
production,314159,2,S-M,Highway,448.95398291648814,45.0,41.82008878814175,9.315005630748772,63.81859763023608,14.214952992656096,41.819984254569704,-0.09350505655695596,1.3753036466900994,8879.866,1.0646519485513095,0.0,0.0,1.0,0.9761,1.0,0.9237,1.0286,0.9761,2.0,0.0
production,314159,3,S-M,Highway,1174.598854097475,75.0,109.76854409892658,9.34519420958139,356.6972647024674,30.367581532892135,109.7556307714321,-1.6836827382425454,12.52860257573937,9410.865,1.065116509814139,0.0,0.0,1.0,1.2348,1.0,1.2027,1.267,1.2348,7.0,0.0
production,314159,4,S-M,Highway,954.223430562703,75.0,64.14771321769108,6.7225045165641495,309.5519271251402,32.44019348200224,64.11475101098858,-2.0561648421464795,5.594389327426001,9545.865,1.0382608256412675,0.0,0.0,1.0,1.0696,1.0,1.0027,1.1365,1.0696,4.0,0.0
production,314159,5,S-M,Highway,454.7242394214451,60.0,7.187712109194446,1.580674942320981,46.51178536855627,10.228569611273453,-6.408298810077036,-3.2552898066724745,0.9027755040742989,9662.865,0.9987711817020436,0.0,0.0,1.0,0.9195,1.0,0.8018,1.0371,0.9195,4.0,0.0
production,314159,6,S-M,Highway,285.0293085231636,30.0,21.733119216024704,7.624871746920197,52.186868500572885,18.30929905804118,21.282785713942843,-4.401306977743381,5.242982049884773,9910.865,1.0741229699973036,0.0,0.0,1.0,0.9615,0.9916,1.0504,0.8727,0.9535,1.0,0.0
production,314159,7,S-M,Highway,944.5454113194985,60.0,44.69090790601989,4.731472660863195,133.40409425541924,14.12362948956135,-44.507278701972,-4.047146156162439,2.391662757366504,10026.865,0.9131421235068231,0.0,0.0,1.0,1.1979,1.0,1.3861,1.0097,1.1979,2.0,0.0
production,314159,8,S-M,Highway,54.67298308472394,45.0,7.843735540564829,14.346639049143873,7.843735540564829,14.346639049143873,4.153889794513542,6.6535243897769,8.914633300911248,10543.866,1.147505361296692,0.14150901477965339,22.900000000000002,1.0,1.0942,1.0,1.2325,0.9559,1.0942,2.0,0.0
production,314159,9,S-S2,Arterial,498.960672253589,75.0,78.38180911763682,15.709015454789288,95.61982428985947,19.163799795680525,57.55114079809073,53.21253793413722,18.03270590136239,7573.200000000001,1.2612323266965046,0.0,0.0,1.0,1.25,1.0,1.6342,0.9697,1.25,1.0,0.0
production,314159,10,S-S2,Arterial,632.0199215559988,60.0,101.1265864843797,16.00053780510771,134.43036885806737,21.269957523982324,-49.85124066237709,87.98545503891249,5.17499693558932,7970.1990000000005,0.7391896955323906,0.0,0.0,1.0,0.8937,1.0,0.9988,0.7887,0.8937,2.0,0.0
production,314159,11,S-S2,Arterial,280.67219450907874,45.0,92.04604214140099,32.794856042793235,112.03259940693032,39.915816956106234,76.27364749775141,-51.524795693775715,27.74486960840568,8359.2,1.0099284209254622,0.0,0.0,1.0,0.9137,1.0,0.9302,0.8973,0.9137,0.0,0.0
production,314159,12,S-S2,Arterial,391.759845436425,30.0,64.67977399674591,16.51005705413527,125.9511346758812,32.15008790285033,-25.250518507519637,59.54732974174021,30.6412774407855,8647.1,0.8181197412052854,0.0,0.0,1.0,1.0359,1.0,0.9764,1.0954,1.0359,1.0,0.0
production,314159,13,S-S2,Arterial,198.4000418380012,30.0,47.164296261243706,23.772321731542064,121.0273456609817,61.001673457208085,-38.49119309407074,-27.25617170501625,34.400533313635606,8845.101,0.9090349871875534,0.0,0.0,1.0,0.85,1.0,0.6929,0.9204,0.85,1.0,0.0
production,314159,14,S-S2,Arterial,328.3427892753167,45.0,195.24321698854956,59.46322665390936,69.99414435547119,21.31739957193969,-160.29444634469664,-111.47019445163365,15.096850247245243,9312.1,0.9594537884795299,0.0,0.0,1.0,1.25,1.0,2.2288,1.7101,1.25,4.0,0.0
production,314159,15,S-S1,Urban,350.4209584234263,30.0,7.515457083234075,2.1446939466882218,25.468099770721555,7.267858602209383,7.234762610891532,-2.0347739761406354,0.5995814011145342,4207.0,1.0863623023624067,0.0,0.0,1.0,1.1578,1.0,1.263,1.0525,1.1578,2.0,0.0
production,314159,16,S-S1,Urban,375.2656671401586,60.0,40.05159944890708,10.672865374051964,81.64059494885389,21.755412790896695,-39.2091775796579,8.171353128004386,4.608341220461028,4375.999000000001,0.9487697394826093,0.0,6.7,1.0,1.0175,1.0,0.8971,1.1379,1.0175,4.0,1.0
production,314159,17,S-S1,Urban,301.4854626724725,45.0,13.078342906585991,4.337968003715664,40.44190586017067,13.41421423828515,-12.824089965806404,-2.566275458938815,46.18205314642037,4457.999000000001,0.975002397232589,0.0,0.0,1.0,1.1492,1.0,1.2636,1.0348,1.1492,3.0,1.0
production,314159,18,S-S1,Urban,110.71098871230231,30.0,46.14870147191257,41.683939425232936,101.26614152700616,91.46891623392519,-35.04037930463092,-30.03122484567185,42.35796979065691,4557.0,1.3621901414962956,0.0,0.0,1.0,1.0926,1.0,1.1117,1.0735,1.0926,0.0,0.0
production,314159,19,S-S1,Urban,329.19584120109806,75.0,56.17907201405447,17.065547307365886,36.71470258407784,11.15284520306248,56.04923783981683,3.8172070858106473,0.27833005940135536,4700.0,1.1203358224527467,5.1879244899562025,9.1,1.0,1.1381,1.0,1.2356,1.0406,1.1381,4.0,1.0
production,314159,20,S-S1,Urban,133.1744210584332,45.0,49.67332025815784,37.299445241336976,117.01027806249105,87.86242668263617,-17.027655274404424,-46.66366575104833,59.21480120007308,5123.999000000001,1.780059604148471,0.0,6.6000000000000005,1.0,1.25,1.0,9.0602,1.1458,1.25,3.0,0.0
production,314159,21,S-S3a,Mixed,235.67019116312846,30.0,4.2084845459554625,1.785751742799917,127.099992663998,53.93129781781384,-4.1160221213131525,-0.8773278009995638,31.112676739696184,98.99900000000001,1.1529723123002464,0.0,0.0,1.0,1.25,0.9861,1.7555,0.8805,1.2326,2.0,1.0
production,314159,22,S-S3a,Mixed,254.06524017411385,30.0,31.582740096269614,12.430956739546739,37.61496521488758,14.805238681651064,31.555313280555424,-1.3159315158924043,0.08071947067790575,189.0,1.082796108788252,0.26845635302779425,5.7,1.0,1.0578,1.0331,1.068,1.0477,1.0929,2.0,0.0
production,314159,23,S-S3a,Mixed,475.09849544200557,45.0,9.707843035512148,2.043332725455277,107.66266264756037,22.661124731072224,0.5881957525305346,-9.690007335335034,12.02339669126306,254.99900000000002,1.0099379556668926,0.0,8.3,1.0,1.163,1.0,1.2387,1.0874,1.163,0.0,0.0
production,314159,24,S-S3a,Mixed,333.3256230673337,45.0,39.43119461759869,11.829632014108126,26.05250141139689,7.815931212145108,39.3691300229652,-2.211495016002649,1.7257989617693568,378.0,1.0434784448388557,0.0,7.800000000000001,1.0,1.1898,1.0,1.1828,1.1968,1.1898,0.0,0.0
production,314159,25,S-S3a,Mixed,343.4174747817301,75.0,3.7758673818719712,1.0994977422951013,109.76639207781504,31.962960576651074,2.614039339290774,-2.724696830497835,13.053557597505318,519.0,1.0242385524284223,0.0,31.700000000000003,1.0,1.1738,1.0,1.178,1.1695,1.1738,3.0,0.0
production,314159,26,S-S3a,Mixed,760.9367917587459,60.0,157.86145527154395,20.745672568503394,172.21095694128041,22.63144045686776,-157.63508450135748,-8.450987794308709,0.29575371620845203,623.999,0.7933670444136052,0.0,0.0,1.0,1.25,1.0,1.6805,1.1356,1.25,0.0,0.0
production,314159,27,S-S3a,Mixed,603.876045450248,30.0,123.61871243790216,20.47087533431343,138.90720272396342,23.002601903242358,-122.51479439816768,-16.48366519859737,0.6300729522823758,867.0,0.7814927164964323,0.0,0.0,1.0,1.25,1.0,1.4078,1.2867,1.25,2.0,0.0
production,314159,28,S-S3a,Mixed,1516.8425334734472,75.0,182.79580262027469,12.051073106559521,222.67888073000742,14.680421719193932,-180.30512306033614,30.072712777324412,1.8684971796316177,993.0000000000001,0.8655237389781679,0.0,0.0,1.0,1.25,1.0,1.6337,1.3967,1.25,3.0,0.0
production,314159,29,S-S3a,Mixed,604.9259033017199,60.0,78.91183985886366,13.044876972230544,74.00102616736461,12.233072805026666,78.55929733134309,-7.450857179987736,7.138984864847032,1546.0,1.0906369652298105,0.0,0.0,1.0,1.25,1.035,1.4222,1.19,1.2938,0.0,0.0
production,314159,30,S-S3a,Mixed,294.225288472987,45.0,150.10715513738452,51.01776122522723,185.1584316628891,62.93083528742588,139.33268061353425,55.84408774871055,2.590818123109841,2219.9990000000003,0.7590622556369955,0.0,0.0,1.0,0.85,1.0,0.837,0.8514,0.85,3.0,0.0
production,314159,31,S-S4,Arterial,509.6097765756361,45.0,3.482301604908033,0.6833270798507122,71.31450217788094,13.99394310232517,3.4805100386937013,-0.1116885763963115,14.099738445566572,693.0,0.9332985626985753,0.0,0.0,1.0,1.0981,1.0,1.2027,0.9935,1.0981,0.0,0.0
production,314159,32,S-S4,Arterial,616.3999516839654,45.0,65.27649364662548,10.58995761896059,149.93030063097598,24.323541918096513,-65.23207161087787,-2.407790719983158,31.799459450245024,1521.0,0.9119827485276124,0.0,0.0,1.0,1.25,1.0,4.8869,,1.25,5.0,0.0
production,314159,33,S-S4,Arterial,625.5146730841803,60.0,219.77422911757657,35.134943842956,142.4563516664942,22.774262187023506,-179.00654086954896,127.50439251313475,34.80766995615744,2234.0,0.8320193259055291,0.0,0.0,1.0,0.8655,1.0,0.8065,0.9245,0.8655,1.0,0.0
production,314159,34,S-S4,Arterial,440.756279466452,45.0,2.0809001015421607,0.4721203527857049,45.53278728615914,10.33060432883177,2.0175840493528154,-0.5094112644958615,9.681925209964703,2546.0,1.0459047859090866,0.0,0.0,1.0,0.9802,1.0,0.8922,1.0682,0.9802,1.0,0.0
production,314159,35,S-S4,Arterial,226.64428517034582,30.0,10.41765899708225,4.596479893261963,19.270433296974424,8.502501301760496,10.24065291914315,-1.912236065221466,68.57529932706166,4348.999000000001,0.976896917221992,0.0,0.0,1.0,0.93,1.0,0.9787,0.8812,0.93,0.0,0.0
production,314159,36,S-S4,Arterial,627.4258978727169,75.0,26.174739699873992,4.171765907116564,93.67831600089251,14.93057846647838,-26.14914079058623,-1.1573393064520552,15.162917585302665,5332.0,0.9341613520944511,0.0,1.1,1.0,1.1591,1.0,1.1288,1.1895,1.1591,5.0,0.0
production,314159,37,S-S4,Arterial,363.68766426295684,30.0,53.54572678328079,14.722997793118894,47.34279348829642,13.017431752666264,53.52490794629392,1.4930124214203957,18.540000502263695,5712.0,1.094590339721457,0.0,0.0,1.0,1.25,1.0,1.3949,1.1546,1.25,2.0,0.0
production,314159,38,S-S4,Arterial,780.2399620221747,60.0,104.33505295564755,13.372174976175124,151.53895972531123,19.422096675561516,-104.31691999323544,-1.9451165473298246,3.706781892086269,5972.999000000001,0.8287888207369072,0.0,0.0,1.0,1.25,1.0,1.6989,1.7405,1.25,1.0,0.0
production,314159,39,S-S4,Arterial,182.92241218330372,30.0,37.42893944719778,20.46164764637524,74.92777767050819,40.96150754639307,-4.634645421162283,37.140888114880845,11.080953563030306,7525.000000000001,1.1587761765263518,0.0,0.0,1.0,1.2078,1.0,1.1844,1.2312,1.2078,1.0,0.0
production,314159,40,S-S4,Arterial,759.6562336548984,75.0,28.28326733361043,3.723166622030135,128.5348879029805,16.920138637521163,28.279241173930526,0.47721032171064426,3.267937827202161,8699.0,1.0766061247219294,0.0,0.0,1.0,1.25,1.0,1.4707,1.0348,1.25,4.0,0.0
