seed,scenario_id,trip,domain,speed_regime,unseen_trip,blackout_s,gt_dist_m,pure_dr_err_m,pure_dr_drift_pct,final_err_m,final_drift_pct
541098,1,S-M,Highway,city,False,30.0,301.5,87.14,28.9,68.44,22.7
541098,2,S-M,Highway,city,False,45.0,600.18,71.14,11.85,57.96,9.66
541098,3,S-M,Highway,highway,False,75.0,1174.6,356.7,30.37,109.77,9.35
541098,4,S-M,Highway,city,False,45.0,326.69,90.01,27.55,67.63,20.7
541098,5,S-M,Highway,crawl,False,75.0,288.59,85.97,29.79,31.03,10.75
541098,6,S-M,Highway,highway,False,30.0,427.13,30.31,7.1,8.04,1.88
541098,7,S-M,Highway,city,False,60.0,603.34,238.39,39.51,125.34,20.77
541098,8,S-M,Highway,crawl,False,60.0,314.72,138.49,44.0,60.18,19.12
541098,9,S-S2,Arterial,city,False,75.0,872.06,977.81,112.13,1015.18,116.41
541098,10,S-S2,Arterial,city,False,30.0,245.71,116.12,47.26,33.73,13.73
541098,11,S-S2,Arterial,city,False,60.0,435.62,67.42,15.48,10.75,2.47
541098,12,S-S2,Arterial,city,False,45.0,261.98,84.43,32.23,69.74,26.62
541098,13,S-S2,Arterial,city,False,45.0,331.61,72.5,21.86,6.95,2.09
541098,14,S-S2,Arterial,city,False,30.0,202.61,35.11,17.33,35.11,17.33
541098,15,S-S1,Urban,city,False,45.0,399.74,70.62,17.67,65.07,16.28
541098,16,S-S1,Urban,city,False,30.0,200.53,27.77,13.85,19.32,9.63
541098,17,S-S1,Urban,crawl,False,75.0,102.81,11.42,11.11,11.45,11.14
541098,18,S-S1,Urban,crawl,False,45.0,98.9,57.49,58.13,6.77,6.85
541098,19,S-S1,Urban,city,False,30.0,361.75,38.54,10.65,8.48,2.34
541098,20,S-S1,Urban,crawl,False,60.0,135.12,100.62,74.47,37.02,27.4
541098,21,S-S3a,Mixed,city,True,30.0,325.86,45.41,13.94,6.07,1.86
541098,22,S-S3a,Mixed,city,True,45.0,475.17,15.85,3.34,12.2,2.57
541098,23,S-S3a,Mixed,highway,True,75.0,1128.39,90.74,8.04,73.78,6.54
541098,24,S-S3a,Mixed,highway,True,30.0,603.88,138.91,23.0,123.62,20.47
541098,25,S-S3a,Mixed,city,True,45.0,614.33,29.7,4.83,22.01,3.58
541098,26,S-S3a,Mixed,city,True,75.0,892.82,116.38,13.03,117.14,13.12
541098,27,S-S3a,Mixed,city,True,60.0,591.93,38.43,6.49,31.78,5.37
541098,28,S-S3a,Mixed,city,True,45.0,374.52,94.97,25.36,16.45,4.39
541098,29,S-S3a,Mixed,crawl,True,30.0,164.32,81.55,49.63,9.68,5.89
541098,30,S-S3a,Mixed,crawl,True,60.0,244.21,15.71,6.43,23.31,9.55
541098,31,S-S4,Arterial,city,True,45.0,490.94,24.72,5.03,20.27,4.13
541098,32,S-S4,Arterial,city,True,75.0,610.88,175.43,28.72,166.96,27.33
541098,33,S-S4,Arterial,city,True,60.0,443.48,51.02,11.5,19.76,4.46
541098,34,S-S4,Arterial,city,True,45.0,328.29,184.39,56.17,4.29,1.31
541098,35,S-S4,Arterial,city,True,75.0,465.98,164.52,35.31,168.55,36.17
541098,36,S-S4,Arterial,highway,True,45.0,739.73,223.23,30.18,95.4,12.9
541098,37,S-S4,Arterial,highway,True,30.0,677.81,231.52,34.16,209.82,30.96
541098,38,S-S4,Arterial,highway,True,60.0,931.75,330.6,35.48,305.01,32.74
541098,39,S-S4,Arterial,city,True,30.0,186.86,36.74,19.66,24.37,13.04
541098,40,S-S4,Arterial,city,True,30.0,181.31,228.89,126.24,177.47,97.88
75496,1,S-M,Highway,city,False,60.0,445.07,312.03,70.11,63.1,14.18
75496,2,S-M,Highway,highway,False,75.0,1042.66,229.55,22.02,96.29,9.23
75496,3,S-M,Highway,city,False,45.0,374.54,70.5,18.82,68.75,18.36
75496,4,S-M,Highway,highway,False,30.0,581.94,69.82,12.0,40.39,6.94
75496,5,S-M,Highway,highway,False,60.0,881.0,184.82,20.98,27.94,3.17
75496,6,S-M,Highway,highway,False,45.0,701.98,163.87,23.34,55.62,7.92
75496,7,S-M,Highway,city,False,75.0,714.54,160.89,22.52,169.13,23.67
75496,8,S-M,Highway,highway,False,30.0,573.14,45.19,7.89,32.98,5.75
75496,9,S-S2,Arterial,crawl,False,45.0,218.47,89.72,41.07,4.06,1.86
75496,10,S-S2,Arterial,city,False,60.0,356.2,97.57,27.39,66.31,18.62
75496,11,S-S2,Arterial,city,False,30.0,188.09,56.63,30.11,11.16,5.93
75496,12,S-S2,Arterial,city,False,45.0,497.26,134.74,27.1,9.72,1.96
75496,13,S-S2,Arterial,city,False,75.0,470.35,91.91,19.54,60.81,12.93
75496,14,S-S2,Arterial,city,False,30.0,216.56,128.08,59.15,128.08,59.15
75496,15,S-S1,Urban,crawl,False,30.0,116.4,41.28,35.46,40.95,35.18
75496,16,S-S1,Urban,city,False,45.0,410.17,81.5,19.87,73.9,18.02
75496,17,S-S1,Urban,city,False,75.0,429.32,38.16,8.89,33.27,7.75
75496,18,S-S1,Urban,city,False,30.0,271.24,92.03,33.93,41.22,15.2
75496,19,S-S1,Urban,crawl,False,60.0,298.28,20.57,6.9,21.39,7.17
75496,20,S-S1,Urban,crawl,False,45.0,133.17,117.01,87.86,49.67,37.3
75496,21,S-S3a,Mixed,crawl,True,45.0,134.91,27.24,20.19,14.05,10.41
75496,22,S-S3a,Mixed,highway,True,30.0,433.9,16.99,3.92,13.5,3.11
75496,23,S-S3a,Mixed,city,True,30.0,314.46,34.03,10.82,13.14,4.18
75496,24,S-S3a,Mixed,city,True,60.0,572.3,69.06,12.07,60.14,10.51
75496,25,S-S3a,Mixed,highway,True,60.0,1059.86,65.04,6.14,61.23,5.78
75496,26,S-S3a,Mixed,city,True,75.0,804.85,190.52,23.67,185.96,23.11
75496,27,S-S3a,Mixed,city,True,75.0,575.82,85.02,14.76,70.88,12.31
75496,28,S-S3a,Mixed,city,True,45.0,372.34,442.14,118.75,438.7,117.82
75496,29,S-S3a,Mixed,city,True,45.0,379.01,397.06,104.76,397.06,104.76
75496,30,S-S3a,Mixed,crawl,True,30.0,104.1,92.22,88.59,54.9,52.74
75496,31,S-S4,Arterial,city,True,30.0,183.88,32.62,17.74,30.86,16.78
75496,32,S-S4,Arterial,city,True,75.0,512.02,56.65,11.06,18.2,3.55
75496,33,S-S4,Arterial,city,True,60.0,555.0,119.27,21.49,66.73,12.02
75496,34,S-S4,Arterial,crawl,True,75.0,152.29,6.54,4.3,7.72,5.07
75496,35,S-S4,Arterial,city,True,30.0,257.14,42.79,16.64,5.56,2.16
75496,36,S-S4,Arterial,highway,True,45.0,1218.22,497.51,40.84,497.82,40.86
75496,37,S-S4,Arterial,highway,True,45.0,667.73,183.22,27.44,120.34,18.02
75496,38,S-S4,Arterial,highway,True,45.0,1059.33,361.85,34.16,349.91,33.03
75496,39,S-S4,Arterial,city,True,30.0,383.61,87.39,22.78,51.83,13.51
75496,40,S-S4,Arterial,city,True,60.0,599.23,111.05,18.53,11.41,1.9
45736,1,S-M,Highway,city,False,30.0,296.59,49.04,16.53,16.24,5.48
45736,2,S-M,Highway,city,False,60.0,719.12,127.28,17.7,45.08,6.27
45736,3,S-M,Highway,highway,False,60.0,1064.03,244.97,23.02,148.74,13.98
45736,4,S-M,Highway,highway,False,45.0,948.13,152.39,16.07,51.47,5.43
45736,5,S-M,Highway,city,False,75.0,619.73,121.96,19.68,10.37,1.67
45736,6,S-M,Highway,highway,False,75.0,1045.12,261.98,25.07,168.52,16.12
45736,7,S-M,Highway,city,False,45.0,527.85,83.15,15.75,32.75,6.2
45736,8,S-S2,Arterial,city,False,45.0,383.52,90.65,23.64,69.89,18.22
45736,9,S-S2,Arterial,city,False,75.0,663.83,351.89,53.01,383.91,57.83
45736,10,S-S2,Arterial,city,False,30.0,248.09,16.87,6.8,21.7,8.75
45736,11,S-S2,Arterial,city,False,45.0,338.47,252.73,74.67,153.08,45.23
45736,12,S-S2,Arterial,city,False,30.0,198.4,121.03,61.0,47.16,23.77
45736,13,S-S2,Arterial,city,False,60.0,795.24,244.65,30.76,67.02,8.43
45736,14,S-S1,Urban,city,False,45.0,367.78,32.37,8.8,28.11,7.64
45736,15,S-S1,Urban,city,False,60.0,519.19,109.84,21.16,99.41,19.15
45736,16,S-S1,Urban,city,False,75.0,613.17,76.98,12.55,34.97,5.7
45736,17,S-S1,Urban,city,False,45.0,459.66,13.88,3.02,37.46,8.15
45736,18,S-S1,Urban,city,False,30.0,233.75,163.22,69.83,157.73,67.48
45736,19,S-S1,Urban,crawl,False,30.0,124.7,98.59,79.06,37.19,29.83
45736,20,S-S3a,Mixed,city,True,30.0,225.05,68.14,30.28,68.71,30.53
45736,21,S-S3a,Mixed,city,True,60.0,660.72,67.49,10.21,55.85,8.45
45736,22,S-S3a,Mixed,city,True,30.0,195.43,45.17,23.11,45.04,23.05
45736,23,S-S3a,Mixed,highway,True,75.0,1229.65,165.25,13.44,70.64,5.74
45736,24,S-S3a,Mixed,highway,True,75.0,1716.62,431.61,25.14,394.46,22.98
45736,25,S-S3a,Mixed,highway,True,30.0,604.21,148.08,24.51,93.55,15.48
45736,26,S-S3a,Mixed,city,True,45.0,511.95,46.43,9.07,25.79,5.04
45736,27,S-S3a,Mixed,crawl,True,45.0,207.12,93.66,45.22,23.62,11.4
45736,28,S-S3a,Mixed,crawl,True,60.0,200.05,47.49,23.74,6.61,3.3
45736,29,S-S3a,Mixed,crawl,True,45.0,249.77,28.4,11.37,3.43,1.37
45736,30,S-S4,Arterial,city,True,75.0,585.76,80.92,13.81,135.72,23.17
45736,31,S-S4,Arterial,city,True,75.0,505.63,122.26,24.18,122.05,24.14
45736,32,S-S4,Arterial,city,True,30.0,234.92,25.01,10.65,16.03,6.82
45736,33,S-S4,Arterial,city,True,45.0,370.04,82.8,22.38,78.92,21.33
45736,34,S-S4,Arterial,crawl,True,30.0,125.13,40.96,32.73,11.4,9.11
45736,35,S-S4,Arterial,city,True,45.0,392.66,40.0,10.19,22.0,5.6
45736,36,S-S4,Arterial,highway,True,30.0,435.12,119.64,27.5,117.75,27.06
45736,37,S-S4,Arterial,city,True,60.0,494.65,203.7,41.18,86.24,17.44
45736,38,S-S4,Arterial,highway,True,60.0,1087.48,299.92,27.58,313.42,28.82
12345,1,S-M,Highway,city,False,60.0,783.7,151.89,19.38,79.87,10.19
12345,2,S-M,Highway,city,False,45.0,543.82,105.95,19.48,17.47,3.21
12345,3,S-M,Highway,highway,False,75.0,1253.62,367.11,29.28,279.91,22.33
12345,4,S-M,Highway,city,False,30.0,312.22,20.03,6.41,9.12,2.92
12345,5,S-M,Highway,city,False,60.0,514.9,156.86,30.46,103.92,20.18
12345,6,S-M,Highway,highway,False,30.0,548.95,249.44,45.44,240.24,43.76
12345,7,S-M,Highway,highway,False,75.0,1215.94,402.52,33.1,498.19,40.97
12345,8,S-M,Highway,crawl,False,45.0,54.67,7.84,14.35,7.84,14.35
12345,9,S-S2,Arterial,crawl,False,30.0,113.82,121.4,106.66,42.26,37.13
12345,10,S-S2,Arterial,crawl,False,30.0,151.77,49.71,32.76,14.35,9.46
12345,11,S-S2,Arterial,city,False,60.0,447.22,210.79,47.13,113.19,25.31
12345,12,S-S2,Arterial,city,False,45.0,405.4,167.95,41.43,24.91,6.14
12345,13,S-S2,Arterial,city,False,45.0,564.67,276.49,48.96,7.34,1.3
12345,14,S-S2,Arterial,highway,False,75.0,1343.46,582.98,43.39,505.12,37.6
12345,15,S-S1,Urban,city,False,60.0,498.77,78.48,15.73,53.68,10.76
12345,16,S-S1,Urban,crawl,False,30.0,121.02,15.76,13.02,13.86,11.45
12345,17,S-S1,Urban,crawl,False,45.0,191.78,27.96,14.58,4.73,2.47
12345,18,S-S1,Urban,crawl,False,45.0,105.77,18.05,17.06,10.76,10.17
12345,19,S-S1,Urban,city,False,30.0,180.13,298.81,165.89,310.85,172.57
12345,20,S-S1,Urban,city,False,75.0,555.01,76.65,13.81,24.04,4.33
12345,21,S-S3a,Mixed,highway,True,75.0,1769.15,482.13,27.25,417.93,23.62
12345,22,S-S3a,Mixed,highway,True,75.0,1231.78,91.66,7.44,76.16,6.18
12345,23,S-S3a,Mixed,crawl,True,60.0,138.51,48.54,35.05,53.14,38.37
12345,24,S-S3a,Mixed,city,True,45.0,488.71,86.32,17.66,94.57,19.35
12345,25,S-S3a,Mixed,city,True,30.0,238.02,7.16,3.01,1.85,0.78
12345,26,S-S3a,Mixed,crawl,True,45.0,207.12,93.66,45.22,23.62,11.4
12345,27,S-S3a,Mixed,crawl,True,60.0,257.07,76.34,29.7,10.62,4.13
12345,28,S-S3a,Mixed,crawl,True,30.0,98.91,16.64,16.82,11.9,12.03
12345,29,S-S3a,Mixed,city,True,30.0,294.93,300.67,101.95,387.68,131.45
12345,30,S-S4,Arterial,city,True,75.0,458.88,40.31,8.79,14.06,3.06
12345,31,S-S4,Arterial,city,True,30.0,232.91,147.44,63.3,15.18,6.52
12345,32,S-S4,Arterial,city,True,45.0,291.3,17.29,5.93,3.82,1.31
12345,33,S-S4,Arterial,city,True,30.0,211.6,67.23,31.77,69.12,32.66
12345,34,S-S4,Arterial,city,True,75.0,674.94,147.95,21.92,146.08,21.64
12345,35,S-S4,Arterial,crawl,True,60.0,183.44,29.64,16.16,15.82,8.62
12345,36,S-S4,Arterial,highway,True,45.0,1115.37,526.49,47.2,754.1,67.61
12345,37,S-S4,Arterial,city,True,30.0,343.69,32.41,9.43,10.34,3.01
12345,38,S-S4,Arterial,city,True,60.0,716.59,67.12,9.37,50.34,7.03
12345,39,S-S4,Arterial,city,True,45.0,403.43,207.72,51.49,96.89,24.02
987654,1,S-M,Highway,city,False,60.0,427.09,104.91,24.56,94.47,22.12
987654,2,S-M,Highway,city,False,75.0,818.62,216.18,26.41,71.03,8.68
987654,3,S-M,Highway,highway,False,30.0,423.21,83.57,19.75,76.35,18.04
987654,4,S-M,Highway,city,False,60.0,385.86,122.83,31.83,80.04,20.74
987654,5,S-M,Highway,crawl,False,45.0,127.49,30.9,24.24,28.37,22.25
987654,6,S-M,Highway,city,False,45.0,498.83,159.47,31.97,45.36,9.09
987654,7,S-M,Highway,highway,False,30.0,427.13,30.31,7.1,8.04,1.88
987654,8,S-M,Highway,city,False,75.0,485.53,264.51,54.48,124.8,25.7
987654,9,S-S2,Arterial,crawl,False,60.0,263.73,49.77,18.87,48.35,18.33
987654,10,S-S2,Arterial,crawl,False,30.0,113.82,121.4,106.66,42.26,37.13
987654,11,S-S2,Arterial,city,False,30.0,280.83,47.38,16.87,85.57,30.47
987654,12,S-S2,Arterial,city,False,45.0,347.22,185.23,53.35,265.14,76.36
987654,13,S-S2,Arterial,city,False,75.0,566.2,106.87,18.88,33.73,5.96
987654,14,S-S2,Arterial,city,False,45.0,265.24,145.35,54.8,17.15,6.47
987654,15,S-S1,Urban,crawl,False,60.0,242.83,43.05,17.73,35.19,14.49
987654,16,S-S1,Urban,city,False,30.0,254.78,11.81,4.63,14.51,5.69
987654,17,S-S1,Urban,crawl,False,45.0,191.78,27.96,14.58,4.73,2.47
987654,18,S-S1,Urban,crawl,False,30.0,105.77,18.05,17.06,10.76,10.17
987654,19,S-S1,Urban,city,False,45.0,284.28,22.97,8.08,29.01,10.2
987654,20,S-S1,Urban,crawl,False,75.0,155.02,51.81,33.42,54.06,34.87
987654,21,S-S3a,Mixed,city,True,60.0,666.78,101.0,15.15,102.69,15.4
987654,22,S-S3a,Mixed,city,True,60.0,343.42,109.77,31.96,3.78,1.1
987654,23,S-S3a,Mixed,city,True,30.0,389.7,14.89,3.82,8.22,2.11
987654,24,S-S3a,Mixed,city,True,30.0,338.24,77.9,23.03,70.57,20.86
987654,25,S-S3a,Mixed,city,True,45.0,391.54,47.89,12.23,50.34,12.86
987654,26,S-S3a,Mixed,city,True,30.0,213.9,49.81,23.29,22.46,10.5
987654,27,S-S3a,Mixed,city,True,75.0,649.99,296.3,45.59,124.86,19.21
987654,28,S-S3a,Mixed,crawl,True,45.0,117.87,69.49,58.95,3.64,3.09
987654,29,S-S3a,Mixed,city,True,75.0,744.05,46.97,6.31,58.67,7.89
987654,30,S-S4,Arterial,city,True,60.0,746.42,861.63,115.44,832.57,111.54
987654,31,S-S4,Arterial,city,True,75.0,897.93,201.21,22.41,134.12,14.94
987654,32,S-S4,Arterial,city,True,30.0,201.71,18.41,9.12,9.45,4.68
987654,33,S-S4,Arterial,highway,True,45.0,909.11,252.72,27.8,257.12,28.28
987654,34,S-S4,Arterial,city,True,45.0,579.27,282.07,48.69,31.68,5.47
987654,35,S-S4,Arterial,highway,True,45.0,750.57,136.9,18.24,68.93,9.18
987654,36,S-S4,Arterial,city,True,60.0,709.39,188.83,26.62,144.61,20.39
987654,37,S-S4,Arterial,highway,True,30.0,448.21,58.98,13.16,53.92,12.03
987654,38,S-S4,Arterial,city,True,30.0,265.2,75.34,28.41,49.31,18.59
987654,39,S-S4,Arterial,city,True,75.0,934.37,1230.77,131.72,1221.37,130.72
314159,1,S-M,Highway,city,False,30.0,251.83,63.3,25.14,53.7,21.32
314159,2,S-M,Highway,city,False,45.0,448.95,63.82,14.21,41.82,9.32
314159,3,S-M,Highway,highway,False,75.0,1174.6,356.7,30.37,109.77,9.35
314159,4,S-M,Highway,city,False,75.0,954.22,309.55,32.44,64.15,6.72
314159,5,S-M,Highway,city,False,60.0,454.72,46.51,10.23,7.19,1.58
314159,6,S-M,Highway,city,False,30.0,285.03,52.19,18.31,21.73,7.62
314159,7,S-M,Highway,highway,False,60.0,944.55,133.4,14.12,44.69,4.73
314159,8,S-M,Highway,crawl,False,45.0,54.67,7.84,14.35,7.84,14.35
314159,9,S-S2,Arterial,city,False,75.0,498.96,95.62,19.16,78.38,15.71
314159,10,S-S2,Arterial,city,False,60.0,632.02,134.43,21.27,101.13,16.0
314159,11,S-S2,Arterial,city,False,45.0,280.67,112.03,39.92,92.05,32.79
314159,12,S-S2,Arterial,city,False,30.0,391.76,125.95,32.15,64.68,16.51
314159,13,S-S2,Arterial,city,False,30.0,198.4,121.03,61.0,47.16,23.77
314159,14,S-S2,Arterial,city,False,45.0,328.34,69.99,21.32,195.24,59.46
314159,15,S-S1,Urban,city,False,30.0,350.42,25.47,7.27,7.52,2.14
314159,16,S-S1,Urban,city,False,60.0,375.27,81.64,21.76,40.05,10.67
314159,17,S-S1,Urban,city,False,45.0,301.49,40.44,13.41,13.08,4.34
314159,18,S-S1,Urban,crawl,False,30.0,110.71,101.27,91.47,46.15,41.68
314159,19,S-S1,Urban,crawl,False,75.0,329.2,36.71,11.15,56.18,17.07
314159,20,S-S1,Urban,crawl,False,45.0,133.17,117.01,87.86,49.67,37.3
314159,21,S-S3a,Mixed,city,True,30.0,235.67,127.1,53.93,4.21,1.79
314159,22,S-S3a,Mixed,city,True,30.0,254.07,37.61,14.81,31.58,12.43
314159,23,S-S3a,Mixed,city,True,45.0,475.1,107.66,22.66,9.71,2.04
314159,24,S-S3a,Mixed,city,True,45.0,333.33,26.05,7.82,39.43,11.83
314159,25,S-S3a,Mixed,crawl,True,75.0,343.42,109.77,31.96,3.78,1.1
314159,26,S-S3a,Mixed,city,True,60.0,760.94,172.21,22.63,157.86,20.75
314159,27,S-S3a,Mixed,highway,True,30.0,603.88,138.91,23.0,123.62,20.47
314159,28,S-S3a,Mixed,highway,True,75.0,1516.84,222.68,14.68,182.8,12.05
314159,29,S-S3a,Mixed,city,True,60.0,604.93,74.0,12.23,78.91,13.04
314159,30,S-S3a,Mixed,city,True,45.0,294.23,185.16,62.93,150.11,51.02
314159,31,S-S4,Arterial,city,True,45.0,509.61,71.31,13.99,3.48,0.68
314159,32,S-S4,Arterial,city,True,45.0,616.4,149.93,24.32,65.28,10.59
314159,33,S-S4,Arterial,city,True,60.0,625.51,142.46,22.77,219.77,35.13
314159,34,S-S4,Arterial,city,True,45.0,440.76,45.53,10.33,2.08,0.47
314159,35,S-S4,Arterial,city,True,30.0,226.64,19.27,8.5,10.42,4.6
314159,36,S-S4,Arterial,city,True,75.0,627.43,93.68,14.93,26.17,4.17
314159,37,S-S4,Arterial,city,True,30.0,363.69,47.34,13.02,53.55,14.72
314159,38,S-S4,Arterial,city,True,60.0,780.24,151.54,19.42,104.34,13.37
314159,39,S-S4,Arterial,city,True,30.0,182.92,74.93,40.96,37.43,20.46
314159,40,S-S4,Arterial,city,True,75.0,759.66,128.53,16.92,28.28,3.72
