config,seed,scenario_id,trip,domain,dist_m,duration_s,map_err_m,map_drift_pct,pure_err_m,pure_drift_pct,final_at_m,final_ct_m,hdg_seed_err,t_start_s,speed_ratio,creep_m,gt_stop_s,r1_gyro_scale,r1_scale_engine,r1_scale_ekf,r1_scale_raw,r1_scale_history,r1_scale_effective
t7_level_blend,541098,1,S-M,Highway,301.50211302841956,30.0,83.87165837707401,27.81793385612799,99.3652580459196,32.95673686922169,83.8111450055712,-3.185443732940076,29.845977932678437,8551.867,1.171239365257727,0.0,0.0,1.0,0.8436,1.0,0.8984,0.7889,0.8436
t7_level_blend,541098,2,S-M,Highway,600.1756005696226,45.0,57.84001359249631,9.637181774400817,79.34608515311646,13.220478319646723,57.668854355919876,-4.446392881410665,9.071130062640918,8861.866,1.0694578616318948,0.0,0.0,1.0,0.9181,1.0,0.9379,0.8983,0.9181
t7_level_blend,541098,3,S-M,Highway,1174.598854097475,75.0,100.52228352670981,8.558009670795055,357.8542902055114,30.466085417772305,100.50750517007053,-1.7236269644226354,48.25895541818525,9410.865,1.0521409394682069,0.0,0.0,1.0,1.1096,1.0,1.0879,1.1313,1.1096
t7_level_blend,541098,4,S-M,Highway,326.68651659871364,45.0,55.383966720933735,16.953245361198913,86.47726917888586,26.471024907682516,55.31006355002326,-2.860181784062817,20.624059800463158,9698.866,1.2217929827281115,1.1326183235252771,1.7000000000000002,1.0,0.8612,1.0,0.8321,0.8902,0.8612
t7_level_blend,541098,5,S-M,Highway,288.585563099286,75.0,33.849022310969,11.729284704142827,87.91400581311082,30.463757392764855,-22.62333874174135,25.178182134238806,80.9928195909855,9788.866,0.8902893548448428,0.038294592657083966,11.8,1.0,0.799,1.0,0.8385,0.7595,0.799
t7_level_blend,541098,6,S-M,Highway,427.1267600882112,30.0,106.28965143050162,24.884802677441805,108.78026254040235,25.467910865134463,106.23537424510748,-3.3963598483509614,11.10581459467349,9999.866,1.2604583733281822,0.0,0.0,1.0,1.6,1.0,8.8264,0.9316,1.6
t7_level_blend,541098,7,S-M,Highway,603.3384456646849,60.0,255.67253373308907,42.37630397503017,576.0702282541847,95.48044425041415,-168.4658381958593,-192.3218808832321,29.272190232565947,10204.866,1.908332247663172,0.0,0.0,1.0,1.6,1.0,9.1744,1.0511,1.6
t7_level_blend,541098,8,S-M,Highway,314.7221984450349,60.0,50.37819526016879,16.007194760673087,115.01436318541458,36.54472539708743,26.175193795509,-43.044416449049926,9.903782550934238,10467.866,1.1549592654125302,0.8823744054263618,22.8,1.0,1.0358,1.009,1.0452,1.0265,1.0451
t7_level_blend,541098,9,S-S2,Arterial,872.0570921675635,75.0,795.1124444415416,91.17665019674685,1000.9394641599988,114.77912090274829,-760.4095357129502,232.33841116487633,146.65473563708463,7663.1,0.7500463972202789,0.17961977478608268,2.2,1.0,0.9224,1.0,0.8627,0.9821,0.9224
t7_level_blend,541098,10,S-S2,Arterial,245.71170014260218,30.0,42.56183238371817,17.321858242410443,114.12201576589518,46.44549514722453,-40.753024572307936,-12.276015805976565,2.9790113029138183,8260.1,0.8854278957701764,0.0,0.0,1.0,0.8242,1.0,0.7683,0.8802,0.8242
t7_level_blend,541098,11,S-S2,Arterial,435.6199448894815,60.0,13.242351458638819,3.039886399599646,67.63728196129692,15.526672448034207,-13.083880843547911,-2.0425313280225663,123.68227152769771,8377.1,0.9274595787271501,0.0,0.0,1.0,0.7952,1.0,0.7869,0.8035,0.7952
t7_level_blend,541098,12,S-S2,Arterial,261.9845410038697,45.0,30.881465038010248,11.78751422495349,85.05098023750766,32.46412170413192,-25.111988928897834,17.97367227165228,158.66218532763548,8746.102,1.2065063743438056,2.2067151535586866,1.8,1.0,0.9341,1.0,0.8776,0.9905,0.9341
t7_level_blend,541098,13,S-S2,Arterial,331.6062735237266,45.0,4.057400905416127,1.2235597542535088,117.7019745538002,35.49449571718629,-2.708483731802373,-3.0210292917867414,158.80680668550212,9213.2,1.207381354733767,0.0,0.0,1.0,1.4727,1.0,1.2458,1.6996,1.4727
t7_level_blend,541098,14,S-S2,Arterial,202.61192015346592,30.0,36.712731544426745,18.119729341007744,36.712731544426745,18.119729341007744,0.295643713312959,-36.71154113147425,3.3408625498216793,9339.1,1.1547934225171321,0.0,0.0,1.0,1.2912,1.0,0.9643,1.6181,1.2912
t7_level_blend,541098,15,S-S1,Urban,399.7366392000315,45.0,71.8922434284878,17.984902152667654,78.23865208123341,19.572549626125753,-69.5120519681351,-18.345825038962765,89.29981806743791,4180.0,0.8097694893583351,4.802785344181657,2.5,1.0,0.9124,1.0,0.8585,0.9663,0.9124
t7_level_blend,541098,16,S-S1,Urban,200.52748296600998,30.0,57.17342053090557,28.51151357671838,49.73560280299911,24.802387217631132,1.6414720397558167,-57.14985200983878,75.4051869606287,4313.0,1.2880984028799116,0.0,0.0,1.0,1.5,1.0,4.5707,0.9849,1.5
t7_level_blend,541098,17,S-S1,Urban,102.8116693867008,75.0,17.696708749271405,17.21274331487566,17.076724453582294,16.60971420408747,17.651402788713167,-1.2654960083493585,4.457818272413135,4601.900000000001,1.0852268797222129,0.0,54.2,1.0,0.9905,1.0,1.0794,0.9017,0.9905
t7_level_blend,541098,18,S-S1,Urban,98.90032418706596,45.0,10.563083950991297,10.680535213425237,52.10691762812131,52.68629608287551,-9.694979027873151,4.193581310144073,169.94836959818713,4717.999000000001,1.3645861353774893,4.927706691237628,9.1,1.0,0.9792,1.0,0.9814,0.9771,0.9792
t7_level_blend,541098,19,S-S1,Urban,361.7536080700408,30.0,13.638399520532676,3.770079749389005,37.91761869892617,10.48161451691306,12.847834622037512,-4.575924715993499,41.46467105785601,4990.999000000001,0.9928666920078622,0.0,0.0,1.0,1.1189,1.0,1.154,1.0838,1.1189
t7_level_blend,541098,20,S-S1,Urban,135.11595351460952,60.0,39.64338703088588,29.340271078055498,102.23196258432779,75.66239213437804,-21.955935637550574,-33.00810545245436,39.337035459604095,5098.901000000001,1.8160279223252862,0.0,21.8,1.0,1.179,1.035,1.3019,1.0562,1.2203
t7_level_blend,541098,21,S-S3a,Mixed,325.8588383644856,30.0,14.73401362173205,4.521593980903931,44.964201945239374,13.79867496334262,13.58859955263507,-5.695710632002959,1.7551657388016224,135.0,0.9976018817123519,0.0,0.0,1.0,1.0648,1.0,1.2066,0.923,1.0648
t7_level_blend,541098,22,S-S3a,Mixed,475.17047321369193,45.0,106.81397241096697,22.47908454592274,106.1133060336738,22.33162875546623,106.74750781876232,-3.767529255903895,35.27201670389124,419.999,1.209744402151724,0.0,0.0,1.0,1.5,0.9601,4.3186,1.0936,1.4402
t7_level_blend,541098,23,S-S3a,Mixed,1128.3874145740722,75.0,32.09733914106276,2.8445318271454147,43.76598331914389,3.8786309341870906,-31.803617285196378,-4.332332802677781,92.09391047375448,776.999,0.9360555105255446,0.0,0.0,1.0,1.2266,1.0,1.1242,1.3291,1.2266
t7_level_blend,541098,24,S-S3a,Mixed,603.876045450248,30.0,82.06630666297566,13.58992582687848,97.3400479506828,16.11921000742899,-81.19582352699146,-11.921280597118002,3.3766782048468826,867.0,0.8465496218962698,0.0,0.0,1.0,1.2508,1.0,1.3247,1.1768,1.2508
t7_level_blend,541098,25,S-S3a,Mixed,614.3347078381609,45.0,103.56768006903897,16.85851031166591,99.26298585370496,16.157802023429646,102.60478015103219,-14.089834812415802,8.81432858228564,1028.999,1.1114877001172645,0.0,0.0,1.0,1.2971,1.0,1.2483,1.3458,1.2971
t7_level_blend,541098,26,S-S3a,Mixed,892.8209535663941,75.0,122.76969443533751,13.75076312276623,115.98384215627155,12.990716861311485,122.69703367970214,-4.223244954792335,30.735912676330372,1235.999,1.1323894012855877,0.0,0.0,1.0,1.17,1.0,1.0851,1.2549,1.17
t7_level_blend,541098,27,S-S3a,Mixed,591.9272083319421,60.0,3.484388615785775,0.5886515380167814,26.54558879157906,4.484603582657544,-2.675878480358058,-2.2317343892529315,107.21316428735915,1681.0,1.0230884045562276,0.0,0.0,1.0,0.9176,1.0018,0.8331,1.0021,0.9193
t7_level_blend,541098,28,S-S3a,Mixed,374.5169547186968,45.0,22.250716047064962,5.941177232891281,102.86500432411388,27.466047405350913,-22.192954026244237,-1.6022347506292505,25.076536174153773,1950.0000000000002,1.1472311636928088,0.0,0.0,1.0,1.0712,1.0,1.3763,0.7662,1.0712
t7_level_blend,541098,29,S-S3a,Mixed,164.32151314371677,30.0,6.3690573466049605,3.875972917212938,80.90080930277965,49.23324265643977,-6.06012963617512,1.9595204201780185,153.1200085911421,2085.0,0.9680877378949754,0.0,0.0,1.0,0.8287,1.0,0.7827,0.8746,0.8287
t7_level_blend,541098,30,S-S3a,Mixed,244.21348357269213,60.0,7.041558397404054,2.8833618416110416,19.389170210466812,7.939434762903034,-6.5720971626009135,2.5280592456239175,145.59066336463428,2273.9990000000003,0.9955292781142181,0.0,0.0,1.0,0.9029,1.0,0.958,0.8478,0.9029
t7_level_blend,541098,31,S-S4,Arterial,490.93854491218735,45.0,15.070496220955897,3.069731716349856,21.127648477708565,4.303522038891365,14.602257856064577,-3.727455144042156,4.538823315801039,348.0,1.0191596394529545,0.0,0.0,1.0,0.9836,1.0,1.0272,0.94,0.9836
t7_level_blend,541098,32,S-S4,Arterial,610.8780669596541,75.0,150.0837512528208,24.568528380760014,176.61836463052728,28.912212466484277,-149.639252075755,11.542383996698305,19.062904016660838,1083.0,0.7034676601946753,0.0,0.0,1.0,0.9547,1.0,0.9625,0.9468,0.9547
t7_level_blend,541098,33,S-S4,Arterial,443.4769618838301,60.0,24.787479788555387,5.589350049495588,45.37364548210009,10.231342185027827,24.565304887427907,3.311336596565315,8.824254257094594,1710.0,1.0175994227114895,0.0,0.6000000000000001,1.0,0.9643,1.0,0.8725,1.0562,0.9643
t7_level_blend,541098,34,S-S4,Arterial,328.2861353219824,45.0,6.911183325594118,2.1052315592967834,191.1402314643624,58.22366859230665,-6.506732300937251,2.3295685703387274,28.446678662479542,2790.0,1.1663146254266088,0.0,0.0,1.0,0.9454,1.0,0.9964,0.8944,0.9454
t7_level_blend,541098,35,S-S4,Arterial,465.9824416119758,75.0,161.18808756302658,34.591021714343505,154.6402525223107,33.18585395350151,101.7958066957486,-124.97685110206498,104.12999393935354,4258.999000000001,1.5213911549697312,0.0,0.0,1.0,0.9979,1.0,1.2193,0.7765,0.9979
t7_level_blend,541098,36,S-S4,Arterial,739.7297196818564,45.0,42.00440420858984,5.678344818517651,247.14072871594658,33.409598416870026,41.91831643496672,-2.6878839589161316,13.607055610691077,5883.001,1.038270728939749,0.0,0.0,1.0,1.5,1.0,1.535,1.6205,1.5
t7_level_blend,541098,37,S-S4,Arterial,677.8112579079375,30.0,64.01378387420837,9.444190123337098,99.9316885272786,14.743291345693708,-63.97212091477259,-2.3091711845544944,1.3927787615772331,6252.0,0.8358529516037414,0.0,0.0,1.0,1.5,1.0,1.7833,1.4558,1.5
t7_level_blend,541098,38,S-S4,Arterial,931.746854758649,60.0,165.39508488695324,17.75107520269501,198.75794084759096,21.33175334399979,-164.18761877191628,-19.948933474508323,33.23377379905048,7124.0,0.7999314594110789,0.0,0.0,1.0,1.4179,1.0,1.433,1.4027,1.4179
t7_level_blend,541098,39,S-S4,Arterial,186.86305768129444,30.0,93.41257017256451,49.989854244965294,98.9994667298833,52.97968895421401,21.591337037457386,90.88301508631417,118.1309895534481,7344.000000000001,1.478105102157656,0.0,0.0,1.0,1.5,0.975,6.43,1.3857,1.4625
t7_level_blend,541098,40,S-S4,Arterial,181.31319816687812,30.0,184.79232193276496,101.91884749762382,239.9354590843004,132.33204284636088,-176.48938830866913,-54.76949935625167,88.78109478894385,8877.0,1.3296850079139813,0.0,0.0,1.0,0.9835,1.0,1.0095,0.9575,0.9835
t7_level_blend,75496,1,S-M,Highway,445.0656418597341,60.0,100.69774393386027,22.625369038393654,309.91889696119813,69.63442418654986,-100.69741779684139,0.2562858124434406,58.379904344391036,8699.865,0.7408896546322236,0.0,0.0,1.0,0.7244,1.0,0.6665,0.7823,0.7244
t7_level_blend,75496,2,S-M,Highway,1042.662585896704,75.0,110.12313818057235,10.56172338684858,234.53737601654018,22.49408190041027,-109.95599948962438,-6.064959931867377,29.956541335906422,8807.866,0.891897590992498,0.0,0.0,1.0,0.8429,1.0,0.7884,0.8973,0.8429
t7_level_blend,75496,3,S-M,Highway,374.54070896985667,45.0,68.80256562217563,18.369849785197292,76.80894497290231,20.507502424545248,-64.72684841613477,-23.328697569913693,2.5661000813719284,8987.865,0.8931743394980389,0.0,0.0,1.0,0.7945,1.0,0.7268,0.8622,0.7945
t7_level_blend,75496,4,S-M,Highway,581.9438627961036,30.0,25.663096470113707,4.409892106569963,59.76376142147053,10.269678098213749,-25.54617258236011,2.446954602487561,33.729921940064344,9257.866,0.9324379672181969,0.0,0.0,1.0,1.2403,1.0,1.3129,1.1677,1.2403
t7_level_blend,75496,5,S-M,Highway,881.0026183499426,60.0,34.60196782641411,3.9275669681006415,179.25336189864697,20.346518632870378,-34.29931921545814,4.566495244309487,31.483479582047835,9374.965,0.9423531441422178,0.0,0.0,1.0,1.0573,1.0,0.9453,1.1694,1.0573
t7_level_blend,75496,6,S-M,Highway,701.9774669971542,45.0,46.456653318969614,6.61796930857297,165.51901424856197,23.578964002448952,46.341770409670076,-3.2651114676772437,19.51871592787532,9500.865,1.065605974195429,0.0,0.0,1.0,0.9991,1.0,0.9708,1.0274,0.9991
t7_level_blend,75496,7,S-M,Highway,714.5390436288836,75.0,164.9364584813377,23.08291757490052,155.90877698579175,21.819490254022767,163.92037999549387,-18.27961592864913,29.247687497540795,9590.865,1.2055296484254532,0.0,0.0,1.0,0.977,0.9895,0.9381,1.0158,0.9667
t7_level_blend,75496,8,S-M,Highway,573.1359150171827,30.0,32.96394772110886,5.751506206014082,52.98769951650276,9.24522406084326,-24.67800862502835,21.854467270172115,9.724339946075503,10098.866,1.0468499164442093,0.0,0.0,1.0,1.2307,1.0,1.3958,1.0655,1.2307
t7_level_blend,75496,9,S-S2,Arterial,218.47241867770953,45.0,117.38800545835124,53.73127013873638,201.61045541062205,92.28188007935123,8.853799531731283,-117.05363753144034,77.93250097262785,7771.1990000000005,1.8211358871508863,0.0,0.0,1.0,1.5,1.0,2.1187,1.0816,1.5
t7_level_blend,75496,10,S-S2,Arterial,356.1974439331983,60.0,82.56421439621896,23.179339381139172,144.64623102199278,40.60844160608853,16.937810794518768,-80.80816830218276,60.08831013413243,8116.101000000001,1.314245069653945,0.4604913010582241,7.300000000000001,1.0,1.2775,1.0,1.5553,0.9996,1.2775
t7_level_blend,75496,11,S-S2,Arterial,188.09413144507553,30.0,6.694140459794258,3.5589310566815753,59.37208546454705,31.565091908188535,-6.6429514066970246,0.8262645482631497,132.34048020957522,8350.1,0.9093861681099543,0.0,0.0,1.0,0.7,1.0,0.4982,0.8259,0.7
t7_level_blend,75496,12,S-S2,Arterial,497.2582750673289,45.0,17.689430235774115,3.5573928324026305,119.71209094363076,24.074429113808453,-17.19139236898677,-4.16796958744459,96.8826657470803,8611.1,1.0044006114639001,0.0,0.0,1.0,0.9996,1.0,1.021,0.9782,0.9996
t7_level_blend,75496,13,S-S2,Arterial,470.34963942815,75.0,51.853138056639004,11.024381377156349,88.6243065706403,18.842218456548522,51.51789197448286,-5.886827059323183,121.11730400064226,8755.1,1.3123159164776022,2.225286110909264,1.8,1.0,0.9623,1.0,0.9369,0.9877,0.9623
t7_level_blend,75496,14,S-S2,Arterial,216.55646042401838,30.0,157.60667081021813,72.77855876551716,157.60667081021813,72.77855876551716,98.53181533115279,123.00952829528318,56.36371712593541,9348.2,1.3840957249557289,0.0,0.0,1.0,1.2832,1.0,1.0145,1.552,1.2832
t7_level_blend,75496,15,S-S1,Urban,116.3966216812929,30.0,38.15756317913376,32.782363120137184,38.48679676114387,33.06521804947661,37.9724974105047,-3.7535407522494797,3.6081743505646955,4224.900000000001,1.5505613557208413,17.977510284323753,10.600000000000001,1.0,1.06,1.0,1.1202,0.9997,1.06
t7_level_blend,75496,16,S-S1,Urban,410.1744865962999,45.0,62.397997911126524,15.212549768493913,88.63256976391715,21.608503858786005,62.17003273477108,-5.328899799624976,46.73435686555641,4322.001,1.168021519410466,0.0,0.0,1.0,1.1664,1.0,1.3073,1.0254,1.1664
t7_level_blend,75496,17,S-S1,Urban,429.3201913293343,75.0,35.00270470507751,8.153053458002098,41.2910768024189,9.617781235624264,-25.74974532549853,23.70949076515187,147.29130918729845,4385.0,0.9271971646196194,2.726669600009888,9.1,1.0,0.927,1.0,0.8719,0.9822,0.927
t7_level_blend,75496,18,S-S1,Urban,271.23683041913415,30.0,18.01948896996433,6.643452123415301,80.16860098130996,29.556679621063196,-17.972044184031965,-1.3067557483588748,14.171950977890901,4583.999000000001,0.9099904919420829,0.0,0.0,1.0,0.9192,1.0,0.9073,0.9311,0.9192
t7_level_blend,75496,19,S-S1,Urban,298.28230919465443,60.0,15.733981449693003,5.274862425523617,19.47441713433626,6.528854220994902,15.060512229118146,-4.554024995085805,40.43100659600006,4999.900000000001,0.9790199749578513,0.0,26.5,1.0,1.0785,1.0,1.0596,1.0974,1.0785
t7_level_blend,75496,20,S-S1,Urban,133.1744210584332,45.0,61.82835743924241,46.42660125559236,186.8011163183567,140.26801455843656,-7.423374847817765,-61.38109879680804,29.84478779194268,5123.999000000001,2.2903449821329827,0.01874648815151123,6.6000000000000005,1.0,1.5,1.0,9.0602,1.0562,1.5
t7_level_blend,75496,21,S-S3a,Mixed,134.91232747961672,45.0,18.567115945689284,13.762356852448864,33.820583311576065,25.068564113747026,-16.1670522630599,-9.13040062999204,0.38494452546251523,537.0,0.856956991207749,1.231069579888202,20.1,1.0,0.9793,1.0,0.9037,1.0549,0.9793
t7_level_blend,75496,22,S-S3a,Mixed,433.9026808716475,30.0,41.46193564562493,9.555584114468694,42.48798525051617,9.792054099588409,41.22639840749088,-4.413182732311988,34.434552670667244,714.0,1.091574652498282,0.0,0.0,1.0,1.3192,1.0,1.2203,1.4181,1.3192
t7_level_blend,75496,23,S-S3a,Mixed,314.4610350854063,30.0,4.845087867583582,1.5407593714329906,44.365582773205496,14.108451548267652,-4.569505206606101,1.6107447381274802,103.94992736315444,768.0,0.9880018897101867,0.0,0.0,1.0,1.2348,1.0,1.1406,1.3291,1.2348
t7_level_blend,75496,24,S-S3a,Mixed,572.302681471267,60.0,8.118199574477275,1.4185150336194707,53.268874081248995,9.307814868926735,-2.8460242455368308,-7.602980358047727,9.862576185164443,903.0,0.9382352561758222,0.0,0.0,1.0,1.1526,1.0,1.0757,1.2296,1.1526
t7_level_blend,75496,25,S-S3a,Mixed,1059.8631507836958,60.0,130.38988648264137,12.30252097982905,133.19163320531229,12.566870836751542,130.28329665424278,-5.271158303321531,2.738490691710723,1091.999,1.1164953927768781,0.0,0.0,1.0,1.3649,1.0,1.3985,1.3313,1.3649
t7_level_blend,75496,26,S-S3a,Mixed,804.8478004230153,75.0,267.6409816352786,33.25361409879119,269.80302504890426,33.52224170919024,266.71675553177903,22.223126901873528,23.751114459310912,1609.0,1.3317002043172628,0.0,0.0,1.0,1.1516,1.0,1.1866,1.1166,1.1516
t7_level_blend,75496,27,S-S3a,Mixed,575.8224103748213,75.0,103.39745745289359,17.956483733515835,95.96488283812576,16.665708230365528,102.78782679757786,11.211461544066118,95.95575984744664,1851.0000000000002,1.195308015110485,0.0,0.0,1.0,0.9485,1.0,1.0623,0.8348,0.9485
t7_level_blend,75496,28,S-S3a,Mixed,372.34095679910627,45.0,424.2321971403237,113.93648466376342,434.2447607433961,116.62556933743112,-192.77588524423933,-377.9026530190101,164.40035166751812,1959.0000000000002,1.112193615596952,0.0,1.4000000000000001,1.0,0.9992,1.0,1.2065,0.7919,0.9992
t7_level_blend,75496,29,S-S3a,Mixed,379.0118862723627,45.0,415.31981133400063,109.5796270187544,415.31981133400063,109.5796270187544,-159.97471557818716,383.27357861218144,44.65592368915347,2201.9990000000003,0.9863011481718329,0.0,0.0,1.0,0.9186,1.0,1.0325,0.8047,0.9186
t7_level_blend,75496,30,S-S3a,Mixed,104.09674927723412,30.0,35.49278408461243,34.095958164924824,82.46255833309873,79.21722715229228,-30.80936111080665,17.621605773051236,107.50018486223217,2426.9990000000003,1.3045366283274167,0.0,0.0,1.0,0.8452,1.0,0.8329,0.8575,0.8452
t7_level_blend,75496,31,S-S4,Arterial,183.87954809499564,30.0,41.123194035055114,22.364202251470672,41.76238963597833,22.71181872515974,-40.75041607921884,-5.524552200435403,20.013852417095165,285.0,0.8320778252278169,0.0,0.0,1.0,0.9357,1.0,0.965,0.9064,0.9357
t7_level_blend,75496,32,S-S4,Arterial,512.020208051412,75.0,13.414676367176723,2.6199505715270037,58.59370041617126,11.443630445595197,-2.432518114689562,-13.192285535789345,145.35204376840704,1011.0010000000001,1.040856051298048,0.0,0.9,1.0,0.9428,1.0,0.8855,1.0,0.9428
t7_level_blend,75496,33,S-S4,Arterial,554.9976674046155,60.0,67.90163162896845,12.234579641839366,114.76222310996121,20.677964944723804,-38.04365023490066,-56.24333075735,36.48475256741551,2207.0,1.0196724223506928,0.0,0.0,1.0,0.86,1.0,0.8225,0.8976,0.86
t7_level_blend,75496,34,S-S4,Arterial,152.28595898599954,75.0,7.12233444733409,4.676947562834,5.90531308288311,3.8777790954621207,-7.064582691448529,-0.9051626237133716,0.11856344210059433,2889.0,0.617045944738863,0.0,2.8000000000000003,1.0,0.9745,1.0,1.0243,0.9246,0.9745
t7_level_blend,75496,35,S-S4,Arterial,257.13661053889035,30.0,9.016490917249797,3.5064983155660396,37.74935609850454,14.680661777174347,-8.987769689759123,0.7190997599049105,72.62400432335411,3129.0,0.9409946324079523,0.0,0.0,1.0,0.8511,1.0,0.9218,0.7804,0.8511
t7_level_blend,75496,36,S-S4,Arterial,1218.2243066778026,45.0,267.38629281804066,21.948855506522026,288.5725581399973,23.687965882650815,-263.4175825820304,-45.89778615155852,9.881175435602984,6547.999000000001,0.7953202351203018,0.0,0.0,1.0,1.5,1.0,1.5154,1.8571,1.5
t7_level_blend,75496,37,S-S4,Arterial,667.7306583481962,45.0,19.53194838279998,2.925123796339872,132.97022472894346,19.91375161024949,-19.189294310479596,-3.6425254280729655,53.83324617128929,6691.999000000001,0.8803486918825516,0.0,0.0,1.0,1.5,1.0,2.2865,1.6187,1.5
t7_level_blend,75496,38,S-S4,Arterial,1059.3347150652953,45.0,160.73032088811783,15.172760658392162,166.26800388726883,15.695511675648277,-142.0444325700429,-75.21712058203151,15.699015814753494,6791.0,0.8313300737271347,0.0,0.0,1.0,1.5,1.0,1.6998,1.7307,1.5
t7_level_blend,75496,39,S-S4,Arterial,383.6085289112717,30.0,50.056717395115314,13.048906273586368,80.06679626136821,20.872006284273095,-49.99842046324262,-2.4151413116508773,37.43516587848316,7632.999000000001,0.8132792819518186,0.0,0.0,1.0,1.031,1.0,0.9771,1.0849,1.031
t7_level_blend,75496,40,S-S4,Arterial,599.2279698380357,60.0,17.798078114484564,2.970168118036142,111.6808381167182,18.63745414735968,-15.343425534168299,-9.019472126833518,5.513866198158723,8690.0,0.975283550885582,0.0,0.0,1.0,1.097,1.0,1.2386,0.9553,1.097
t7_level_blend,45736,1,S-M,Highway,296.59410644351794,30.0,9.750798725703705,3.287590182632507,47.7704066512593,16.106323629986385,7.9569497738366675,-5.636047026580386,4.761905510850909,8578.866,1.018239246625127,0.0,0.0,1.0,0.7659,1.0,0.7522,0.7795,0.7659
t7_level_blend,45736,2,S-M,Highway,719.1201235373318,60.0,33.161073684955035,4.611339969438853,124.2590560248763,17.279318427865636,-32.31370063694545,7.448594436864523,37.704151608560636,8798.866,0.9183671319467096,0.0,0.0,1.0,0.8481,0.9926,0.7989,0.8973,0.8418
t7_level_blend,45736,3,S-M,Highway,1064.0307356267638,60.0,104.07827325094766,9.78151004159111,224.17840290262595,21.068790157699194,-103.86184036984481,-6.708582405233161,30.346846335049918,9104.966,0.8746396286788153,0.0,0.0,1.0,1.0066,1.0,1.088,0.9253,1.0066
t7_level_blend,45736,4,S-M,Highway,948.1258432643681,45.0,34.513386664564955,3.640169383605917,140.1316004581252,14.7798524271479,-30.67613681985695,-15.816083234074956,46.97197926167922,9257.866,0.9414350983358116,0.0,0.0,1.0,1.2403,1.0,1.3129,1.1677,1.2403
t7_level_blend,45736,5,S-M,Highway,619.7285890006121,75.0,14.332134733298632,2.3126470180133123,124.84057117800552,20.144394400026975,-14.14673382330136,-2.2978268311790493,26.888842214058513,9653.866,1.022854964606619,0.0,0.0,1.0,0.8461,1.0,0.7554,0.9368,0.8461
t7_level_blend,45736,6,S-M,Highway,1045.1212884927832,75.0,182.62020500250435,17.473589621915483,281.1069720197132,26.897066887338056,-174.89983170750475,52.53749274416541,83.16486122599468,10098.866,1.132156292842258,3.676932513893998,0.4,1.0,1.2307,1.0,1.3958,1.0655,1.2307
t7_level_blend,45736,7,S-M,Highway,527.8491336942978,45.0,11.445994624527984,2.1684215988799735,91.78070297350483,17.387677105985237,-5.155948305143321,10.218952491298372,35.615223977359335,10366.866,1.0892944749164075,0.0,0.0,1.0,1.0195,1.0,0.9911,1.0478,1.0195
t7_level_blend,45736,8,S-S2,Arterial,383.51596087782053,45.0,43.41682745980193,11.320735481367239,66.99018829838253,17.467379491860076,32.41319694885266,-28.88607917715901,29.95531120446242,7573.200000000001,1.102609070287664,0.0,0.0,1.0,1.1822,1.0,1.4672,0.8971,1.1822
t7_level_blend,45736,9,S-S2,Arterial,663.8291381419549,75.0,362.872511213859,54.66354071614455,359.9034815611286,54.21628260677011,-315.7743370854551,-178.7820668660412,96.295055142075,7645.200000000001,0.9160812520316705,0.1920968491317841,2.2,1.0,1.0263,1.0,1.0686,0.984,1.0263
t7_level_blend,45736,10,S-S2,Arterial,248.0932639985645,30.0,25.554128465960552,10.300210515231244,23.674387507789994,9.542535386179198,25.528715960989643,-1.1393608023484374,52.542313108090696,8269.1,1.092707650455241,0.0,0.0,1.0,0.9297,1.0,0.9628,0.8965,0.9297
t7_level_blend,45736,11,S-S2,Arterial,338.4735134374312,45.0,158.34241422640417,46.78133086938712,258.1831149763229,76.27867609323278,30.004379747328976,155.4736548069294,179.6853143415732,8728.1,1.2051563419764282,2.1392404692626807,1.2000000000000002,1.0,0.9218,1.0,0.8136,1.03,0.9218
t7_level_blend,45736,12,S-S2,Arterial,198.4000418380012,30.0,47.164296261243706,23.772321731542064,122.17883097046742,61.58205907548629,-38.49119309407074,-27.25617170501625,43.738645295301524,8845.101,0.8842585805549467,0.0,0.0,1.0,0.7678,1.0,0.6991,0.8364,0.7678
t7_level_blend,45736,13,S-S2,Arterial,795.2399514488269,60.0,74.30087986469539,9.343202605619668,245.06104082905162,30.8159870970493,-69.65233803320456,25.868369781957746,54.25435053238954,8935.1,0.8349911473093559,0.0,0.0,1.0,1.024,1.0,1.209,0.8389,1.024
t7_level_blend,45736,14,S-S1,Urban,367.78349382229334,45.0,26.67636408223588,7.253279315228172,30.96226316804206,8.418611408102642,26.4447995852563,-3.507274660421243,1.3768610936494667,4207.0,1.1516743985773237,17.890371435682823,7.7,1.0,1.065,1.0,1.1562,0.9738,1.065
t7_level_blend,45736,15,S-S1,Urban,519.1869216436147,60.0,82.881404190808,15.963692600042082,98.5871543948337,18.988759208866753,82.10349029252906,-11.32890296651328,71.96623636623096,4331.0,1.0781602375586619,0.0,0.0,1.0,1.0131,1.0,1.0543,0.9719,1.0131
t7_level_blend,45736,16,S-S1,Urban,613.1675124847341,75.0,33.56954684836548,5.474775842629343,86.99611062743315,14.187984336433527,-33.56351247312811,-0.6364794346862519,82.85947686453665,4475.999000000001,1.0789680204955787,9.023264259141632,1.0,1.0,1.1384,1.0,1.3383,0.9386,1.1384
t7_level_blend,45736,17,S-S1,Urban,459.6583331865379,45.0,261.33943209996454,56.85514940809485,212.8444170428343,46.304918604936525,4.638866716735947,-261.2982580996596,59.74319142328039,4673.0,1.4572429707966763,0.0,0.0,1.0,1.5,1.0,9.4434,0.9146,1.5
t7_level_blend,45736,18,S-S1,Urban,233.75096190398332,30.0,20.079127017533484,8.58996551457242,157.0270658914961,67.17707795187484,-19.512532733968463,-4.73628631863113,25.847296615781488,4769.999000000001,1.0202823858607748,0.0,0.0,1.0,1.0237,1.0,1.0301,1.0173,1.0237
t7_level_blend,45736,19,S-S1,Urban,124.70434194091698,30.0,55.62199051813181,44.60309051988315,157.17433269768566,126.03757836447464,-7.895349796027084,-55.058780233469754,11.054025728457901,5123.999000000001,2.2821225629317357,0.0,0.0,1.0,1.5,1.0,9.0602,1.0562,1.5
t7_level_blend,45736,20,S-S3a,Mixed,225.05044832033616,30.0,83.26352824437834,36.99771711890183,82.65831218834343,36.728792501976194,-77.51261032938643,30.407406591603376,4.243316116917526,45.0,0.6739316974941529,0.0,0.0,1.0,0.7534,1.0,0.7534,,0.7534
t7_level_blend,45736,21,S-S3a,Mixed,660.7244543186248,60.0,4.330104492375772,0.6553570802583979,36.03337000668471,5.453615311369744,4.188409977658951,-1.09864770237769,18.36317266590345,153.0,0.9965146859671101,0.0,0.0,1.0,0.9883,1.0,1.0371,0.9396,0.9883
t7_level_blend,45736,22,S-S3a,Mixed,195.4343382075998,30.0,40.429408884061736,20.68695258717312,40.545721120583906,20.746467326286478,39.864453575224175,-6.735164724299327,5.516181061661655,387.0,1.1843673414397047,0.0,7.800000000000001,1.0,1.146,1.0,1.1375,1.1544,1.146
t7_level_blend,45736,23,S-S3a,Mixed,1229.654966317879,75.0,10.809188053518431,0.8790423614427253,129.24023310740026,10.510284319381205,-9.984847337360112,-4.140213765729768,126.65558414560161,849.0,0.9321861269516497,0.0,0.0,1.0,1.2509,1.0,1.3207,1.1811,1.2509
t7_level_blend,45736,24,S-S3a,Mixed,1716.616105021255,75.0,7.7327968827182385,0.45046745513450087,173.83836440556854,10.126804933093418,2.169662446823753,-7.422177072545471,13.128480106947848,965.999,0.9863265930251293,0.0,0.0,1.0,1.3407,1.0,1.4633,1.218,1.3407
t7_level_blend,45736,25,S-S3a,Mixed,604.206085632241,30.0,22.266561286189223,3.6852593536673006,114.14378574089088,18.891531954937342,21.909285634204814,-3.9727766751287796,11.64850522003087,1074.0,1.0090227501349145,0.0,0.0,1.0,1.3073,1.0,1.3113,1.3033,1.3073
t7_level_blend,45736,26,S-S3a,Mixed,511.9479982345725,45.0,34.40542333856381,6.7204918189365355,45.164361951115275,8.82206046451248,34.03298387007683,-5.0486794317802435,43.75800050787805,1272.0,1.0351364613762815,0.0,0.0,1.0,1.0596,1.0,0.9412,1.1779,1.0596
t7_level_blend,45736,27,S-S3a,Mixed,207.11840865271077,45.0,27.28721627613104,13.174693864071413,104.63429914068124,50.51907255435152,-27.268484520933143,-1.0109025828339142,59.40742461699011,1779.999,1.134909108486362,0.0,4.5,1.0,0.7918,1.0,0.6955,0.8881,0.7918
t7_level_blend,45736,28,S-S3a,Mixed,200.05131627067323,60.0,14.239760938459384,7.118054109273002,52.25314285967703,26.119869558357482,-13.812060678784107,3.4637799280640795,60.92722268981271,2093.9990000000003,1.119177318179195,0.0,0.0,1.0,0.8432,0.9931,0.8117,0.8746,0.8373
t7_level_blend,45736,29,S-S3a,Mixed,249.7664044834033,45.0,2.0433248775841073,0.8180943637357296,24.211186583434678,9.693532095924247,-0.2468401775149069,-2.0283605404657514,65.34399744515133,2265.0,0.9109812032862987,0.0,0.0,1.0,0.8158,1.0156,0.7926,0.839,0.8286
t7_level_blend,45736,30,S-S4,Arterial,585.7610505539918,75.0,136.46886996340345,23.29770301974433,99.29403623746659,16.951286901639815,3.5103058374532026,-136.42371576091844,81.29242627375933,983.999,1.1535406417230696,3.383021761724337,0.9,1.0,0.9856,1.0,0.9513,1.02,0.9856
t7_level_blend,45736,31,S-S4,Arterial,505.6339728595723,75.0,279.9299793554062,55.36217785610502,266.66741438519364,52.739220206482074,37.97694406582296,-277.341928062346,17.21596392474055,1781.999,1.4885533033184597,0.0,1.1,1.0,1.5,1.0,2.7522,0.8595,1.5
t7_level_blend,45736,32,S-S4,Arterial,234.92076653320157,30.0,28.330396367543234,12.059553859636871,21.659318162341556,9.219839728081435,-24.675932628261776,13.917963474143503,76.82589529680023,2754.0,0.8489883522893349,0.0,0.0,1.0,0.8374,1.0,0.8026,0.8721,0.8374
t7_level_blend,45736,33,S-S4,Arterial,370.044617244353,45.0,78.75890856758737,21.283624973142143,87.31275196673049,23.595195794747887,-78.59285831737395,5.111584907127309,68.7981781756801,3394.0,0.8900221141609104,0.6826824336610736,0.30000000000000004,1.0,0.7586,1.0,0.7021,0.8152,0.7586
t7_level_blend,45736,34,S-S4,Arterial,125.13336243153022,30.0,14.415024234109218,11.51972899473292,33.32120521172914,26.628554179515202,1.8959760141791264,-14.289793512280486,85.00665241051436,4148.0,1.2181809614174541,0.0,0.0,1.0,0.7,1.0,0.6899,0.7087,0.7
t7_level_blend,45736,35,S-S4,Arterial,392.65608744074865,45.0,58.136193653407155,14.805881154759849,50.75367142591823,12.925731460505347,-58.099624855814966,-2.061699328230649,16.65883452604149,4193.0,0.8576935553493654,0.0,0.0,1.0,0.8003,1.0,0.922,0.6787,0.8003
t7_level_blend,45736,36,S-S4,Arterial,435.11592687334655,30.0,75.40569857402863,17.330024923674582,78.57160164140492,18.057624827940515,-75.26285888010682,4.6391217520552,3.968659806016035,7115.0,0.8379694497294934,0.0,0.0,1.0,1.3312,1.0,1.1764,1.4859,1.3312
t7_level_blend,45736,37,S-S4,Arterial,494.64730174739884,60.0,27.81594248286779,5.623389106663425,163.66040237329918,33.08628224497534,19.62324758090658,-19.71433008216747,22.378770204603597,8038.999000000001,1.190529219247063,0.0,0.0,1.0,1.1225,1.0,0.96,1.2851,1.1225
t7_level_blend,45736,38,S-S4,Arterial,1087.475292240806,60.0,59.37437423348424,5.459836619472972,292.1086065077927,26.8611717978333,-57.92601279102561,-13.034314625317887,116.92598890031957,9170.800000000001,0.890123948852046,0.0,0.0,1.0,1.2954,1.0,1.5307,1.0601,1.2954
t7_level_blend,12345,1,S-M,Highway,783.698075254369,60.0,112.10650187986529,14.304807606357627,160.50687903811342,20.480703488523545,-111.56897993346224,-10.96496604403935,29.692012451472465,8807.866,0.8739643606892538,0.0,0.0,1.0,0.8429,1.0,0.7884,0.8973,0.8429
t7_level_blend,12345,2,S-M,Highway,543.8158974898474,45.0,56.56945362350001,10.40231701291081,118.44924524575596,21.781129568388042,-55.591785531815965,-10.471698269425842,29.656648935029466,9032.865,0.8419972484206427,0.0,0.0,1.0,0.8497,1.0,0.8734,0.826,0.8497
t7_level_blend,12345,3,S-M,Highway,1253.6196653158977,75.0,308.87624806771896,24.638752614804087,388.8231221805614,31.0160356396916,-199.39503439879957,235.89437652791258,111.70537899185052,9149.867,1.0035070600090326,0.0,0.0,1.0,1.1226,1.0,1.2255,1.0197,1.1226
t7_level_blend,12345,4,S-M,Highway,312.2247443755553,30.0,44.09456181446794,14.122699308364039,35.89415697060833,11.496256340091202,44.093536200958425,0.30074391881194273,24.21074944141094,9770.865,1.0665410775516955,0.0,0.0,1.0,0.8099,1.0,0.8347,0.7851,0.8099
t7_level_blend,12345,5,S-M,Highway,514.9010912767462,60.0,202.64551174772626,39.356201643552055,258.3989733927816,50.18419610493673,202.53491059519985,-6.694282761600164,120.7475553213873,9847.866,1.472631944334228,0.0,0.0,1.0,1.4808,1.0,2.2235,0.7381,1.4808
t7_level_blend,12345,6,S-M,Highway,548.9507548567317,30.0,236.3252689196643,43.05035867586006,250.01985786625403,45.54504309434926,-61.57257801188891,228.16320993298086,24.841922201590734,10017.965,0.9649000816710596,0.0,0.0,1.0,1.1223,1.0,1.3257,0.9189,1.1223
t7_level_blend,12345,7,S-M,Highway,1215.9447032075054,75.0,300.7885230320034,24.737023175360033,405.4310469450766,33.34288523775808,-274.4822121380543,-123.01727849198336,101.68838465129147,10276.866,0.8543575573059208,37.18254000981926,2.3000000000000003,1.0,1.0266,1.0,1.1474,0.9057,1.0266
t7_level_blend,12345,8,S-M,Highway,54.67298308472394,45.0,10.13298252584165,18.53380217088042,10.13298252584165,18.53380217088042,4.605978531529921,9.025646604875334,122.02502578538304,10543.866,1.172578563203392,0.23151556690471203,22.900000000000002,1.0,1.0227,1.0,1.1841,0.8612,1.0227
t7_level_blend,12345,9,S-S2,Arterial,113.8174453501425,30.0,57.21781786682572,50.27157101514938,129.4013848808088,113.69204824684354,37.22594347864726,43.452362577491684,85.67576009242822,7798.099,1.3314311950559352,0.9836372301148834,0.9,1.0,0.965,1.0,0.8235,1.1064,0.965
t7_level_blend,12345,10,S-S2,Arterial,151.77327215354785,30.0,138.12408317597257,91.00685596093197,55.78976916916145,36.75862579593024,-100.30025650073203,94.96378730384728,3.2512999817114405,7881.1,0.7721781655804846,0.0,0.0,1.0,0.7141,1.0,0.4318,0.9963,0.7141
t7_level_blend,12345,11,S-S2,Arterial,447.2158137852094,60.0,175.35477466185674,39.21032513981647,355.69776017114856,79.53604260111976,173.51504105565482,-25.334315150897194,91.91305871000475,8134.1990000000005,1.5720803704237807,0.0,0.0,1.0,1.5,1.0,2.9987,1.0433,1.5
t7_level_blend,12345,12,S-S2,Arterial,405.3951175276845,45.0,17.319257886130128,4.272192026325377,157.98256039675792,38.97002049758758,-17.31925164375502,-0.014704644495231345,26.64623624216256,8260.1,0.948368049516028,0.0,0.0,1.0,0.8242,1.0,0.7683,0.8802,0.8242
t7_level_blend,12345,13,S-S2,Arterial,564.670244756734,45.0,2.7840103537473784,0.4930329479193224,270.0925952648934,47.8319156663288,1.484302905266163,-2.3553255688314154,36.788998062254905,8530.2,1.0025313842424182,0.0,0.0,1.0,1.0615,1.0076,1.2574,0.8655,1.0695
t7_level_blend,12345,14,S-S2,Arterial,1343.456906371082,75.0,129.81811505561654,9.662990635574502,438.88611232831323,32.66841759099094,-129.73893602349176,-4.533373587695202,48.99987739499164,9061.2,0.8847765535212594,0.0,0.0,1.0,1.5,1.0,1.8574,1.4292,1.5
t7_level_blend,12345,15,S-S1,Urban,498.7707254824574,60.0,74.99385620059317,15.035737337641889,88.63573876538213,17.770838230260086,-69.87576543655958,-27.229687337355774,89.71510733881348,4180.0,0.8845975111945581,5.6049229554260425,5.2,1.0,0.9124,1.0,0.8585,0.9663,0.9124
t7_level_blend,12345,16,S-S1,Urban,121.0194791617665,30.0,16.553319195741434,13.67822710062621,18.13231401581995,14.982971453366217,-16.55327561276855,0.037985310631978325,7.579688981060087,4393.999000000001,0.8726474294662829,0.0,6.7,1.0,0.9477,1.0,0.919,0.9764,0.9477
t7_level_blend,12345,17,S-S1,Urban,191.77579845013074,45.0,4.419077588714058,2.3042936723129808,19.933595823304536,10.394218657620687,4.207725493953247,-1.3502936356995647,1.1688898586700134,4592.999000000001,0.9363786324045197,0.0,22.5,1.0,0.9247,1.0,0.9182,0.9311,0.9247
t7_level_blend,12345,18,S-S1,Urban,105.77425225241359,45.0,7.022584555361701,6.639219286186406,15.421390673422485,14.579531733887151,-5.634709483662668,-4.191269840027802,12.845398475302545,4788.0,1.1612339718332974,16.485819265033182,29.400000000000002,1.0,0.9611,1.0,0.9632,0.959,0.9611
t7_level_blend,12345,19,S-S1,Urban,180.13164778791392,30.0,348.07274421835547,193.23242111690143,343.1869638674504,190.52008244076964,-137.28895005599793,-319.8536844562189,152.33035699731187,4865.999000000001,1.2124595888213143,0.0,0.7000000000000001,1.0,1.5,1.0,5.3202,0.9652,1.5
t7_level_blend,12345,20,S-S1,Urban,555.0088184825844,75.0,35.073876445583856,6.319516965780327,76.03425344544843,13.699647809800396,34.8304435361759,-4.125168116979584,50.46687000474827,4982.0,1.0178061882061868,0.0,26.5,1.0,1.1047,1.0,1.1257,1.0838,1.1047
t7_level_blend,12345,21,S-S3a,Mixed,1769.1501173916868,75.0,249.88318648806901,14.124476155617568,319.9316545826063,18.083917890150076,-249.852183759526,-3.9361351637251047,6.345197034534522,957.0000000000001,0.8649549998305895,0.0,0.0,1.0,1.198,1.0,1.178,1.218,1.198
t7_level_blend,12345,22,S-S3a,Mixed,1231.7818929957293,75.0,88.39654375151801,7.176314593855171,66.1195781714513,5.367799165373876,88.32290745768839,3.607348809672896,20.866981168163335,1146.0,1.052744175546837,0.0,0.0,1.0,1.2733,1.0,1.2228,1.3238,1.2733
t7_level_blend,12345,23,S-S3a,Mixed,138.51106062656623,60.0,46.73725329847122,33.74261455153934,42.05363337063125,30.361209552795398,45.97224295192487,-8.421622400384223,12.19875452815171,1307.999,1.309034228043716,8.325258811568455,38.0,1.0,1.0869,1.0016,1.0353,1.1385,1.0886
t7_level_blend,12345,24,S-S3a,Mixed,488.7073372724425,45.0,59.6332711428958,12.202245924057346,52.99159332756549,10.84321623311826,59.347558001901554,-5.83047051386594,8.568950958085452,1572.999,1.1100884569769853,0.0,0.0,1.0,1.1302,1.0,1.1151,1.1453,1.1302
t7_level_blend,12345,25,S-S3a,Mixed,238.0199395775557,30.0,15.589744679878452,6.549764153182947,12.709725090809032,5.339773261587495,-15.397475522609332,2.440878267027066,35.205673934005546,1734.999,1.0109946935391383,0.0,0.0,1.0,0.8533,0.9719,0.7651,0.9415,0.8293
t7_level_blend,12345,26,S-S3a,Mixed,207.11840865271077,45.0,27.28721627613104,13.174693864071413,104.63429914068124,50.51907255435152,-27.268484520933143,-1.0109025828339142,59.40742461699011,1779.999,1.134909108486362,0.0,4.5,1.0,0.7918,1.0,0.6955,0.8881,0.7918
t7_level_blend,12345,27,S-S3a,Mixed,257.0707501113978,60.0,10.622521283397983,4.132139218014835,77.07217415422203,29.98091930755403,-10.339248309944468,2.4367812379353255,83.1287343844433,1904.999,1.1338095788335345,0.16570304653467163,3.1,1.0,0.8481,1.0,0.8598,0.8363,0.8481
t7_level_blend,12345,28,S-S3a,Mixed,98.90739891707942,30.0,11.844873055027788,11.97571990034651,15.379683904089722,15.549578770121661,-9.900006203710165,6.503144997324265,29.989433180787216,2291.9990000000003,0.846890466580971,0.0,0.0,1.0,0.8241,1.0,0.7859,0.8622,0.8241
t7_level_blend,12345,29,S-S3a,Mixed,294.92856772094046,30.0,382.30445901764523,129.6261199692867,300.15388102585774,101.77172165629659,-295.0451146742934,-243.11536292798826,81.11625028930382,2363.9990000000003,0.7873285608147,0.0,0.0,1.0,0.7821,1.0,0.6785,0.8858,0.7821
t7_level_blend,12345,30,S-S4,Arterial,458.8808663714479,75.0,20.42426874445071,4.450886982051238,37.973749352909344,8.275295863430255,20.311740860516274,-2.141013068801739,61.78300168693994,1727.999,1.0002429813385507,0.0,0.6000000000000001,1.0,1.0003,1.0,0.9998,1.0008,1.0003
t7_level_blend,12345,31,S-S4,Arterial,232.91056931938414,30.0,24.75745217218158,10.629595833511676,152.63320156414187,65.53296486723193,-24.75471186630877,-0.36834559029549574,67.16535546192318,2790.0,1.1041113768242259,0.0,0.0,1.0,0.9454,1.0,0.9964,0.8944,0.9454
t7_level_blend,12345,32,S-S4,Arterial,291.3009575322234,45.0,24.39808702741648,8.375560188372395,37.57245482525822,12.898156993219631,-21.114029751498595,-12.22556331013915,10.18324451063512,4613.999000000001,0.8210114884928249,0.0,0.0,1.0,0.9004,1.0,0.9395,0.8613,0.9004
t7_level_blend,12345,33,S-S4,Arterial,211.5995001088083,30.0,72.16949181566012,34.106645704998954,66.54995420744413,31.450903321237973,-71.90283319792546,6.198235800769602,43.28731473558685,4906.999000000001,0.6539917692000343,0.0,0.0,1.0,0.7374,1.0,0.6622,0.8126,0.7374
t7_level_blend,12345,34,S-S4,Arterial,674.9360141089741,75.0,136.31617240133636,20.19690304736457,136.61201789357148,20.24073616428984,-97.56861639755105,-95.1969744919364,121.29286105388525,4970.0,0.8091390772146487,0.0,0.0,1.0,0.7695,1.0,0.6824,0.8565,0.7695
t7_level_blend,12345,35,S-S4,Arterial,183.4425225563541,60.0,3.665335990909064,1.9980841627289885,36.232253919941,19.751284170664597,-3.579456571674007,0.7887829725298925,48.00331233928972,5222.0,0.6190873467969659,0.0,2.0,1.0,1.0395,1.0,1.1112,0.9679,1.0395
t7_level_blend,12345,36,S-S4,Arterial,1115.3688392277472,45.0,535.8000736183494,48.03792743477786,432.5436882501063,38.780327460966944,-517.4884542659647,-138.87915103013574,36.954611300572964,6710.0,0.8110686018904639,0.0,0.0,1.0,1.4924,1.0,1.3302,1.6547,1.4924
t7_level_blend,12345,37,S-S4,Arterial,343.6883113248635,30.0,53.85419183893646,15.66948600356444,91.6660401033175,26.671270765642152,53.84983546168691,-0.684981294793193,2.787836943319064,7087.999000000001,1.1118995971429502,0.0,0.0,1.0,1.3751,1.0,1.1005,1.6496,1.3751
t7_level_blend,12345,38,S-S4,Arterial,716.5876912876818,60.0,51.13243980172339,7.135545366379413,68.87531867383967,9.611568760003852,51.09802004995587,-1.875832362226057,63.11960774710849,7606.000000000001,1.0208311148891163,0.0,0.0,1.0,1.1638,1.0,1.2032,1.1245,1.1638
t7_level_blend,12345,39,S-S4,Arterial,403.4263825753887,45.0,96.89126889966727,24.01708789621886,219.74881202269597,54.4706101321054,96.87145346711851,1.959462210791994,18.87524388857838,8011.999000000001,1.3328068777750073,0.0,0.0,1.0,1.1503,1.0,0.9893,1.3114,1.1503
t7_level_blend,987654,1,S-M,Highway,427.08928122812824,60.0,94.97992942914884,22.23889327215769,111.47292344048662,26.100613698367148,-94.91277508309048,-3.5710111163042804,4.341152341636132,8726.866,0.7841629276202842,0.0,0.0,1.0,0.8434,1.0,0.9193,0.7676,0.8434
t7_level_blend,987654,2,S-M,Highway,818.6155364482948,75.0,68.55901463153839,8.374995535632458,218.0191710562899,26.63266959263976,67.2716343819393,13.22367932272171,8.703566908894288,8906.865,1.050101571825596,0.0,0.0,1.0,0.87,1.0,0.8216,0.9183,0.87
t7_level_blend,987654,3,S-M,Highway,423.20936379262923,30.0,55.619132527325924,13.142226350780618,62.685182144849286,14.811860867890617,55.56007203314411,-2.5624790270523006,14.912821023935777,9365.866,1.1223537156275474,0.0,0.0,1.0,1.0978,1.0,0.9998,1.1957,1.0978
t7_level_blend,987654,4,S-M,Highway,385.85668169977976,60.0,81.11576408833133,21.022252026581306,116.3712879577795,30.159199899076395,30.725884009668636,75.07121442642455,70.81411390470277,9698.866,1.2330122683134865,1.1326183235252771,1.7000000000000002,1.0,0.8612,1.0,0.8321,0.8902,0.8612
t7_level_blend,987654,5,S-M,Highway,127.49065222729283,45.0,33.44205099110734,26.23098274804195,36.06845335943538,28.29105721032146,-33.43701712605062,0.5802242704510636,4.680102392339734,9797.965,0.7880201686128884,0.038294592657083106,11.8,1.0,0.7472,1.0,0.738,0.7564,0.7472
t7_level_blend,987654,6,S-M,Highway,498.83433485424433,45.0,2.095740561116867,0.4201275683497662,157.1265232374936,31.498738610966864,-1.3781701671651798,-1.5788525864837226,46.63855818965044,9865.865,0.9960235411033438,0.0,0.0,1.0,1.0105,1.0,1.2679,0.7531,1.0105
t7_level_blend,987654,7,S-M,Highway,427.1267600882112,30.0,106.28965143050162,24.884802677441805,108.78026254040235,25.467910865134463,106.23537424510748,-3.3963598483509614,11.10581459467349,9999.866,1.2604583733281822,0.0,0.0,1.0,1.6,1.0,8.8264,0.9316,1.6
t7_level_blend,987654,8,S-M,Highway,485.52801697754387,75.0,109.37379069514131,22.52677227073385,252.6933651769515,52.045063588707144,106.84234653382214,-23.395278971861973,16.57254435796355,10152.865,1.2045460752709534,0.4991554786723331,15.4,1.0,1.0624,1.0,0.9481,1.1767,1.0624
t7_level_blend,987654,9,S-S2,Arterial,263.72929562995785,60.0,47.984036162114606,18.19442775498163,51.242482605242344,19.429954674865307,-47.47383449299312,6.978736629148493,146.82584493928567,7618.101000000001,1.1298466682321218,0.0,0.0,1.0,1.0096,1.0,1.0355,0.9837,1.0096
t7_level_blend,987654,10,S-S2,Arterial,113.8174453501425,30.0,57.21781786682572,50.27157101514938,129.4013848808088,113.69204824684354,37.22594347864726,43.452362577491684,85.67576009242822,7798.099,1.3314311950559352,0.9836372301148834,0.9,1.0,0.965,1.0,0.8235,1.1064,0.965
t7_level_blend,987654,11,S-S2,Arterial,280.8252391519308,30.0,78.20533416645898,27.84839938270245,46.56177401862591,16.58033806335878,78.06236168268605,-4.7267304354095,45.03651984640328,8033.1,1.178452351601274,7.262664912376426,5.2,1.0,1.1328,1.0,1.3475,0.9182,1.1328
t7_level_blend,987654,12,S-S2,Arterial,347.2174278735249,45.0,265.1850521510011,76.3743495754469,176.3966321894581,50.802931543433694,-261.21725139535164,-45.70185398631943,80.50180933041867,8206.2,1.1698650854567267,0.0,0.0,1.0,0.9697,1.0,1.0103,0.9291,0.9697
t7_level_blend,987654,13,S-S2,Arterial,566.2036149193818,75.0,31.950941397267812,5.643012611605651,107.89813361608493,19.056419064270347,-9.945691296937117,30.36356172779589,56.932146305622894,8386.201000000001,0.8905833792701583,6.476463454990498,5.9,1.0,0.7812,1.0,0.7831,0.7792,0.7812
t7_level_blend,987654,14,S-S2,Arterial,265.2414706002461,45.0,19.07166139200637,7.19030148221048,148.32243649840262,55.91977610542814,-18.32930478000646,-5.269236617668512,41.432350860712376,8854.1,0.8472937988284912,0.0,1.5,1.0,0.8241,1.0,0.8503,0.7979,0.8241
t7_level_blend,987654,15,S-S1,Urban,242.83061682813025,60.0,36.07581574756319,14.856370345217545,44.179204998914564,18.193424526110544,35.88465214771419,-3.7089381350569024,10.793442075521,4216.0,1.2509074440858081,17.57990146418941,31.6,1.0,1.047,1.0064,1.1202,0.9738,1.0537
t7_level_blend,987654,16,S-S1,Urban,254.781794447736,30.0,10.059268809171698,3.948189795497802,15.050207514863473,5.907096913060936,10.00794072498889,-1.0148947828634527,71.0186966093849,4331.0,0.9720742354845872,0.0,0.0,1.0,1.0131,1.0,1.0543,0.9719,1.0131
t7_level_blend,987654,17,S-S1,Urban,191.77579845013074,45.0,4.419077588714058,2.3042936723129808,19.933595823304536,10.394218657620687,4.207725493953247,-1.3502936356995647,1.1688898586700134,4592.999000000001,0.9363786324045197,0.0,22.5,1.0,0.9247,1.0,0.9182,0.9311,0.9247
t7_level_blend,987654,18,S-S1,Urban,105.77425225241359,30.0,7.022584555361701,6.639219286186406,15.421390673422485,14.579531733887151,-5.634709483662668,-4.191269840027802,12.402292274282388,4788.0,1.137152841682496,14.015423737984714,14.4,1.0,0.9611,1.0,0.9632,0.959,0.9611
t7_level_blend,987654,19,S-S1,Urban,284.2776100888617,45.0,22.272388554488234,7.834731883220123,22.30033088762983,7.844561124831118,21.47532392961446,-5.90506173043323,32.40741184661624,4999.900000000001,1.0292224753681607,0.0,18.2,1.0,1.0785,1.0,1.0596,1.0974,1.0785
t7_level_blend,987654,20,S-S1,Urban,155.02425348000529,75.0,58.42725649436329,37.68910682217806,55.33903770037688,35.69701931028128,30.938326577419403,-49.56373926619199,156.89782481313244,5065.999000000001,0.8783994235663345,0.0,30.700000000000003,1.0,0.9597,1.0,0.8677,1.0516,0.9597
t7_level_blend,987654,21,S-S3a,Mixed,666.7759832065091,60.0,45.53512876893591,6.829149506849154,71.7007787039999,10.753353526501156,-44.41170532710592,-10.052282424498765,17.793435567023266,143.999,0.907156796468845,0.0,0.0,1.0,0.9723,1.0,1.0215,0.923,0.9723
t7_level_blend,987654,22,S-S3a,Mixed,343.4174747817301,60.0,3.5955956661782675,1.047004282022504,106.15753866228239,30.912095760343643,0.9774909838309811,-3.460176234120031,37.444761659932226,519.0,1.0208976588234382,0.0,17.1,1.0,1.0881,1.0,1.0921,1.084,1.0881
t7_level_blend,987654,23,S-S3a,Mixed,389.703307789954,30.0,20.312577580161637,5.212318493100885,24.806888952936895,6.365583369979386,5.768112449591123,-19.476387927923316,66.67658664791507,758.999,1.0647045440703065,0.0,0.0,1.0,1.2413,1.0,1.1207,1.3618,1.2413
t7_level_blend,987654,24,S-S3a,Mixed,338.24202909803245,30.0,60.39953515982935,17.856898304711798,73.00190019669016,21.582740734899055,60.387770473968004,-1.1920674086729548,9.931923731117934,1253.999,1.1761355096188353,0.0,0.0,1.0,1.1685,1.0,1.1027,1.2343,1.1685
t7_level_blend,987654,25,S-S3a,Mixed,391.5396147133529,45.0,38.44563036442304,9.81909081985719,36.541983292567636,9.332895553702814,37.906323927731094,-6.416938553840771,8.766471779883972,1653.999,1.0840140430530778,0.0,0.0,1.0,0.9515,1.0018,0.8998,1.0032,0.9533
t7_level_blend,987654,26,S-S3a,Mixed,213.90171974270731,30.0,21.786354019716164,10.18521685843479,58.21030995148138,27.21357734827935,15.690193776571421,-15.114993904267445,106.00368365829371,1762.0,1.1947144064162787,0.0,0.0,1.0,0.8511,1.0,0.8038,0.8985,0.8511
t7_level_blend,987654,27,S-S3a,Mixed,649.9862446243249,75.0,125.30752444369807,19.278488657267285,351.12363150629693,54.02016341272533,123.95509011564123,-18.360591402001592,61.862889532646676,1832.999,1.3544743781071475,0.0,0.0,1.0,1.2525,1.0,1.6815,0.8234,1.2525
t7_level_blend,987654,28,S-S3a,Mixed,117.86811273614683,45.0,9.97106053726503,8.459506397277867,67.40952349528789,57.19063615295783,-9.41184496836103,3.2922974545659,32.304868550569495,2111.9990000000003,1.414507914834435,0.0,0.0,1.0,1.021,1.0,1.1417,0.9002,1.021
t7_level_blend,987654,29,S-S3a,Mixed,744.0517077882085,75.0,7.710889353747612,1.036337834190213,16.350552193712524,2.1975021389732023,-5.345022020344665,5.557747225969252,21.6181257371033,2372.9990000000003,1.000326029933053,0.0,0.0,1.0,0.8464,1.0,0.7914,0.9015,0.8464
t7_level_blend,987654,30,S-S4,Arterial,746.4163097109229,60.0,807.3794101329139,108.16743948770376,920.2709361185481,123.29191151717423,-142.9041388278282,-794.6319393357209,115.82525612826521,1547.999,1.081320421083385,0.0,0.0,1.0,1.3214,1.0,1.3214,,1.3214
t7_level_blend,987654,31,S-S4,Arterial,897.9297776571389,75.0,126.15281014525596,14.049295756112626,210.05854786420332,23.39364982552244,-126.14087723120605,1.7351077450114687,142.99748269650905,2243.0,0.8389233626662451,0.0,0.0,1.0,0.8411,1.0,0.8313,0.8509,0.8411
t7_level_blend,987654,32,S-S4,Arterial,201.7132984681376,30.0,9.149843103164416,4.53606339921595,16.324403494505955,8.092874202384102,-8.363982385811452,3.709909360396993,62.59950485995782,2745.0,0.8595085289786536,0.0,0.0,1.0,0.8224,1.0,0.7739,0.8708,0.8224
t7_level_blend,987654,33,S-S4,Arterial,909.1128397279243,45.0,107.79559540976143,11.857229454819059,109.8269076037058,12.080668405978555,-107.51385452433694,-7.788547686487675,49.39721231044493,6682.999000000001,0.864761326208245,0.0,0.0,1.0,1.5,1.0,2.1231,1.5551,1.5
t7_level_blend,987654,34,S-S4,Arterial,579.2657750776938,45.0,74.81895355844509,12.916170224006422,283.69657920560707,48.97520126535292,74.81846811072728,-0.26952021231490875,38.446659540798436,7588.000000000001,1.0699995604395995,0.0,0.0,1.0,1.0886,1.0,1.0277,1.1496,1.0886
t7_level_blend,987654,35,S-S4,Arterial,750.5722351617737,45.0,31.844769871557745,4.24273219548204,117.8411374873787,15.700172743797264,-31.442467787543997,-5.0458485512082145,29.538835895551927,7678.000000000001,0.9404516210808919,0.0,0.0,1.0,1.2161,1.0,1.3477,1.0845,1.2161
t7_level_blend,987654,36,S-S4,Arterial,709.3914725673854,60.0,144.45825729592394,20.36368674874391,204.0484036191983,28.76386473616874,-144.44104811316313,-2.2297356225035188,104.6741934540791,7876.999000000001,0.8543359117271293,0.0,0.0,1.0,1.063,1.0,1.1755,0.9504,1.063
t7_level_blend,987654,37,S-S4,Arterial,448.2073809849286,30.0,7.425718887880784,1.6567596168458636,26.045388363731185,5.811012818775286,-7.1242649040241215,-2.0943138683396048,5.096915866555264,8357.0,0.97756959736533,0.0,0.0,1.0,1.2938,1.0,1.1681,1.4196,1.2938
t7_level_blend,987654,38,S-S4,Arterial,265.2023800060632,30.0,65.04491928120432,24.526521700037996,79.60006546903345,30.014838278304133,-65.02999924968807,1.3930979448528866,107.7620341483152,8671.999,0.8006810327437608,0.0,0.0,1.0,0.9715,1.0,0.9829,0.9601,0.9715
t7_level_blend,987654,39,S-S4,Arterial,934.3708203197764,75.0,1215.4755383989432,130.08492045834248,1227.3045967436728,131.35091229878557,-1198.982756587962,199.5523336143481,72.85708608230209,9098.900000000001,0.6997488327068273,0.0,0.0,1.0,0.9557,1.0,1.0158,0.8956,0.9557
t7_level_blend,314159,1,S-M,Highway,251.82914529169057,30.0,71.3141200726288,28.31845376357313,79.11981638761674,31.418053814213298,71.00181446828078,-6.666788128113325,7.202618749303639,8780.866,1.2594653769628001,0.0,0.0,1.0,0.9757,1.0181,1.0989,0.8525,0.9934
t7_level_blend,314159,2,S-M,Highway,448.95398291648814,45.0,16.226254650365828,3.6142355938034174,55.06366489420056,12.264879473057976,16.18844840183296,-1.1070132427891597,24.465422576371026,8879.866,1.044437444486337,0.0,0.0,1.0,0.8743,1.0,0.8158,0.9329,0.8743
t7_level_blend,314159,3,S-M,Highway,1174.598854097475,75.0,100.52228352670981,8.558009670795055,357.8542902055114,30.466085417772305,100.50750517007053,-1.7236269644226354,48.25895541818525,9410.865,1.0521409394682069,0.0,0.0,1.0,1.1096,1.0,1.0879,1.1313,1.1096
t7_level_blend,314159,4,S-M,Highway,954.223430562703,75.0,109.87774500824152,11.514886502362126,329.9548958482773,34.57836867972355,109.87617819849534,0.5867815510393442,43.6778569161626,9545.865,1.097141610226614,0.0,0.0,1.0,0.9866,1.0,0.9332,1.04,0.9866
t7_level_blend,314159,5,S-M,Highway,454.7242394214451,60.0,9.32069879221279,2.049747513805665,56.12360665919949,12.342338893261266,-8.71762427599809,-3.2982499841106208,11.2480215915202,9662.865,1.0368913511056834,0.0,0.0,1.0,0.8674,1.0,0.8039,0.9309,0.8674
t7_level_blend,314159,6,S-M,Highway,285.0293085231636,30.0,4.1599375325290096,1.4594771162597626,46.54785750772859,16.330902161924783,-1.5610011600366847,-3.855950680818891,9.325740642200572,9910.865,1.0187005041820314,0.0,0.0,1.0,0.8776,0.9816,0.9498,0.8054,0.8615
t7_level_blend,314159,7,S-M,Highway,944.5454113194985,60.0,13.583068565923897,1.4380535232232827,125.79530988434568,13.318079615527836,-12.91570650201154,-4.205267794146613,20.17532160828725,10026.865,0.9421285092666886,0.0,0.0,1.0,1.0988,1.0,1.2679,0.9297,1.0988
t7_level_blend,314159,8,S-M,Highway,54.67298308472394,45.0,10.13298252584165,18.53380217088042,10.13298252584165,18.53380217088042,4.605978531529921,9.025646604875334,122.02502578538304,10543.866,1.172578563203392,0.23151556690471203,22.900000000000002,1.0,1.0227,1.0,1.1841,0.8612,1.0227
t7_level_blend,314159,9,S-S2,Arterial,498.960672253589,75.0,65.23459005606293,13.074094549661913,83.77552903877947,16.79000644688122,-16.94356642348725,62.995772053650235,132.10857467537915,7573.200000000001,1.2024349120534785,0.0,0.0,1.0,1.1822,1.0,1.4672,0.8971,1.1822
t7_level_blend,314159,10,S-S2,Arterial,632.0199215559988,60.0,101.05603052243691,15.989374238970575,142.174049472097,22.495184822983457,-49.84434672241777,87.90826129987501,162.2375796469977,7970.1990000000005,0.7535134440404161,0.0,0.0,1.0,0.8215,1.0,0.9229,0.72,0.8215
t7_level_blend,314159,11,S-S2,Arterial,280.67219450907874,45.0,85.7096266003952,30.537270266585953,110.08767631909191,39.222865133343646,76.93577094657408,-37.776014094071115,95.63125515926043,8359.2,1.0573135342096263,0.0,0.0,1.0,0.8264,1.0,0.8297,0.8232,0.8264
t7_level_blend,314159,12,S-S2,Arterial,391.759845436425,30.0,60.7891684791032,15.516947228571464,124.36874487359232,31.74616957872344,-24.02788883540182,55.838907246599724,35.049015590739714,8647.1,0.8308681312972476,0.0,0.0,1.0,0.9676,1.0,0.925,1.0103,0.9676
t7_level_blend,314159,13,S-S2,Arterial,198.4000418380012,30.0,47.164296261243706,23.772321731542064,122.17883097046742,61.58205907548629,-38.49119309407074,-27.25617170501625,43.738645295301524,8845.101,0.8842585805549467,0.0,0.0,1.0,0.7678,1.0,0.6991,0.8364,0.7678
t7_level_blend,314159,14,S-S2,Arterial,328.3427892753167,45.0,93.883533989511,28.593146265438246,139.40080269239652,42.455874545034824,46.16614834838924,-81.74842323270943,15.936669610460086,9312.1,1.2210795570499313,0.0,0.0,1.0,1.5,1.0,1.9725,1.5387,1.5
t7_level_blend,314159,15,S-S1,Urban,350.4209584234263,30.0,5.218050044184818,1.489080467007815,25.152309925567693,7.177741319677359,4.903612957971301,-1.7839916541377436,0.14789734235105811,4207.0,1.0787770910568817,0.0,0.0,1.0,1.065,1.0,1.1562,0.9738,1.065
t7_level_blend,314159,16,S-S1,Urban,375.2656671401586,60.0,33.96920896579643,9.05204284331964,80.08033345368341,21.33963761299114,-33.23217115960979,7.03775232445308,98.88720710886997,4375.999000000001,1.0005757582024106,0.0,6.7,1.0,0.9599,1.0,0.8732,1.0467,0.9599
t7_level_blend,314159,17,S-S1,Urban,301.4854626724725,45.0,6.102469074532661,2.02413377429155,37.996555287639595,12.603113579946722,-5.562389794974659,-2.5099698353544584,16.98525975099301,4457.999000000001,1.0118305155537406,0.0,0.0,1.0,1.0471,1.0,1.1635,0.9306,1.0471
t7_level_blend,314159,18,S-S1,Urban,110.71098871230231,30.0,45.37278716697365,40.98309273064218,87.07841363733763,78.65381264331658,-34.989029679792054,-28.886980066564934,138.24873601187517,4557.0,1.2786556897922428,0.0,0.0,1.0,0.9762,1.0,1.018,0.9345,0.9762
t7_level_blend,314159,19,S-S1,Urban,329.19584120109806,75.0,49.73653359712837,15.10849390310052,48.90572688104861,14.856119294403006,49.58252320543883,3.911031429226666,10.941339982842976,4700.0,1.112871280753036,4.942430377741072,9.1,1.0,0.9773,1.0,1.0233,0.9313,0.9773
t7_level_blend,314159,20,S-S1,Urban,133.1744210584332,45.0,61.82835743924241,46.42660125559236,186.8011163183567,140.26801455843656,-7.423374847817765,-61.38109879680804,29.84478779194268,5123.999000000001,2.2903449821329827,0.01874648815151123,6.6000000000000005,1.0,1.5,1.0,9.0602,1.0562,1.5
t7_level_blend,314159,21,S-S3a,Mixed,235.67019116312846,30.0,65.42842652516097,27.762707791870078,140.0459276951676,59.42454028826635,49.26656816462986,43.054433672251086,16.44704418311602,98.99900000000001,1.2522183892110046,0.0,0.0,1.0,1.3581,0.9761,1.8283,0.8878,1.3256
t7_level_blend,314159,22,S-S3a,Mixed,254.06524017411385,30.0,29.320955945426363,11.54071919690091,36.19075132205304,14.244668533661315,29.28633438509367,-1.424456330714924,3.336568105106153,189.0,1.0776390864346932,0.31074584179644044,5.7,1.0,0.9727,1.0246,0.9384,1.0069,0.9966
t7_level_blend,314159,23,S-S3a,Mixed,475.09849544200557,45.0,16.253094500484835,3.4209947319163465,105.7489612576733,22.25832375227589,-11.212832875182933,-11.765859924158,13.406969685877925,254.99900000000002,0.9846262047340544,0.0,8.3,1.0,1.0487,1.0,1.0791,1.0183,1.0487
t7_level_blend,314159,24,S-S3a,Mixed,333.3256230673337,45.0,27.790358647354733,8.337300442618814,15.241654527222066,4.572602126102727,27.57752436243969,-3.432809896811883,1.9845066731223255,378.0,1.0121499823112305,0.0,7.800000000000001,1.0,1.1018,1.0,1.118,1.0856,1.1018
t7_level_blend,314159,25,S-S3a,Mixed,343.4174747817301,75.0,3.5955956661782675,1.047004282022504,106.15753866228239,30.912095760343643,0.9774909838309811,-3.460176234120031,37.22009230986467,519.0,1.02011036863594,0.0,31.700000000000003,1.0,1.0881,1.0,1.0921,1.084,1.0881
t7_level_blend,314159,26,S-S3a,Mixed,760.9367917587459,60.0,91.25508497817863,11.992465861357765,106.35571568394438,13.976944844278776,-91.0116916011597,-6.660519969942168,7.0946497900237375,623.999,0.8864499553708963,0.0,0.0,1.0,1.3112,1.0,1.5534,1.0689,1.3112
t7_level_blend,314159,27,S-S3a,Mixed,603.876045450248,30.0,82.06630666297566,13.58992582687848,97.3400479506828,16.11921000742899,-81.19582352699146,-11.921280597118002,3.3766782048468826,867.0,0.8465496218962698,0.0,0.0,1.0,1.2508,1.0,1.3247,1.1768,1.2508
t7_level_blend,314159,28,S-S3a,Mixed,1516.8425334734472,75.0,176.80903596072147,11.656387005172055,177.1987084690646,11.682076719149865,176.6569558380458,-7.331790463075166,16.52104735090643,993.0000000000001,1.0932739712507595,0.0,0.0,1.0,1.3843,1.0,1.4704,1.2983,1.3843
t7_level_blend,314159,29,S-S3a,Mixed,604.9259033017199,60.0,79.30468626008307,13.1098182152944,81.96237918870301,13.5491601105768,78.9554186029801,-7.43472501430907,0.7582972234754095,1546.0,1.1017759183437157,0.0,0.0,1.0,1.2129,1.035,1.3094,1.1164,1.2553
t7_level_blend,314159,30,S-S3a,Mixed,294.225288472987,45.0,149.08438169578807,50.67014547577734,179.76795075228233,61.098742288695874,138.2557851000928,55.78073818059768,142.38883069818945,2219.9990000000003,0.8089975811289052,0.0,0.0,1.0,0.7753,1.0,0.7279,0.8227,0.7753
t7_level_blend,314159,31,S-S4,Arterial,509.6097765756361,45.0,153.7561224673867,30.17134472979764,76.84143848721891,15.07848593556449,-151.0208104695633,28.87317096063849,108.8012842439316,693.0,0.933715575191224,0.0,0.0,1.0,0.9905,1.0,1.0785,0.9024,0.9905
t7_level_blend,314159,32,S-S4,Arterial,616.3999516839654,45.0,56.24087165945788,9.124087616459315,164.7994260680921,26.735794773810508,56.22452303061209,-1.3559701308594825,16.571328786804912,1521.0,1.1161517451773677,0.0,0.0,1.0,1.5,1.0,3.8537,,1.5
t7_level_blend,314159,33,S-S4,Arterial,625.5146730841803,60.0,279.8038901361297,44.73178682708125,150.417331392193,24.046970896868185,-240.7430760644335,142.59378760081287,137.0710971344751,2234.0,0.8691697116588699,0.0,0.0,1.0,0.8149,1.0,0.7742,0.8556,0.8149
t7_level_blend,314159,34,S-S4,Arterial,440.756279466452,45.0,1.7778688368148488,0.40336778388432937,43.43684207016405,9.855070498994497,1.7770798028924215,-0.05296201534322753,86.73646106741523,2546.0,1.0345131887577397,0.0,0.0,1.0,0.9247,1.0,0.8604,0.9891,0.9247
t7_level_blend,314159,35,S-S4,Arterial,226.64428517034582,30.0,8.664796485283002,3.8230818300891825,15.45355178385455,6.818416697442718,8.45854345101306,-1.8792926378552004,30.841697813202728,4348.999000000001,0.9664034109395241,0.0,0.0,1.0,0.8618,1.0,0.9327,0.791,0.8618
t7_level_blend,314159,36,S-S4,Arterial,627.4258978727169,75.0,24.6271421213528,3.92510768281178,91.54186112071254,14.590067357927778,-24.593513971513055,-1.2865456067709484,7.733053962151075,5332.0,0.943166237787394,0.0,1.1,1.0,1.0966,1.0,1.0848,1.1085,1.0966
t7_level_blend,314159,37,S-S4,Arterial,363.68766426295684,30.0,61.89542665035519,17.018841366476202,67.16294383954254,18.467204263211347,61.88607285394137,-1.0760236736061586,25.919816985658997,5712.0,1.1337434713788193,0.0,0.0,1.0,1.1725,1.0,1.2843,1.0607,1.1725
t7_level_blend,314159,38,S-S4,Arterial,780.2399620221747,60.0,8.028171201772842,1.0289361725290198,102.21629806001374,13.100623274293238,7.304252417377187,-3.3315806261014207,10.212523002529053,5972.999000000001,1.00473925126954,0.0,0.0,1.0,1.5,1.0,1.5624,1.6233,1.5
t7_level_blend,314159,39,S-S4,Arterial,182.92241218330372,30.0,7.907804082439513,4.323037285619886,78.42042710058618,42.870868672999066,0.48992693239174784,7.892612812444573,75.00439945297651,7525.000000000001,1.185320772393256,0.0,0.0,1.0,1.1489,1.0,1.1445,1.1534,1.1489
t7_level_blend,314159,40,S-S4,Arterial,759.6562336548984,75.0,27.10751038093644,3.5683917514262133,138.13320862939713,18.183647090579814,27.103360055522284,0.4743340102671798,45.13279910411637,8699.0,1.0942408734508908,0.0,0.0,1.0,1.182,1.0,1.4087,0.9553,1.182
