scenario_id,trip,start_time_s,duration_s,distance_m,final_pos_err_m,drift_pct,along_track_err_m,cross_track_err_m,mean_heading_err_deg,max_heading_err_deg
1,S-S1 (Highway),1955.658644289139,74.96231729751095,1025.03,594.2,57.97,298.47,513.8,29.87,38.12
2,S-S1 (Highway),4810.313080393624,33.97716475108518,8.64,11.24,130.06,11.07,1.96,0.0,0.0
3,S-S1 (Highway),3726.663252710665,55.996410688952814,549.43,178.05,32.41,53.24,169.91,13.53,18.28
4,S-S1 (Highway),3066.052861295734,61.46901982034297,305.43,431.29,141.21,309.82,300.03,110.3,173.8
5,S-S1 (Highway),872.9941980534114,23.25152889039984,184.83,119.32,64.55,103.08,60.09,41.47,99.56
6,S-S1 (Highway),872.8746950111957,62.528139633100686,332.81,266.54,80.09,144.22,224.15,39.8,98.29
7,S-S1 (Highway),387.7751984037321,31.936688658110405,429.22,60.58,14.11,22.81,56.13,5.05,12.12
8,S-S1 (Highway),4391.468848065771,24.553611508969567,84.36,65.36,77.47,31.07,57.5,72.84,77.39
9,S-S1 (Highway),3078.223724566717,86.42198760773333,393.38,489.42,124.41,270.44,407.91,100.75,167.41
10,S-S1 (Highway),3608.14487861793,87.59424231521916,491.68,224.22,45.6,170.25,145.9,51.55,172.73
11,S-S1 (Highway),201.98585640405892,76.58781436815228,900.9,375.69,41.7,125.07,354.26,46.28,91.78
12,S-S1 (Highway),4905.4173926267495,41.32296384213595,322.47,49.48,15.34,45.53,19.37,1.68,3.46
13,S-S1 (Highway),4224.336231403049,26.83704798044687,124.54,43.83,35.19,37.0,23.49,8.1,9.57
14,S-S1 (Highway),1152.0339115164086,67.89631185585098,435.48,518.77,119.13,220.79,469.44,62.96,103.41
15,S-S1 (Highway),1000.8516182026128,50.81067456177209,353.07,491.04,139.08,327.48,365.89,90.26,153.44
16,S-S1 (Highway),1008.677460664328,28.54267643913452,220.71,87.63,39.7,68.98,54.04,10.45,14.81
17,S-S1 (Highway),1607.3678885007869,54.66238370778891,203.76,340.01,166.87,129.72,314.29,85.31,165.63
18,S-S1 (Highway),2699.905215765491,22.407196478065288,244.62,39.0,15.95,38.98,1.3,8.62,17.89
19,S-S1 (Highway),2240.0711629173443,83.65242814551475,688.42,292.84,42.54,198.55,215.25,27.12,108.46
20,S-S1 (Highway),1542.8944838820587,38.11459871200118,191.63,150.57,78.57,33.51,146.79,42.6,87.47
21,S-S1 (Highway),3131.4245550491346,66.37655990477873,251.21,378.2,150.55,133.6,353.82,97.17,153.05
22,S-S1 (Highway),791.1221931066807,41.81977532625877,270.88,513.73,189.65,499.21,121.27,141.95,178.43
23,S-S1 (Highway),1547.43036902309,56.40476148244676,203.29,168.87,83.07,8.28,168.67,57.61,69.22
24,S-S1 (Highway),1915.1393862367524,58.26971955402958,632.14,210.28,33.26,3.71,210.25,14.83,35.93
25,S-S1 (Highway),2359.5982807333207,32.93981188678689,259.13,190.66,73.58,26.66,188.79,67.54,76.64
26,S-S2 (Urban Unseen),8988.66707503159,71.03050176286911,1604.42,2026.0,126.28,1919.74,647.51,115.26,126.48
27,S-S2 (Urban Unseen),7206.030158163017,73.9889242680162,406.98,440.01,108.12,63.55,435.39,67.26,154.47
28,S-S2 (Urban Unseen),8712.856546789704,25.183125621386324,217.49,137.1,63.04,56.42,124.96,56.58,85.21
29,S-S2 (Urban Unseen),8303.32973504547,45.09260099809909,290.13,64.69,22.3,64.68,1.34,29.75,49.4
30,S-S2 (Urban Unseen),5581.248055750623,28.11083416675908,190.82,115.45,60.5,56.78,100.52,59.57,85.31
31,S-S2 (Urban Unseen),8551.282049574424,80.41723981129155,866.45,117.7,13.58,17.95,116.32,15.52,35.79
32,S-S2 (Urban Unseen),911.255012560972,63.63086887792905,514.79,220.9,42.91,28.53,219.05,27.7,58.79
33,S-S2 (Urban Unseen),1896.6728912275137,43.16286173968544,258.36,134.8,52.18,115.04,70.26,35.34,65.88
34,S-S2 (Urban Unseen),514.6211710873577,24.449084520021653,185.58,245.96,132.54,212.29,124.22,99.11,114.66
35,S-S2 (Urban Unseen),3082.465807272226,41.76876252009635,46.9,57.05,121.64,23.84,51.82,43.24,44.01
36,S-S2 (Urban Unseen),3663.199053228326,42.76283254187229,105.23,27.9,26.51,27.86,1.45,3.03,5.32
37,S-S2 (Urban Unseen),2587.592248787191,71.07243248366449,813.77,923.83,113.52,730.87,565.07,82.42,98.07
38,S-S2 (Urban Unseen),7697.451115150312,64.62902299486493,1011.06,266.56,26.36,265.26,26.34,26.31,45.89
39,S-S2 (Urban Unseen),3370.53612246348,82.10489198034286,374.55,633.33,169.09,505.05,382.14,120.61,162.43
40,S-S2 (Urban Unseen),2675.467117559064,53.05504476133645,104.82,129.47,123.51,59.41,115.03,66.66,102.09
41,S-S2 (Urban Unseen),5075.166342353243,28.37159721568112,410.05,158.34,38.62,156.53,23.89,5.69,19.59
42,S-S2 (Urban Unseen),1391.9228324561366,69.92713510560965,207.23,280.51,135.36,26.76,279.23,69.56,134.93
43,S-S2 (Urban Unseen),7454.140821062659,73.25495340318282,641.74,898.91,140.07,870.48,224.3,131.97,157.0
44,S-S2 (Urban Unseen),783.443025934299,59.28940382986474,351.05,642.57,183.04,605.44,215.28,138.9,179.75
45,S-S2 (Urban Unseen),9147.285991285242,73.96770259681927,1265.3,1907.41,150.75,1814.69,587.44,132.33,145.2
46,S-S2 (Urban Unseen),7179.553922527107,54.56569174550735,496.5,343.69,69.22,82.17,333.72,46.73,77.8
47,S-S2 (Urban Unseen),1921.7260104645256,56.59129805673958,225.05,304.06,135.1,124.97,277.19,88.92,107.43
48,S-S2 (Urban Unseen),150.624008730625,49.92787128509848,292.57,405.99,138.77,362.43,182.95,116.89,178.19
49,S-S2 (Urban Unseen),7575.742645359692,21.77933887208666,219.06,115.99,52.95,21.27,114.02,74.09,138.56
50,S-S2 (Urban Unseen),6580.11469972303,27.552399889531312,195.91,97.82,49.93,22.23,95.26,36.98,89.44
