scenario,trip,duration_s,distance_m,drift_naive_pct,error_naive_m,drift_p2_pct,error_p2_m,drift_p3_pct,error_p3_m,drift_p4_pct,error_p4_m
rand_bo_01_75s_at_1956s,S-S1 (Highway),74.96231729751095,962.4617209981692,1122.1986626286648,10800.732561354287,16.606867381244044,159.83474160140503,31.293477887791642,301.187745839021,74.85960466426673,720.4950393841273
rand_bo_02_34s_at_4810s,S-S1 (Highway),33.97716475108518,5.727948800555097,17308.858255463118,991.4425388335815,1050.1309855125696,60.15096518892465,87.91772798379696,5.035882445523192,54.685349085243914,3.132348797007597
rand_bo_03_56s_at_3727s,S-S1 (Highway),55.996410688952814,549.4278295119627,554.4280974057845,3046.182261781072,18.100375099371668,99.44849804200152,6.521717412481013,35.832130426298164,43.79637090515081,240.62945006917883
rand_bo_04_61s_at_3066s,S-S1 (Highway),61.46901982034297,305.42563327385983,3725.040023218287,11377.227080619188,92.80427263112728,283.44803738881984,96.47520448069015,294.6600042373991,42.42497188471495,129.57673904514763
rand_bo_05_23s_at_873s,S-S1 (Highway),23.25152889039984,184.8312408398113,184.38402146269013,340.79927477983415,36.604634767468745,67.65680064559346,62.28370343240649,115.11974189510505,0.6139659257229081,1.1348008388472852
rand_bo_06_63s_at_873s,S-S1 (Highway),62.528139633100686,332.8064485644685,795.9943277024375,2649.1204528011,94.86139561739864,315.7048418129548,82.0910474996013,273.204299772794,68.12889392544021,226.7373523195115
rand_bo_07_32s_at_388s,S-S1 (Highway),31.936688658110405,377.9829973527799,116.75430245943402,441.3114119744991,1.3145146094207847,4.968641721328869,10.301500323017317,38.93791969324715,23.238301191015363,87.83682737566662
rand_bo_08_25s_at_4391s,S-S1 (Highway),24.553611508969567,84.36257658838225,2970.2267911031877,2505.759851493075,26.79514999829654,22.605078939284827,25.71792000480975,21.696299960996505,42.59523146413506,35.934434766929634
rand_bo_09_86s_at_3078s,S-S1 (Highway),86.42198760773333,393.3757717821124,2835.987394190031,11156.087299538452,122.17493413558411,480.60659008014153,124.5598461792048,489.98825623805885,53.24643718563975,209.45858322548807
rand_bo_10_88s_at_3608s,S-S1 (Highway),87.59424231521916,491.6842588887628,1644.303918510921,8084.783535609308,164.4073212199118,808.364918898991,24.295759788682105,119.45842645837565,36.51961205468326,179.56118388012067
rand_bo_11_77s_at_202s,S-S1 (Highway),76.58781436815228,900.8995078409504,1308.5639401806836,11788.846096871926,25.190622671545327,226.94219567002273,91.91254236511797,828.0396418114528,49.41785103957124,445.2051768010713
rand_bo_12_41s_at_4905s,S-S1 (Highway),41.32296384213595,264.8846818842732,352.73842055700453,934.3500431760312,4.355143602561825,11.536108277249168,21.64799144975848,57.34221328602741,17.844918203025017,47.268454814591585
rand_bo_13_27s_at_4224s,S-S1 (Highway),26.83704798044687,124.5436854342448,113.11418460684467,140.87657425825958,46.00878407151135,57.301035306144016,24.33246755402311,30.30455184887222,39.102870726532714,48.70015631341229
rand_bo_14_68s_at_1152s,S-S1 (Highway),67.89631185585098,435.477577306399,1326.0804938542453,5774.783207769198,22.936168684317742,99.88187171337587,69.0771464146336,300.81548367884045,25.484087612820268,110.97748733494981
rand_bo_15_51s_at_1001s,S-S1 (Highway),50.81067456177209,353.0713165601284,830.7987015806447,2933.3119136352348,18.32787778431669,64.71047939061823,51.24816574181924,180.9425734975579,18.672178478111345,65.92610638312468
rand_bo_16_29s_at_1009s,S-S1 (Highway),28.54267643913452,220.70531178146013,431.7401773268649,952.873504455086,49.18976846835073,108.56443186265184,29.845890209305825,65.87146504040071,1.425326860024562,3.145772090322106
rand_bo_17_55s_at_1607s,S-S1 (Highway),54.66238370778891,203.7582483106601,1305.9658024191617,2661.01304254554,194.87147854167713,397.0667111336052,136.4702211746123,278.06933213107357,40.83790040758328,83.2105905173436
rand_bo_18_22s_at_2700s,S-S1 (Highway),22.407196478065288,205.8610026020132,197.2768050606374,406.1160087990473,57.2661904051203,117.88875371995853,31.80393136718086,65.47189197933469,34.09247632552067,70.18311357557084
rand_bo_19_84s_at_2240s,S-S1 (Highway),83.65242814551475,688.4197296580753,1451.3404839419104,9991.314235971102,37.026116313410036,254.89508982766188,36.58396264015049,251.85121670553525,29.853009758990943,205.5140090776443
rand_bo_20_38s_at_1543s,S-S1 (Highway),38.11459871200118,191.63447380037525,2503.953093633633,4798.43733519303,45.525894943833116,87.24330921852624,56.820986033435894,108.88859759335959,55.36208049795624,106.09283164719861
rand_bo_21_66s_at_3131s,S-S1 (Highway),66.37655990477873,251.2068752130491,5448.3429938329145,13686.612185696753,140.81669265035129,353.74121338531086,151.8782110601055,381.5285081335706,129.95001005719686,326.4433596037273
rand_bo_22_42s_at_791s,S-S1 (Highway),41.81977532625877,270.8788938056171,1850.2235092085925,5011.8649746757055,140.6802198357334,381.073023294345,166.9570699298216,452.2514641561714,66.521956021673,180.19393860936694
rand_bo_23_56s_at_1547s,S-S1 (Highway),56.40476148244676,203.28789934806605,3730.754745852495,7584.172952671818,85.57342556338668,173.96041922798975,92.04895098729673,187.12437883400645,56.60106842657101,115.06312301293767
rand_bo_24_58s_at_1915s,S-S1 (Highway),58.26971955402958,632.1388210471566,610.333330226382,3858.1539181509006,17.722863493708783,112.0331003449276,26.9253578151152,170.20563945519766,67.85116308576697,428.9135423971509
rand_bo_25_33s_at_2360s,S-S1 (Highway),32.93981188678689,259.1280321919923,1508.8456305344773,3909.84199121885,148.987906302136,386.0694298047743,147.20775691413678,381.45656372557414,52.71227226802742,136.5922738518247
rand_bo_01_71s_at_8989s,S-S2 (Urban Unseen),71.03050176286911,1580.0901258483475,245.4327748862541,3878.0590415733036,25.15783755427708,397.51650707209956,53.96058127598165,852.6258165921585,50.57215514280092,799.0856298401046
rand_bo_02_74s_at_7206s,S-S2 (Urban Unseen),73.9889242680162,406.9787528863035,2258.8506490219634,9193.042200953758,174.28648366875464,709.3089576844886,97.78273253805541,397.9549454215276,43.612683883321814,177.494356968589
rand_bo_03_25s_at_8713s,S-S2 (Urban Unseen),25.183125621386324,217.49065963057652,229.69368552879638,499.5623117863613,56.3215495150496,122.49410955444314,41.42634000400021,90.09842013550545,34.685574811080635,75.43788545327637
rand_bo_04_45s_at_8303s,S-S2 (Urban Unseen),45.09260099809909,290.1271796510168,444.0268773778004,1288.242656228691,57.46973669308015,166.73532622049896,67.73509676134118,196.5179258675664,26.98034373620562,78.27731034200313
rand_bo_05_28s_at_5581s,S-S2 (Urban Unseen),28.11083416675908,190.82149137004623,1093.2713554769152,2086.196705242569,115.79963901882451,220.9705981768509,89.09145792290157,170.00564869179797,33.486512988080484,63.89946349167942
rand_bo_06_80s_at_8551s,S-S2 (Urban Unseen),80.41723981129155,866.4480600156407,563.4276640309178,4881.808064587329,16.624056986645698,144.03881925668622,16.94059314669986,146.78144067472354,6.9421818569288165,60.15040002211752
rand_bo_07_64s_at_911s,S-S2 (Urban Unseen),63.63086887792905,514.7882434367054,236.63830334373736,1218.1861650816481,6.260236039155337,32.226959140959345,31.512448719501794,162.22238122701586,11.707524704452037,60.26896077596699
rand_bo_08_43s_at_1897s,S-S2 (Urban Unseen),43.16286173968544,258.3550094745672,1130.1520094713585,2919.80433114674,34.36729762903118,88.78963504563622,50.35314031725828,130.08986043739478,13.306398210983147,34.37774635870915
rand_bo_09_24s_at_515s,S-S2 (Urban Unseen),24.449084520021653,169.26275295738486,1168.8799360002395,1978.4783584405234,31.45101371091257,53.23485164009518,22.12024097990666,37.44132884339762,11.97406789477515,20.267636959682797
rand_bo_10_42s_at_3082s,S-S2 (Urban Unseen),41.76876252009635,46.89533671273564,13303.064157626053,6238.5167298299875,53.29900815636742,24.994749339476936,70.89510446542371,33.246497951906136,61.31182945299465,28.75238886672006
rand_bo_11_43s_at_3663s,S-S2 (Urban Unseen),42.76283254187229,96.4752359522904,985.0478818594802,950.3272682669723,11.633414801442674,11.223364379000495,30.15148928991158,29.08872043557177,57.69302057907765,55.659477731668616
rand_bo_12_71s_at_2588s,S-S2 (Urban Unseen),71.07243248366449,808.8421426713992,2761.4513332041774,22335.782132316588,74.20832689078154,600.2282212639934,19.128976358357505,154.72322224804424,18.008754809669234,145.66239827096732
rand_bo_13_65s_at_7697s,S-S2 (Urban Unseen),64.62902299486493,1011.0552016345018,195.59064930247763,1977.5294336833965,7.0145609746626105,70.92108360615013,22.696915038472458,229.47834010703926,25.403071871893008,256.83907953572526
rand_bo_14_82s_at_3371s,S-S2 (Urban Unseen),82.10489198034286,374.54825058603217,4108.377644125099,15387.856593538203,187.11386459110406,700.8317064298974,176.9406246974144,662.7280143801624,78.24898992324077,293.08022285873886
rand_bo_15_53s_at_2675s,S-S2 (Urban Unseen),53.05504476133645,104.82382268505368,2003.0028187335342,2099.6241230858673,36.774374602887285,38.54830522726798,117.8507414630879,123.53565226428829,64.8228617212661,67.94980163007752
rand_bo_16_28s_at_5075s,S-S2 (Urban Unseen),28.37159721568112,381.6590705349169,343.21103584221396,1309.8960493686543,73.67336476836923,281.1810792067569,40.87663561291583,156.00938754619938,36.94917486867612,141.01987737411037
rand_bo_17_70s_at_1392s,S-S2 (Urban Unseen),69.92713510560965,207.2344745253297,2863.609135493828,5934.385344399971,148.0067373220093,306.720984351351,217.13253171401985,449.97346112109386,92.39731808245268,191.47909660366824
rand_bo_18_73s_at_7454s,S-S2 (Urban Unseen),73.25495340318282,641.7421721040382,1835.9343096373195,11781.964717069814,21.15436510096246,135.7564820937351,119.59101792016422,767.4659960421915,32.893783672122765,211.0932818246841
rand_bo_19_59s_at_783s,S-S2 (Urban Unseen),59.28940382986474,351.0486386269835,2453.9600469743687,8614.593337353606,161.12526139033307,565.6280365949328,206.03531845917433,723.2841805417015,74.53974747784197,261.6707687569555
rand_bo_20_74s_at_9147s,S-S2 (Urban Unseen),73.96770259681927,1265.3040202046616,282.2483088383357,3571.2991986911306,38.18008724251739,483.0941787972196,43.8514251335705,554.853845132105,36.48902656358216,461.6971200425519
rand_bo_21_55s_at_7180s,S-S2 (Urban Unseen),54.56569174550735,496.5036844088779,862.646024762647,4283.069296353264,39.591286959067915,196.5721984566638,32.937163742312734,163.5342315203678,38.469636755837556,191.0031638714454
rand_bo_22_57s_at_1922s,S-S2 (Urban Unseen),56.59129805673958,225.0544092892678,4107.307104481357,9243.675741686646,149.1533580616597,335.67620892077474,152.80389740562376,343.8919086772054,87.60950184274873,197.16904685346833
rand_bo_23_50s_at_151s,S-S2 (Urban Unseen),49.92787128509848,292.57281637945977,844.5761162491706,2471.000129778459,143.23456575881195,419.06540306944544,136.8000458109492,400.23974683748526,52.43911733126275,153.42260246060485
rand_bo_24_22s_at_7576s,S-S2 (Urban Unseen),21.77933887208666,219.06331783022637,246.44692760723328,539.8748163070613,147.09654198507948,322.23456528604703,75.34059720710201,165.04361191498452,46.48382694516074,101.82901356052989
rand_bo_25_28s_at_6580s,S-S2 (Urban Unseen),27.552399889531312,177.53520910181487,505.2071474372438,896.9205656000249,44.92482722614884,79.75738595457241,39.44315348746656,70.02548502032354,28.46681053388844,50.53861160595631
