trip,scenario,start_time_s,duration_s,distance_m,old_error_m,old_drift_pct,new_error_m,new_drift_pct,err_along_m,err_cross_m,tot_turn_deg,bg_z_at_bo
S-S1 (Highway),rand_bo_01_75s_at_1956s,1955.658644289139,74.96231729751095,927.6156718739933,289.59753414001267,30.089252156404832,509.0445556938906,54.87666618067216,-218.1141242441374,459.9484628594854,35.77938084097549,-0.013634602460316631
S-S1 (Highway),rand_bo_02_34s_at_4810s,4810.313080393624,33.97716475108518,1.0,46.16910780637743,806.0321314656857,46.71891096483578,4671.891096483578,-46.140708498234744,-7.327459383796054,2.2727516859454364,-0.0047436605630322305
S-S1 (Highway),rand_bo_03_56s_at_3727s,3726.663252710665,55.996410688952814,543.365640626807,38.99130133189777,7.096710293421498,120.06732510703594,22.096966780698647,-64.36887858202168,-101.35487175489702,21.133605569179927,0.01909005541106843
S-S1 (Highway),rand_bo_04_61s_at_3066s,3066.052861295734,61.46901982034297,301.12926609818606,443.02909261257145,145.05301597110204,465.28464685769677,154.5132603305274,-351.73772102762337,-304.5823012057421,17.112931537628892,0.005414240957302799
S-S1 (Highway),rand_bo_05_23s_at_873s,872.9941980534114,23.25152889039984,200.69435980484957,69.40367142372588,37.54975138855251,109.35074056025206,54.486205126333466,13.15299542663076,108.55682001782563,9.331878200854744,-0.06630528989798004
S-S1 (Highway),rand_bo_06_63s_at_873s,872.8746950111957,62.528139633100686,313.67775356757375,177.67407888383138,53.38660943927408,298.51124373885443,95.16493928682384,-179.38806624013583,238.59774585930688,16.321906005671277,-0.06630528989798004
S-S1 (Highway),rand_bo_07_32s_at_388s,387.7751984037321,31.936688658110405,324.78929323124555,63.07885840637603,16.688279326888118,87.86366825166178,27.052513762854876,37.67825089001145,-79.37489280942324,19.83688748723985,0.0011387191812825142
S-S1 (Highway),rand_bo_08_25s_at_4391s,4391.468848065771,24.553611508969567,121.0194791617665,88.27897742006444,104.6423437856704,125.7653734421949,103.92159536076385,-100.66442310216208,-75.38967488034179,4.638494422040605,-0.00026942268917524255
S-S1 (Highway),rand_bo_09_86s_at_3078s,3078.223724566717,86.42198760773333,368.04819205929357,530.8793821945272,134.95477359713374,540.3052135825558,146.80284409480572,-382.7780343349788,-381.32754982447966,23.105382525343146,0.002040829215338477
S-S1 (Highway),rand_bo_10_88s_at_3608s,3608.14487861793,87.59424231521916,398.19641401576575,285.2614262998525,58.01719724454088,354.88880199685235,89.12405775276552,88.93278638209813,-343.56516309002745,27.21429205734433,0.006479062658072299
S-S1 (Highway),rand_bo_11_77s_at_202s,201.98585640405892,76.58781436815228,999.3872090951609,465.7504834718794,51.69838360641057,657.2805575137777,65.76835800298821,-84.77943642226676,-651.7899803199995,38.76305855911926,0.0050259077972430455
S-S1 (Highway),rand_bo_12_41s_at_4905s,4905.4173926267495,41.32296384213595,184.51657897556822,50.04699254029004,18.89387947399515,159.5321266524108,86.45950815809044,14.064491529054315,158.91094837131268,16.67014975355179,0.00052470423252247
S-S1 (Highway),rand_bo_13_27s_at_4224s,4224.336231403049,26.83704798044687,125.26326141653904,108.61213688599736,87.20806398758869,125.54452065868705,100.22453450354669,84.99279464522922,92.3994130166063,5.5963079681608034,0.004821063151277073
S-S1 (Highway),rand_bo_14_68s_at_1152s,1152.0339115164086,67.89631185585098,489.5133185557297,253.04135494889545,58.10663238140899,149.3793366303119,30.515888121500723,87.314932357896,121.20350159730575,22.617508962789245,-0.017439037469529815
S-S1 (Highway),rand_bo_15_51s_at_1001s,1000.8516182026128,50.81067456177209,364.5696981428281,435.8199550523045,123.43680571346668,68.84338134538761,18.883462255937882,11.345086936598912,67.90213661931027,21.019873446846457,-0.053885736908820064
S-S1 (Highway),rand_bo_16_29s_at_1009s,1008.677460664328,28.54267643913452,199.9899710550278,58.49780888464123,26.50493928418229,272.57875324662564,136.296211159321,-115.23793538803213,247.0210415510965,12.3934781791363,-0.06033574809662941
S-S1 (Highway),rand_bo_17_55s_at_1607s,1607.3678885007869,54.66238370778891,200.06853316204956,356.6481122379684,175.03493242354767,460.94923657254924,230.3956695674847,-413.08325606236815,204.53953715046853,10.623325071079618,-0.01720103549450503
S-S1 (Highway),rand_bo_18_22s_at_2700s,2699.905215765491,22.407196478065288,169.7813851945353,21.35686021501082,10.374407947628429,49.59515983508241,29.211188127754017,-42.74326614415911,25.153390992010465,10.362686570074608,0.0008284963554242443
S-S1 (Highway),rand_bo_19_84s_at_2240s,2240.0711629173443,83.65242814551475,661.6951981763973,319.40451863905577,46.39677000508073,178.85343816886694,27.02958078912755,105.26252137338267,144.5972127633962,38.455953180929136,-0.012732803174829123
S-S1 (Highway),rand_bo_20_38s_at_1543s,1542.8944838820587,38.11459871200118,174.1500963528022,100.30520649644863,52.3419427137813,223.13165759934355,128.1260603768556,-67.43622831412864,212.69718318255983,8.584512052886097,-0.021941281408312516
S-S1 (Highway),rand_bo_21_66s_at_3131s,3131.4245550491346,66.37655990477873,207.07323905998157,386.3891056961669,153.813109361943,279.4777707165346,134.9656633494684,132.89856012380736,245.85726965396537,18.552659885233624,-0.001549397881725769
S-S1 (Highway),rand_bo_22_42s_at_791s,791.1221931066807,41.81977532625877,271.85343188179365,495.932743465065,183.08282956181395,513.851514792479,189.0178509925562,-513.8280269666968,-4.913039592422181,17.394998660171794,0.004054685071269599
S-S1 (Highway),rand_bo_23_56s_at_1547s,1547.43036902309,56.40476148244676,148.21518676730682,188.54713014751104,92.74882113110132,212.6980851541066,143.5062693595872,77.92484423361203,197.90956035369007,9.565415798150068,-0.021941281408312516
S-S1 (Highway),rand_bo_24_58s_at_1915s,1915.1393862367524,58.26971955402958,697.8435492948239,94.25687259942522,14.910786912799615,218.40665149325642,31.297366252644732,-114.99157004413956,185.68361326536197,24.389552831569862,-0.015848706636503142
S-S1 (Highway),rand_bo_25_33s_at_2360s,2359.5982807333207,32.93981188678689,213.9347085396344,222.58920275822211,85.8993142792448,342.6195603542245,160.15146055215695,-264.2251592588376,218.11287983969217,11.316317524290353,-0.007990787869029457
S-S2 (Urban Unseen),rand_bo_01_71s_at_8989s,8988.66707503159,71.03050176286911,1604.4637951494287,924.7185095687428,58.523149688835815,1746.295163427469,108.83979861102637,-1745.9996712226523,-32.12391477639244,48.185807866281756,0.661462267829765
S-S2 (Urban Unseen),rand_bo_02_74s_at_7206s,7206.030158163017,73.9889242680162,401.0710972415218,471.84561809703774,115.93863678403278,318.2444149091025,79.34862848455477,-309.0248683292178,-76.04694849201118,37.44044278483926,0.7049849027344864
S-S2 (Urban Unseen),rand_bo_03_25s_at_8713s,8712.856546789704,25.183125621386324,243.7879144002992,93.44675333123904,42.96586965617973,299.35174966469026,122.79187440487938,-294.4207362517983,54.11007385192158,17.37018958764263,0.6536212515590826
S-S2 (Urban Unseen),rand_bo_04_45s_at_8303s,8303.32973504547,45.09260099809909,277.25018200641534,131.33706692801474,45.26879111636325,332.29266839852636,119.85300279833085,-331.87742468116244,-16.607000283384952,29.69491283136323,0.7046698896555182
S-S2 (Urban Unseen),rand_bo_05_28s_at_5581s,5581.248055750623,28.11083416675908,187.75218468193827,227.06426700737708,118.99302608795142,152.579762580705,81.26657105970982,-141.72884361320467,-56.51122753266002,12.805262946496821,0.6960072867550746
S-S2 (Urban Unseen),rand_bo_06_80s_at_8551s,8551.282049574424,80.41723981129155,842.3550173228621,68.66631392770013,7.925035220975691,896.2086125136173,106.3932183085833,-895.6256009891886,-32.32120041610391,72.89965480989565,0.6970308976615045
S-S2 (Urban Unseen),rand_bo_07_64s_at_911s,911.255012560972,63.63086887792905,499.9837550618868,157.5782960396422,30.610313667549185,565.6241235736333,113.12850024569731,-565.3584696062514,17.333493961632687,35.15800811215612,0.4063911421626473
S-S2 (Urban Unseen),rand_bo_08_43s_at_1897s,1896.6728912275137,43.16286173968544,258.386135888417,114.47002318568416,44.30725899934706,258.26665144682516,99.95375740993958,-257.417765061711,20.922654711810555,16.32477079464693,0.40633096269646035
S-S2 (Urban Unseen),rand_bo_09_24s_at_515s,514.6211710873577,24.449084520021653,160.14969414247187,237.5040887549122,140.31680603393494,288.03296605287625,179.85233602546705,-255.62909054590256,-132.72813416865355,10.957416761420403,0.005202205095819602
S-S2 (Urban Unseen),rand_bo_10_42s_at_3082s,3082.465807272226,41.76876252009635,19.127126093946085,118.6947681272386,253.10569546460675,83.56776887748914,436.9070840388255,-66.96477676836108,-49.99290617202617,4.552779935889035,0.6911254799962792
S-S2 (Urban Unseen),rand_bo_11_43s_at_3663s,3663.199053228326,42.76283254187229,96.88185997527827,106.966011192705,110.87406020504848,118.66964941120737,122.48902884553287,-118.39360503037,-8.089498086508067,6.496596551649865,0.7266990919040145
S-S2 (Urban Unseen),rand_bo_12_71s_at_2588s,2587.592248787191,71.07243248366449,818.6168787101154,1047.831774693052,129.5471290890372,801.8906784921011,97.95677310680796,-801.7118391444335,-16.934793419826114,56.37331746292169,0.7369109370775715
S-S2 (Urban Unseen),rand_bo_13_65s_at_7697s,7697.451115150312,64.62902299486493,992.4786747248403,771.6423459018756,76.32049611677144,1025.7229567768354,103.3496218003084,-1024.3396235270386,53.25335418073202,48.450056001396085,0.727794453804037
S-S2 (Urban Unseen),rand_bo_14_82s_at_3371s,3370.53612246348,82.10489198034286,422.82775504319045,563.7707077776395,150.5201818178413,353.95503941223444,83.71140143723042,-353.1081526504724,-24.470440475952632,33.82530828068182,0.6770356306834926
S-S2 (Urban Unseen),rand_bo_15_53s_at_2675s,2675.467117559064,53.05504476133645,191.54896304025604,269.30525927139456,256.9122670526244,169.220860567576,88.34339684314159,-169.21387329879389,-1.5377693099855396,14.003374991894885,0.648314100829952
S-S2 (Urban Unseen),rand_bo_16_28s_at_5075s,5075.166342353243,28.37159721568112,413.50695997110915,134.9586050571605,35.36103697679931,432.20998520644355,104.52302549796046,-432.18259124071545,-4.866121722154303,22.716057703551748,0.7066856261220008
S-S2 (Urban Unseen),rand_bo_17_70s_at_1392s,1391.9228324561366,69.92713510560965,236.29921233045116,455.4748144179311,219.7871833155152,211.90391853881613,89.67610024974626,-26.786416227906404,210.20408796636323,34.15899890056601,0.07484624618095848
S-S2 (Urban Unseen),rand_bo_18_73s_at_7454s,7454.140821062659,73.25495340318282,646.2474631532582,1030.2261948377338,160.53584128030707,414.72129263006155,64.17375947698073,-414.6875065283359,5.293627306534724,51.1790539796042,0.6992785886733106
S-S2 (Urban Unseen),rand_bo_19_59s_at_783s,783.443025934299,59.28940382986474,326.2762636344173,671.4385679561368,191.26653519644964,210.010838094133,64.36595655313859,-209.98200337536963,3.47999647505588,30.020066380099976,0.5875864985379181
S-S2 (Urban Unseen),rand_bo_20_74s_at_9147s,9147.285991285242,73.96770259681927,1242.0712453616559,579.6646432126362,45.8122817881252,1337.3617038202956,107.67189956409415,-1337.150809126381,-23.749536791017917,45.959580353300936,0.6810089361731942
S-S2 (Urban Unseen),rand_bo_21_55s_at_7180s,7179.553922527107,54.56569174550735,557.1317126414331,280.9707058296122,56.589853137570834,567.5303902328745,101.86646664612576,-566.6482934663027,31.629975491703938,41.99786367886885,0.7049849027344864
S-S2 (Urban Unseen),rand_bo_22_57s_at_1922s,1921.7260104645256,56.59129805673958,228.21977447157792,292.70653707111165,130.06034318345166,211.86088880834734,92.83195958759136,-203.15435402812565,-60.111102519234336,20.400391478751015,0.3122097543723621
S-S2 (Urban Unseen),rand_bo_23_50s_at_151s,150.624008730625,49.92787128509848,357.536539265344,318.6378167599887,108.90889341774091,171.33309603346652,47.92044370780031,-71.4608901485671,155.7188844539656,69.68931498799813,0.013999991688145048
S-S2 (Urban Unseen),rand_bo_24_22s_at_7576s,7575.742645359692,21.77933887208666,141.7838860119296,98.98962235972402,45.18767602910169,192.37983180827948,135.6852581908305,-103.93553873145702,-161.88700835824878,12.86026689482938,0.7268506347440488
S-S2 (Urban Unseen),rand_bo_25_28s_at_6580s,6580.11469972303,27.552399889531312,172.16212743806318,125.6305672129316,70.76374756788869,182.40539960735757,105.94978252286032,-182.01094245522287,11.989438372223457,15.480231004624091,0.6813840924690678
