config,median_pct,worst_pct,beats_both
"turn=1.5°/s, bg=0.5°/s, cool=0.5s, scale=1.80",80.21821673392841,161.978120770657,False
"turn=1.5°/s, bg=0.5°/s, cool=0.5s, scale=1.90",79.93697713114467,160.15192416118325,False
"turn=1.5°/s, bg=0.5°/s, cool=0.5s, scale=2.00",79.70058150362456,158.32574679962917,False
"turn=1.5°/s, bg=0.5°/s, cool=0.5s, scale=2.10",79.47606949094737,156.49958935980078,False
"turn=1.5°/s, bg=0.5°/s, cool=0.5s, scale=2.20",79.27474815844309,154.67345254731745,False
"turn=1.5°/s, bg=0.5°/s, cool=0.5s, scale=2.30",78.87678236580143,152.84733710151252,False
"turn=1.5°/s, bg=0.5°/s, cool=0.5s, scale=2.40",78.23490840707342,151.02124379746914,False
"turn=1.5°/s, bg=0.5°/s, cool=0.5s, scale=2.50",77.60890381225799,149.1951734482081,False
"turn=1.5°/s, bg=0.5°/s, cool=0.5s, scale=2.60",76.99893508488742,147.36912690703656,False
"turn=1.5°/s, bg=0.5°/s, cool=0.5s, scale=2.70",76.40515201896585,145.54310507007412,False
"turn=1.5°/s, bg=0.5°/s, cool=0.5s, scale=2.80",76.32357894374715,143.71710887897146,False
"turn=1.5°/s, bg=0.5°/s, cool=0.5s, scale=2.90",76.32742839956211,141.8911393238377,False
"turn=1.5°/s, bg=0.5°/s, cool=0.5s, scale=3.00",75.36104009421791,140.06519744639772,False
"turn=1.5°/s, bg=0.5°/s, cool=0.5s, scale=3.10",74.90447435611755,138.23928434339877,False
"turn=1.5°/s, bg=0.5°/s, cool=0.5s, scale=3.20",74.52923287818341,136.41340117029137,False
"turn=1.5°/s, bg=0.5°/s, cool=0.5s, scale=3.30",73.98186407599303,134.58754914520784,False
"turn=1.5°/s, bg=0.5°/s, cool=0.5s, scale=3.40",72.73870710120852,132.7617295532703,True
"turn=1.5°/s, bg=0.5°/s, cool=0.5s, scale=3.50",72.89864767981449,130.9359437512585,True
"turn=1.5°/s, bg=0.5°/s, cool=1.0s, scale=1.80",80.21821673392841,161.978120770657,False
"turn=1.5°/s, bg=0.5°/s, cool=1.0s, scale=1.90",79.93697713114467,160.15192416118325,False
"turn=1.5°/s, bg=0.5°/s, cool=1.0s, scale=2.00",79.70058150362456,158.32574679962917,False
"turn=1.5°/s, bg=0.5°/s, cool=1.0s, scale=2.10",79.47606949094737,156.49958935980078,False
"turn=1.5°/s, bg=0.5°/s, cool=1.0s, scale=2.20",79.27474815844309,154.67345254731745,False
"turn=1.5°/s, bg=0.5°/s, cool=1.0s, scale=2.30",78.87678236580143,152.84733710151252,False
"turn=1.5°/s, bg=0.5°/s, cool=1.0s, scale=2.40",78.23490840707342,151.02124379746914,False
"turn=1.5°/s, bg=0.5°/s, cool=1.0s, scale=2.50",77.60890381225799,149.1951734482081,False
"turn=1.5°/s, bg=0.5°/s, cool=1.0s, scale=2.60",76.99893508488742,147.36912690703656,False
"turn=1.5°/s, bg=0.5°/s, cool=1.0s, scale=2.70",76.40515201896585,145.54310507007412,False
"turn=1.5°/s, bg=0.5°/s, cool=1.0s, scale=2.80",76.32357894374715,143.71710887897146,False
"turn=1.5°/s, bg=0.5°/s, cool=1.0s, scale=2.90",76.32742839956211,141.8911393238377,False
"turn=1.5°/s, bg=0.5°/s, cool=1.0s, scale=3.00",75.36104009421791,140.06519744639772,False
"turn=1.5°/s, bg=0.5°/s, cool=1.0s, scale=3.10",74.90447435611755,138.23928434339877,False
"turn=1.5°/s, bg=0.5°/s, cool=1.0s, scale=3.20",74.52923287818341,136.41340117029137,False
"turn=1.5°/s, bg=0.5°/s, cool=1.0s, scale=3.30",73.98186407599303,134.58754914520784,False
"turn=1.5°/s, bg=0.5°/s, cool=1.0s, scale=3.40",72.73870710120852,132.7617295532703,True
"turn=1.5°/s, bg=0.5°/s, cool=1.0s, scale=3.50",72.89864767981449,130.9359437512585,True
"turn=1.5°/s, bg=1.0°/s, cool=0.5s, scale=1.80",80.21821673392841,161.978120770657,False
"turn=1.5°/s, bg=1.0°/s, cool=0.5s, scale=1.90",79.93697713114467,160.15192416118325,False
"turn=1.5°/s, bg=1.0°/s, cool=0.5s, scale=2.00",79.70058150362456,158.32574679962917,False
"turn=1.5°/s, bg=1.0°/s, cool=0.5s, scale=2.10",79.47606949094737,156.49958935980078,False
"turn=1.5°/s, bg=1.0°/s, cool=0.5s, scale=2.20",79.27474815844309,154.67345254731745,False
"turn=1.5°/s, bg=1.0°/s, cool=0.5s, scale=2.30",78.87678236580143,152.84733710151252,False
"turn=1.5°/s, bg=1.0°/s, cool=0.5s, scale=2.40",78.23490840707342,151.02124379746914,False
"turn=1.5°/s, bg=1.0°/s, cool=0.5s, scale=2.50",77.60890381225799,149.1951734482081,False
"turn=1.5°/s, bg=1.0°/s, cool=0.5s, scale=2.60",76.99893508488742,147.36912690703656,False
"turn=1.5°/s, bg=1.0°/s, cool=0.5s, scale=2.70",76.40515201896585,145.54310507007412,False
"turn=1.5°/s, bg=1.0°/s, cool=0.5s, scale=2.80",76.32357894374715,143.71710887897146,False
"turn=1.5°/s, bg=1.0°/s, cool=0.5s, scale=2.90",76.32742839956211,141.8911393238377,False
"turn=1.5°/s, bg=1.0°/s, cool=0.5s, scale=3.00",75.36104009421791,140.06519744639772,False
"turn=1.5°/s, bg=1.0°/s, cool=0.5s, scale=3.10",74.90447435611755,138.23928434339877,False
"turn=1.5°/s, bg=1.0°/s, cool=0.5s, scale=3.20",74.52923287818341,136.41340117029137,False
"turn=1.5°/s, bg=1.0°/s, cool=0.5s, scale=3.30",73.98186407599303,134.58754914520784,False
"turn=1.5°/s, bg=1.0°/s, cool=0.5s, scale=3.40",72.73870710120852,132.7617295532703,True
"turn=1.5°/s, bg=1.0°/s, cool=0.5s, scale=3.50",72.89864767981449,130.9359437512585,True
"turn=1.5°/s, bg=1.0°/s, cool=1.0s, scale=1.80",80.21821673392841,161.978120770657,False
"turn=1.5°/s, bg=1.0°/s, cool=1.0s, scale=1.90",79.93697713114467,160.15192416118325,False
"turn=1.5°/s, bg=1.0°/s, cool=1.0s, scale=2.00",79.70058150362456,158.32574679962917,False
"turn=1.5°/s, bg=1.0°/s, cool=1.0s, scale=2.10",79.47606949094737,156.49958935980078,False
"turn=1.5°/s, bg=1.0°/s, cool=1.0s, scale=2.20",79.27474815844309,154.67345254731745,False
"turn=1.5°/s, bg=1.0°/s, cool=1.0s, scale=2.30",78.87678236580143,152.84733710151252,False
"turn=1.5°/s, bg=1.0°/s, cool=1.0s, scale=2.40",78.23490840707342,151.02124379746914,False
"turn=1.5°/s, bg=1.0°/s, cool=1.0s, scale=2.50",77.60890381225799,149.1951734482081,False
"turn=1.5°/s, bg=1.0°/s, cool=1.0s, scale=2.60",76.99893508488742,147.36912690703656,False
"turn=1.5°/s, bg=1.0°/s, cool=1.0s, scale=2.70",76.40515201896585,145.54310507007412,False
"turn=1.5°/s, bg=1.0°/s, cool=1.0s, scale=2.80",76.32357894374715,143.71710887897146,False
"turn=1.5°/s, bg=1.0°/s, cool=1.0s, scale=2.90",76.32742839956211,141.8911393238377,False
"turn=1.5°/s, bg=1.0°/s, cool=1.0s, scale=3.00",75.36104009421791,140.06519744639772,False
"turn=1.5°/s, bg=1.0°/s, cool=1.0s, scale=3.10",74.90447435611755,138.23928434339877,False
"turn=1.5°/s, bg=1.0°/s, cool=1.0s, scale=3.20",74.52923287818341,136.41340117029137,False
"turn=1.5°/s, bg=1.0°/s, cool=1.0s, scale=3.30",73.98186407599303,134.58754914520784,False
"turn=1.5°/s, bg=1.0°/s, cool=1.0s, scale=3.40",72.73870710120852,132.7617295532703,True
"turn=1.5°/s, bg=1.0°/s, cool=1.0s, scale=3.50",72.89864767981449,130.9359437512585,True
"turn=2.0°/s, bg=0.5°/s, cool=0.5s, scale=1.80",80.21821673392841,161.978120770657,False
"turn=2.0°/s, bg=0.5°/s, cool=0.5s, scale=1.90",79.93697713114467,160.15192416118325,False
"turn=2.0°/s, bg=0.5°/s, cool=0.5s, scale=2.00",79.70058150362456,158.32574679962917,False
"turn=2.0°/s, bg=0.5°/s, cool=0.5s, scale=2.10",79.47606949094737,156.49958935980078,False
"turn=2.0°/s, bg=0.5°/s, cool=0.5s, scale=2.20",79.27474815844309,154.67345254731745,False
"turn=2.0°/s, bg=0.5°/s, cool=0.5s, scale=2.30",78.87678236580143,152.84733710151252,False
"turn=2.0°/s, bg=0.5°/s, cool=0.5s, scale=2.40",78.23490840707342,151.02124379746914,False
"turn=2.0°/s, bg=0.5°/s, cool=0.5s, scale=2.50",77.60890381225799,149.1951734482081,False
"turn=2.0°/s, bg=0.5°/s, cool=0.5s, scale=2.60",76.99893508488742,147.36912690703656,False
"turn=2.0°/s, bg=0.5°/s, cool=0.5s, scale=2.70",76.40515201896585,145.54310507007412,False
"turn=2.0°/s, bg=0.5°/s, cool=0.5s, scale=2.80",76.32357894374715,143.71710887897146,False
"turn=2.0°/s, bg=0.5°/s, cool=0.5s, scale=2.90",76.32742839956211,141.8911393238377,False
"turn=2.0°/s, bg=0.5°/s, cool=0.5s, scale=3.00",75.36104009421791,140.06519744639772,False
"turn=2.0°/s, bg=0.5°/s, cool=0.5s, scale=3.10",74.90447435611755,138.23928434339877,False
"turn=2.0°/s, bg=0.5°/s, cool=0.5s, scale=3.20",74.52923287818341,136.41340117029137,False
"turn=2.0°/s, bg=0.5°/s, cool=0.5s, scale=3.30",73.98186407599303,134.58754914520784,False
"turn=2.0°/s, bg=0.5°/s, cool=0.5s, scale=3.40",72.73870710120852,132.7617295532703,True
"turn=2.0°/s, bg=0.5°/s, cool=0.5s, scale=3.50",72.89864767981449,130.9359437512585,True
"turn=2.0°/s, bg=0.5°/s, cool=1.0s, scale=1.80",80.21821673392841,161.978120770657,False
"turn=2.0°/s, bg=0.5°/s, cool=1.0s, scale=1.90",79.93697713114467,160.15192416118325,False
"turn=2.0°/s, bg=0.5°/s, cool=1.0s, scale=2.00",79.70058150362456,158.32574679962917,False
"turn=2.0°/s, bg=0.5°/s, cool=1.0s, scale=2.10",79.47606949094737,156.49958935980078,False
"turn=2.0°/s, bg=0.5°/s, cool=1.0s, scale=2.20",79.27474815844309,154.67345254731745,False
"turn=2.0°/s, bg=0.5°/s, cool=1.0s, scale=2.30",78.87678236580143,152.84733710151252,False
"turn=2.0°/s, bg=0.5°/s, cool=1.0s, scale=2.40",78.23490840707342,151.02124379746914,False
"turn=2.0°/s, bg=0.5°/s, cool=1.0s, scale=2.50",77.60890381225799,149.1951734482081,False
"turn=2.0°/s, bg=0.5°/s, cool=1.0s, scale=2.60",76.99893508488742,147.36912690703656,False
"turn=2.0°/s, bg=0.5°/s, cool=1.0s, scale=2.70",76.40515201896585,145.54310507007412,False
"turn=2.0°/s, bg=0.5°/s, cool=1.0s, scale=2.80",76.32357894374715,143.71710887897146,False
"turn=2.0°/s, bg=0.5°/s, cool=1.0s, scale=2.90",76.32742839956211,141.8911393238377,False
"turn=2.0°/s, bg=0.5°/s, cool=1.0s, scale=3.00",75.36104009421791,140.06519744639772,False
"turn=2.0°/s, bg=0.5°/s, cool=1.0s, scale=3.10",74.90447435611755,138.23928434339877,False
"turn=2.0°/s, bg=0.5°/s, cool=1.0s, scale=3.20",74.52923287818341,136.41340117029137,False
"turn=2.0°/s, bg=0.5°/s, cool=1.0s, scale=3.30",73.98186407599303,134.58754914520784,False
"turn=2.0°/s, bg=0.5°/s, cool=1.0s, scale=3.40",72.73870710120852,132.7617295532703,True
"turn=2.0°/s, bg=0.5°/s, cool=1.0s, scale=3.50",72.89864767981449,130.9359437512585,True
"turn=2.0°/s, bg=1.0°/s, cool=0.5s, scale=1.80",80.21821673392841,161.978120770657,False
"turn=2.0°/s, bg=1.0°/s, cool=0.5s, scale=1.90",79.93697713114467,160.15192416118325,False
"turn=2.0°/s, bg=1.0°/s, cool=0.5s, scale=2.00",79.70058150362456,158.32574679962917,False
"turn=2.0°/s, bg=1.0°/s, cool=0.5s, scale=2.10",79.47606949094737,156.49958935980078,False
"turn=2.0°/s, bg=1.0°/s, cool=0.5s, scale=2.20",79.27474815844309,154.67345254731745,False
"turn=2.0°/s, bg=1.0°/s, cool=0.5s, scale=2.30",78.87678236580143,152.84733710151252,False
"turn=2.0°/s, bg=1.0°/s, cool=0.5s, scale=2.40",78.23490840707342,151.02124379746914,False
"turn=2.0°/s, bg=1.0°/s, cool=0.5s, scale=2.50",77.60890381225799,149.1951734482081,False
"turn=2.0°/s, bg=1.0°/s, cool=0.5s, scale=2.60",76.99893508488742,147.36912690703656,False
"turn=2.0°/s, bg=1.0°/s, cool=0.5s, scale=2.70",76.40515201896585,145.54310507007412,False
"turn=2.0°/s, bg=1.0°/s, cool=0.5s, scale=2.80",76.32357894374715,143.71710887897146,False
"turn=2.0°/s, bg=1.0°/s, cool=0.5s, scale=2.90",76.32742839956211,141.8911393238377,False
"turn=2.0°/s, bg=1.0°/s, cool=0.5s, scale=3.00",75.36104009421791,140.06519744639772,False
"turn=2.0°/s, bg=1.0°/s, cool=0.5s, scale=3.10",74.90447435611755,138.23928434339877,False
"turn=2.0°/s, bg=1.0°/s, cool=0.5s, scale=3.20",74.52923287818341,136.41340117029137,False
"turn=2.0°/s, bg=1.0°/s, cool=0.5s, scale=3.30",73.98186407599303,134.58754914520784,False
"turn=2.0°/s, bg=1.0°/s, cool=0.5s, scale=3.40",72.73870710120852,132.7617295532703,True
"turn=2.0°/s, bg=1.0°/s, cool=0.5s, scale=3.50",72.89864767981449,130.9359437512585,True
"turn=2.0°/s, bg=1.0°/s, cool=1.0s, scale=1.80",80.21821673392841,161.978120770657,False
"turn=2.0°/s, bg=1.0°/s, cool=1.0s, scale=1.90",79.93697713114467,160.15192416118325,False
"turn=2.0°/s, bg=1.0°/s, cool=1.0s, scale=2.00",79.70058150362456,158.32574679962917,False
"turn=2.0°/s, bg=1.0°/s, cool=1.0s, scale=2.10",79.47606949094737,156.49958935980078,False
"turn=2.0°/s, bg=1.0°/s, cool=1.0s, scale=2.20",79.27474815844309,154.67345254731745,False
"turn=2.0°/s, bg=1.0°/s, cool=1.0s, scale=2.30",78.87678236580143,152.84733710151252,False
"turn=2.0°/s, bg=1.0°/s, cool=1.0s, scale=2.40",78.23490840707342,151.02124379746914,False
"turn=2.0°/s, bg=1.0°/s, cool=1.0s, scale=2.50",77.60890381225799,149.1951734482081,False
"turn=2.0°/s, bg=1.0°/s, cool=1.0s, scale=2.60",76.99893508488742,147.36912690703656,False
"turn=2.0°/s, bg=1.0°/s, cool=1.0s, scale=2.70",76.40515201896585,145.54310507007412,False
"turn=2.0°/s, bg=1.0°/s, cool=1.0s, scale=2.80",76.32357894374715,143.71710887897146,False
"turn=2.0°/s, bg=1.0°/s, cool=1.0s, scale=2.90",76.32742839956211,141.8911393238377,False
"turn=2.0°/s, bg=1.0°/s, cool=1.0s, scale=3.00",75.36104009421791,140.06519744639772,False
"turn=2.0°/s, bg=1.0°/s, cool=1.0s, scale=3.10",74.90447435611755,138.23928434339877,False
"turn=2.0°/s, bg=1.0°/s, cool=1.0s, scale=3.20",74.52923287818341,136.41340117029137,False
"turn=2.0°/s, bg=1.0°/s, cool=1.0s, scale=3.30",73.98186407599303,134.58754914520784,False
"turn=2.0°/s, bg=1.0°/s, cool=1.0s, scale=3.40",72.73870710120852,132.7617295532703,True
"turn=2.0°/s, bg=1.0°/s, cool=1.0s, scale=3.50",72.89864767981449,130.9359437512585,True
"turn=3.0°/s, bg=0.5°/s, cool=0.5s, scale=1.80",80.21821673392841,161.978120770657,False
"turn=3.0°/s, bg=0.5°/s, cool=0.5s, scale=1.90",79.93697713114467,160.15192416118325,False
"turn=3.0°/s, bg=0.5°/s, cool=0.5s, scale=2.00",79.70058150362456,158.32574679962917,False
"turn=3.0°/s, bg=0.5°/s, cool=0.5s, scale=2.10",79.47606949094737,156.49958935980078,False
"turn=3.0°/s, bg=0.5°/s, cool=0.5s, scale=2.20",79.27474815844309,154.67345254731745,False
"turn=3.0°/s, bg=0.5°/s, cool=0.5s, scale=2.30",78.87678236580143,152.84733710151252,False
"turn=3.0°/s, bg=0.5°/s, cool=0.5s, scale=2.40",78.23490840707342,151.02124379746914,False
"turn=3.0°/s, bg=0.5°/s, cool=0.5s, scale=2.50",77.60890381225799,149.1951734482081,False
"turn=3.0°/s, bg=0.5°/s, cool=0.5s, scale=2.60",76.99893508488742,147.36912690703656,False
"turn=3.0°/s, bg=0.5°/s, cool=0.5s, scale=2.70",76.40515201896585,145.54310507007412,False
"turn=3.0°/s, bg=0.5°/s, cool=0.5s, scale=2.80",76.32357894374715,143.71710887897146,False
"turn=3.0°/s, bg=0.5°/s, cool=0.5s, scale=2.90",76.32742839956211,141.8911393238377,False
"turn=3.0°/s, bg=0.5°/s, cool=0.5s, scale=3.00",75.36104009421791,140.06519744639772,False
"turn=3.0°/s, bg=0.5°/s, cool=0.5s, scale=3.10",74.90447435611755,138.23928434339877,False
"turn=3.0°/s, bg=0.5°/s, cool=0.5s, scale=3.20",74.52923287818341,136.41340117029137,False
"turn=3.0°/s, bg=0.5°/s, cool=0.5s, scale=3.30",73.98186407599303,134.58754914520784,False
"turn=3.0°/s, bg=0.5°/s, cool=0.5s, scale=3.40",72.73870710120852,132.7617295532703,True
"turn=3.0°/s, bg=0.5°/s, cool=0.5s, scale=3.50",72.89864767981449,130.9359437512585,True
"turn=3.0°/s, bg=0.5°/s, cool=1.0s, scale=1.80",80.21821673392841,161.978120770657,False
"turn=3.0°/s, bg=0.5°/s, cool=1.0s, scale=1.90",79.93697713114467,160.15192416118325,False
"turn=3.0°/s, bg=0.5°/s, cool=1.0s, scale=2.00",79.70058150362456,158.32574679962917,False
"turn=3.0°/s, bg=0.5°/s, cool=1.0s, scale=2.10",79.47606949094737,156.49958935980078,False
"turn=3.0°/s, bg=0.5°/s, cool=1.0s, scale=2.20",79.27474815844309,154.67345254731745,False
"turn=3.0°/s, bg=0.5°/s, cool=1.0s, scale=2.30",78.87678236580143,152.84733710151252,False
"turn=3.0°/s, bg=0.5°/s, cool=1.0s, scale=2.40",78.23490840707342,151.02124379746914,False
"turn=3.0°/s, bg=0.5°/s, cool=1.0s, scale=2.50",77.60890381225799,149.1951734482081,False
"turn=3.0°/s, bg=0.5°/s, cool=1.0s, scale=2.60",76.99893508488742,147.36912690703656,False
"turn=3.0°/s, bg=0.5°/s, cool=1.0s, scale=2.70",76.40515201896585,145.54310507007412,False
"turn=3.0°/s, bg=0.5°/s, cool=1.0s, scale=2.80",76.32357894374715,143.71710887897146,False
"turn=3.0°/s, bg=0.5°/s, cool=1.0s, scale=2.90",76.32742839956211,141.8911393238377,False
"turn=3.0°/s, bg=0.5°/s, cool=1.0s, scale=3.00",75.36104009421791,140.06519744639772,False
"turn=3.0°/s, bg=0.5°/s, cool=1.0s, scale=3.10",74.90447435611755,138.23928434339877,False
"turn=3.0°/s, bg=0.5°/s, cool=1.0s, scale=3.20",74.52923287818341,136.41340117029137,False
"turn=3.0°/s, bg=0.5°/s, cool=1.0s, scale=3.30",73.98186407599303,134.58754914520784,False
"turn=3.0°/s, bg=0.5°/s, cool=1.0s, scale=3.40",72.73870710120852,132.7617295532703,True
"turn=3.0°/s, bg=0.5°/s, cool=1.0s, scale=3.50",72.89864767981449,130.9359437512585,True
"turn=3.0°/s, bg=1.0°/s, cool=0.5s, scale=1.80",80.21821673392841,161.978120770657,False
"turn=3.0°/s, bg=1.0°/s, cool=0.5s, scale=1.90",79.93697713114467,160.15192416118325,False
"turn=3.0°/s, bg=1.0°/s, cool=0.5s, scale=2.00",79.70058150362456,158.32574679962917,False
"turn=3.0°/s, bg=1.0°/s, cool=0.5s, scale=2.10",79.47606949094737,156.49958935980078,False
"turn=3.0°/s, bg=1.0°/s, cool=0.5s, scale=2.20",79.27474815844309,154.67345254731745,False
"turn=3.0°/s, bg=1.0°/s, cool=0.5s, scale=2.30",78.87678236580143,152.84733710151252,False
"turn=3.0°/s, bg=1.0°/s, cool=0.5s, scale=2.40",78.23490840707342,151.02124379746914,False
"turn=3.0°/s, bg=1.0°/s, cool=0.5s, scale=2.50",77.60890381225799,149.1951734482081,False
"turn=3.0°/s, bg=1.0°/s, cool=0.5s, scale=2.60",76.99893508488742,147.36912690703656,False
"turn=3.0°/s, bg=1.0°/s, cool=0.5s, scale=2.70",76.40515201896585,145.54310507007412,False
"turn=3.0°/s, bg=1.0°/s, cool=0.5s, scale=2.80",76.32357894374715,143.71710887897146,False
"turn=3.0°/s, bg=1.0°/s, cool=0.5s, scale=2.90",76.32742839956211,141.8911393238377,False
"turn=3.0°/s, bg=1.0°/s, cool=0.5s, scale=3.00",75.36104009421791,140.06519744639772,False
"turn=3.0°/s, bg=1.0°/s, cool=0.5s, scale=3.10",74.90447435611755,138.23928434339877,False
"turn=3.0°/s, bg=1.0°/s, cool=0.5s, scale=3.20",74.52923287818341,136.41340117029137,False
"turn=3.0°/s, bg=1.0°/s, cool=0.5s, scale=3.30",73.98186407599303,134.58754914520784,False
"turn=3.0°/s, bg=1.0°/s, cool=0.5s, scale=3.40",72.73870710120852,132.7617295532703,True
"turn=3.0°/s, bg=1.0°/s, cool=0.5s, scale=3.50",72.89864767981449,130.9359437512585,True
"turn=3.0°/s, bg=1.0°/s, cool=1.0s, scale=1.80",80.21821673392841,161.978120770657,False
"turn=3.0°/s, bg=1.0°/s, cool=1.0s, scale=1.90",79.93697713114467,160.15192416118325,False
"turn=3.0°/s, bg=1.0°/s, cool=1.0s, scale=2.00",79.70058150362456,158.32574679962917,False
"turn=3.0°/s, bg=1.0°/s, cool=1.0s, scale=2.10",79.47606949094737,156.49958935980078,False
"turn=3.0°/s, bg=1.0°/s, cool=1.0s, scale=2.20",79.27474815844309,154.67345254731745,False
"turn=3.0°/s, bg=1.0°/s, cool=1.0s, scale=2.30",78.87678236580143,152.84733710151252,False
"turn=3.0°/s, bg=1.0°/s, cool=1.0s, scale=2.40",78.23490840707342,151.02124379746914,False
"turn=3.0°/s, bg=1.0°/s, cool=1.0s, scale=2.50",77.60890381225799,149.1951734482081,False
"turn=3.0°/s, bg=1.0°/s, cool=1.0s, scale=2.60",76.99893508488742,147.36912690703656,False
"turn=3.0°/s, bg=1.0°/s, cool=1.0s, scale=2.70",76.40515201896585,145.54310507007412,False
"turn=3.0°/s, bg=1.0°/s, cool=1.0s, scale=2.80",76.32357894374715,143.71710887897146,False
"turn=3.0°/s, bg=1.0°/s, cool=1.0s, scale=2.90",76.32742839956211,141.8911393238377,False
"turn=3.0°/s, bg=1.0°/s, cool=1.0s, scale=3.00",75.36104009421791,140.06519744639772,False
"turn=3.0°/s, bg=1.0°/s, cool=1.0s, scale=3.10",74.90447435611755,138.23928434339877,False
"turn=3.0°/s, bg=1.0°/s, cool=1.0s, scale=3.20",74.52923287818341,136.41340117029137,False
"turn=3.0°/s, bg=1.0°/s, cool=1.0s, scale=3.30",73.98186407599303,134.58754914520784,False
"turn=3.0°/s, bg=1.0°/s, cool=1.0s, scale=3.40",72.73870710120852,132.7617295532703,True
"turn=3.0°/s, bg=1.0°/s, cool=1.0s, scale=3.50",72.89864767981449,130.9359437512585,True
