scenario_id,dist_m,dur_s,staleness_s,true_bearing_deg,ekf_prior_deg,seeded_deg,last_gnss_deg,extrap_deg,road_bearing_cand,offset_prior,offset_seeded,offset_last_g,offset_extrap
1,282.52190429549745,30.0,0.0,331.5938944392208,328.486291182937,333.060723464663,333.060723464663,333.060723464663,,-3.1076032562837668,1.4668290254422232,1.4668290254422232,1.4668290254422232
2,401.4312627561413,45.0,0.0,351.42037363020165,346.37353830781296,4.953439083887702,4.953439083887702,4.953439083887702,,-5.046835322388688,13.53306545368605,13.53306545368605,13.53306545368605
3,490.1761160597801,60.0,0.0,17.5919334477446,308.57937338568445,7.115188756105056,7.115188756105056,7.115188756105056,,-69.01256006206017,-10.476744691639539,-10.476744691639539,-10.476744691639539
4,279.878601400488,75.0,0.0,181.90205049740706,154.48721246842973,177.51018406943808,177.51018406943808,177.51018406943808,,-27.41483802897733,-4.391866427968978,-4.391866427968978,-4.391866427968978
5,52.814073910323714,30.0,0.0,116.67548792300772,104.6835161524076,108.5759867792479,108.5759867792479,108.5759867792479,,-11.991971770600117,-8.099501143759824,-8.099501143759824,-8.099501143759824
6,333.47418411381915,45.0,0.0,264.87743427701264,285.6436661112112,262.683530696924,262.683530696924,262.683530696924,,20.76623183419855,-2.1939035800886586,-2.1939035800886586,-2.1939035800886586
7,108.87145915457756,60.0,0.0,269.976568976021,245.62493246196968,259.1543991362067,259.1543991362067,259.1543991362067,,-24.351636514051307,-10.822169839814308,-10.822169839814308,-10.822169839814308
8,741.5997100192818,75.0,0.0,320.99339867171363,323.3060708067516,320.9227741912517,320.9227741912517,320.9227741912517,,2.3126721350379853,-0.07062448046195868,-0.07062448046195868,-0.07062448046195868
9,265.1220921729636,30.0,0.0,317.2113166557185,303.401411156313,300.49444418544516,300.49444418544516,300.49444418544516,,-13.809905499405545,-16.71687247027336,-16.71687247027336,-16.71687247027336
10,552.9989843023857,45.0,0.0,272.6770460125016,336.01262362241846,265.42370892687063,265.42370892687063,265.42370892687063,,63.33557760991687,-7.25333708563096,-7.25333708563096,-7.25333708563096
11,532.6745953972762,60.0,0.0,203.11152137263505,227.59375463920236,210.7100067119325,210.7100067119325,210.7100067119325,,24.482233266567306,7.59848533929744,7.59848533929744,7.59848533929744
12,494.733524550964,75.0,0.0,228.9378531417889,274.1358037390719,263.48114439601227,263.48114439601227,263.48114439601227,,45.19795059728298,34.54329125422336,34.54329125422336,34.54329125422336
13,271.8183183374589,30.0,0.0,295.7956835620574,275.41927478486394,296.20346087984007,296.20346087984007,296.20346087984007,,-20.376408777193433,0.40777731778268844,0.40777731778268844,0.40777731778268844
14,167.3283529024581,45.0,0.0,277.59319941844217,347.0506830645418,281.22293426201713,281.22293426201713,281.22293426201713,,69.4574836460996,3.6297348435749655,3.6297348435749655,3.6297348435749655
15,594.6623822136556,60.0,0.0,73.93352014624742,68.80954876877247,70.27505744000547,70.27505744000547,70.27505744000547,,-5.123971377474959,-3.6584627062419486,-3.6584627062419486,-3.6584627062419486
16,803.8214838925927,75.0,0.0,119.00038750448132,103.51463492141102,117.28415990743724,117.28415990743724,117.28415990743724,,-15.485752583070308,-1.7162275970440817,-1.7162275970440817,-1.7162275970440817
17,554.5820526932541,30.0,0.0,100.63163329969682,95.13678716314249,99.56209128842204,99.56209128842204,99.56209128842204,,-5.494846136554315,-1.069542011274791,-1.069542011274791,-1.069542011274791
18,155.9546518054698,45.0,0.0,137.9079387085242,67.55264565343641,123.99610052952278,123.99610052952278,123.99610052952278,,-70.35529305508778,-13.911838179001421,-13.911838179001421,-13.911838179001421
19,684.9738978535975,60.0,0.0,57.635470787188865,62.066967382230196,61.7274038112368,61.7274038112368,61.7274038112368,,4.431496595041324,4.091933024047933,4.091933024047933,4.091933024047933
20,568.6573089092476,75.0,0.0,214.63383491268957,130.38335468575002,205.1191938907989,205.1191938907989,205.1191938907989,,-84.25048022693954,-9.514641021890668,-9.514641021890668,-9.514641021890668
21,462.5809103916528,30.0,0.0,135.98132869692674,59.72725016308885,149.3747345985396,149.3747345985396,149.3747345985396,,-76.25407853383788,13.393405901612851,13.393405901612851,13.393405901612851
22,290.69219552090635,45.0,0.0,329.9865705373471,235.0834111758289,332.25569595756116,332.25569595756116,332.25569595756116,,-94.90315936151822,2.2691254202140385,2.2691254202140385,2.2691254202140385
23,718.8308999169329,60.0,0.0,291.5778672279923,230.66999945821033,297.0112682911581,297.0112682911581,297.0112682911581,,-60.907867769781944,5.433401063165832,5.433401063165832,5.433401063165832
24,789.7449079816768,75.0,0.0,287.3874717197957,286.67075027755607,286.7188964756646,286.7188964756646,286.7188964756646,,-0.7167214422396455,-0.668575244131091,-0.668575244131091,-0.668575244131091
25,276.3194775216213,30.0,0.0,340.5666021800342,334.58287651096316,341.62069957729733,341.62069957729733,341.62069957729733,,-5.9837256690710205,1.054097397263149,1.054097397263149,1.054097397263149
26,308.9632882100072,45.0,0.0,76.30294455382274,38.4791139576865,78.16601672427237,78.16601672427237,78.16601672427237,,-37.82383059613625,1.863072170449641,1.863072170449641,1.863072170449641
27,376.5658427332435,60.0,0.0,10.415058267548817,358.972429227721,9.667059491553914,9.667059491553914,9.667059491553914,,-11.442629039827807,-0.7479987759949154,-0.7479987759949154,-0.7479987759949154
28,589.7703053824426,75.0,0.0,24.62649540862888,6.139502749571276,23.938386119110874,23.938386119110874,23.938386119110874,,-18.48699265905759,-0.6881092895179961,-0.6881092895179961,-0.6881092895179961
29,421.1792579779077,30.0,0.0,294.83120284955646,297.2699081612069,291.99657429469806,291.99657429469806,291.99657429469806,,2.4387053116504376,-2.834628554858398,-2.834628554858398,-2.834628554858398
30,402.9693802005616,45.0,0.0,15.263230822594679,344.7241878402469,17.490914734201795,17.490914734201795,17.490914734201795,,-30.53904298234778,2.22768391160713,2.22768391160713,2.22768391160713
31,709.9112036149502,60.0,0.0,43.55460294826193,0.6090121405358712,65.68261423694616,65.68261423694616,65.68261423694616,,-42.94559080772606,22.128011288684235,22.128011288684235,22.128011288684235
32,705.6565583260606,75.0,0.0,233.08785752296345,229.67220779179112,244.70018546780392,244.70018546780392,244.70018546780392,,-3.415649731172323,11.612327944840473,11.612327944840473,11.612327944840473
33,147.37496882265788,30.0,0.0,41.06824551762836,30.89176014528027,40.24418804457753,40.24418804457753,40.24418804457753,,-10.176485372348083,-0.8240574730508285,-0.8240574730508285,-0.8240574730508285
34,666.7858999520075,45.0,0.0,81.51649245752219,77.45554129610233,81.6315989613621,81.6315989613621,81.6315989613621,,-4.060951161419865,0.11510650383991106,0.11510650383991106,0.11510650383991106
35,1154.6457968775735,60.0,0.0,95.78281705094466,89.68667119573082,89.13646550059121,89.13646550059121,89.13646550059121,,-6.09614585521382,-6.646351550353444,-6.646351550353444,-6.646351550353444
