scenario_id,trip,distance_m,raw_err_m,raw_drift_pct,matched_err_m,matched_drift_pct,match_ratio
1,S-S1 (Highway),1025.0279965246039,594.20208819458,57.969352077137856,595.0558731183283,58.052645892198825,0.021333333333333333
2,S-S1 (Highway),8.642517317895614,11.24061986612666,130.06187263115217,11.23868909203977,130.03953221786895,0.0
3,S-S1 (Highway),549.4278295119627,178.05329569288565,32.40703985654387,178.68774013327058,32.52251351956318,0.0
4,S-S1 (Highway),305.42563327385983,431.2852860320592,141.20795344159845,431.42079989452014,141.2523222985959,0.0
5,S-S1 (Highway),184.8312408398113,119.31550142024331,64.55375231920405,119.3994953359261,64.59919588994521,0.0
6,S-S1 (Highway),332.8064485644685,266.53677965886544,80.0876247466203,266.7631447609578,80.15564178867847,0.027156549520766772
7,S-S1 (Highway),429.224570008162,60.58358697059159,14.114659598689691,60.8095627997856,14.16730705761538,0.0
8,S-S1 (Highway),84.36257658838225,65.35611246484952,77.47050304512611,65.38552927067838,77.50537254178977,0.0
9,S-S1 (Highway),393.3757717821124,489.41649276642954,124.41449826694291,489.6169415447933,124.4654543228931,0.0
10,S-S1 (Highway),491.6842588887628,224.2203564101206,45.60250859298864,224.52427035574092,45.664319387238436,0.0
11,S-S1 (Highway),900.8995078409504,347.19881335319633,38.539127875125075,901.1403201561807,100.0267302083234,0.09138381201044386
12,S-S1 (Highway),322.4708392471345,49.4779295171834,15.343381011659355,49.606382936989,15.383215131267036,0.0
13,S-S1 (Highway),124.5436854342448,43.82889383518028,35.191582521717315,43.88394405608955,35.23578405687931,0.0
14,S-S1 (Highway),435.477577306399,518.7666183671323,119.1259080607339,518.3563836758912,119.03170465908495,0.0
15,S-S1 (Highway),353.0713165601284,491.0367257477941,139.07579084356746,491.3380881682852,139.16114538990306,0.0
16,S-S1 (Highway),220.70531178146013,87.6304974119569,39.70475232545722,87.78075193563167,39.772831576682286,0.0
17,S-S1 (Highway),203.7582483106601,340.0103172549223,166.8694740330342,339.9040519428325,166.81732138990398,0.0
18,S-S1 (Highway),244.61941266420206,39.0046765615559,15.94504546337826,39.01960009562732,15.951146178733957,0.0
19,S-S1 (Highway),688.4197296580753,292.8372861406699,42.53760802092591,293.32995104382536,42.60917263215519,0.0
20,S-S1 (Highway),191.63447380037525,150.56968769343632,78.57129498019447,150.4316387224487,78.49925733047,0.0
21,S-S1 (Highway),251.2068752130491,378.19964677076894,150.55306366516322,378.01645184811656,150.480137746039,0.0
22,S-S1 (Highway),270.8788938056171,513.7320041366189,189.6537588880119,513.7717379044993,189.668427350114,0.0
23,S-S1 (Highway),203.28789934806605,168.8720288250519,83.07037918470105,169.02902799913971,83.14760914998247,0.0
24,S-S1 (Highway),632.1388210471566,202.73584008741517,32.07141111054962,4730.139775674274,748.2754765541305,0.07718696397941681
25,S-S1 (Highway),259.1280321919923,190.65830963717903,73.57687550219079,190.42740058996915,73.48776547991469,0.0
26,S-S2 (Urban Unseen),1604.4162556931576,2025.997328773918,126.27629030713257,2025.0127817888967,126.21492549725062,0.0
27,S-S2 (Urban Unseen),406.9787528863035,440.00601152515765,108.11522921150649,440.3769535331416,108.20637451217716,0.0
28,S-S2 (Urban Unseen),217.49065963057652,137.10112432791428,63.03770679660008,136.77888914726313,62.88954632791675,0.0
29,S-S2 (Urban Unseen),290.1271796510168,64.6888765555889,22.296730914146256,64.6905018376125,22.297291110548933,0.0
30,S-S2 (Urban Unseen),190.82149137004623,115.44945786261239,60.50128684862318,115.74579474486681,60.65658218780473,0.0
31,S-S2 (Urban Unseen),866.4480600156407,117.69632761861882,13.583771843922673,116.37538028009821,13.431316388197287,0.0
32,S-S2 (Urban Unseen),514.7882434367054,170.03992958122834,33.0310436862444,170.22397751313994,33.06679584924698,0.1792452830188679
33,S-S2 (Urban Unseen),258.3550094745672,134.79966851773986,52.17613886871805,134.80152457355567,52.17685728165673,0.0
34,S-S2 (Urban Unseen),185.5752570220979,245.96134356997126,132.53994498883154,245.98606607215243,132.55326707852058,0.0
35,S-S2 (Urban Unseen),46.89533671273564,57.04525578222894,121.64377053451634,57.0428588435404,121.63865928282999,0.0
36,S-S2 (Urban Unseen),105.23302404054324,27.89851983104451,26.511183238729334,2644.515271458445,2513.0089110045815,0.053864168618266976
37,S-S2 (Urban Unseen),813.770495682477,923.8325808165137,113.52495399107976,923.5886171293066,113.49497456954734,0.0
38,S-S2 (Urban Unseen),1011.0552016345018,266.55995375739536,26.36453017861603,266.4302535270876,26.351701973974173,0.0
39,S-S2 (Urban Unseen),374.54825058603217,633.3295907204847,169.0915895961478,633.3927491127922,169.108452147824,0.0
40,S-S2 (Urban Unseen),104.82382268505368,129.46676729358572,123.50891617697677,129.43115097058782,123.47493885952585,0.0
41,S-S2 (Urban Unseen),410.0527258840906,158.34472312603486,38.61569820920885,158.45913725229354,38.64360050543478,0.0
42,S-S2 (Urban Unseen),207.2344745253297,280.5057724991172,135.35671279675609,280.44197510497924,135.32592767073686,0.0
43,S-S2 (Urban Unseen),641.7421721040382,898.9102091350871,140.073420169332,898.7256685699783,140.04466398450722,0.0
44,S-S2 (Urban Unseen),351.0486386269835,642.5745165985771,183.04429810974497,642.5886823460954,183.04833337607553,0.0
45,S-S2 (Urban Unseen),1265.3040202046616,1907.4064433700148,150.7468887249322,1906.8523078214503,150.70309406849265,0.0
46,S-S2 (Urban Unseen),496.5036844088779,343.686195928496,69.22127805308801,343.027309934105,69.08857289599025,0.0
47,S-S2 (Urban Unseen),225.0544092892678,267.21210051685983,118.73222184836456,656.5825880928448,291.74393435185874,0.2950530035335689
48,S-S2 (Urban Unseen),292.57281637945977,406.7182480435756,139.0143667742775,307.9003990881729,105.23889502052495,0.09218436873747494
49,S-S2 (Urban Unseen),219.06331783022637,115.98896121462124,52.94768761993848,116.2603515089063,53.07157431031325,0.0
50,S-S2 (Urban Unseen),195.90702989658936,97.81522475230685,49.92941029422944,97.4560227237112,49.74605698180097,0.0
