scenario_id,trip,domain,start_time_s,duration_s,distance_m,pure_err_m,pure_drift_pct,map_err_m,map_drift_pct,hdg_seed_err
1,S-M (Highway),Highway,8807.866,60.0,783.698075254369,136.1205627092537,17.369005616744985,20.41352950546025,2.6047696364233794,0.7099159056816404
2,S-M (Highway),Highway,9032.865,45.0,543.8158974898474,180.1525364659438,33.1274862131641,55.57643232349176,10.21971453575046,13.074210759465728
3,S-M (Highway),Highway,9149.867,75.0,1253.6196653158977,309.19038010512037,24.663810616532405,92.2448394498311,7.358279548573169,1.058072245280016
4,S-M (Highway),Highway,9770.865,30.0,312.2247443755553,139.93522845858877,44.81875026864289,173.2508109812065,55.48913534310213,4.031623706048606
5,S-M (Highway),Highway,9847.866,60.0,514.9010912767462,90.98915136248881,17.671190235171682,23.231283139410277,4.511795281265787,1.7973965449393745
6,S-M (Highway),Highway,10017.965,30.0,548.9507548567317,273.68150042154053,49.85538283720322,87.9483784552614,16.021178161639412,29.107592559660134
7,S-M (Highway),Highway,10276.866,75.0,1215.9447032075054,418.70996163013484,34.43495090900367,178.93838259493452,14.715996716209062,22.4408101080042
8,S-M (Highway),Highway,10543.866,45.0,54.67298308472394,27.158685316295,49.67478228544538,0.1175593817784651,0.21502280494973047,8.914633300911248
9,S-S2 (Arterial),Arterial,7798.099,30.0,113.8174453501425,112.94069288000226,99.22968533739002,59.38940755389776,52.17952957140714,56.798300260741996
10,S-S2 (Arterial),Arterial,7881.1,30.0,151.77327215354785,47.76966450712314,31.47435897593019,142.44761314459993,93.85553274524302,41.636160559420745
11,S-S2 (Arterial),Arterial,8134.1990000000005,60.0,447.2158137852094,204.64570033194502,45.7599427443845,46.56705212433094,10.412657756931724,31.15749487368862
12,S-S2 (Arterial),Arterial,8260.1,45.0,405.3951175276845,175.70281698746598,43.34112804786486,23.04232671850906,5.683918163354668,87.94261269363176
13,S-S2 (Arterial),Arterial,8530.2,45.0,564.670244756734,341.8356254902101,60.537212411019915,33.21762674825834,5.882659314299243,17.674395140268302
14,S-S2 (Arterial),Arterial,9061.2,75.0,1343.456906371082,467.79394763256005,34.82016768934966,126.48327478185831,9.414762333055576,16.508294540236875
15,S-S1 (Urban),Urban,4180.0,60.0,498.7707254824574,65.00725576445888,13.033494638559192,14.09140282605959,2.8252265231543157,11.089668026652646
16,S-S1 (Urban),Urban,4393.999000000001,30.0,121.0194791617665,10.973746947787484,9.0677525831349,15.048574233741991,12.434836389955532,28.541549737948742
17,S-S1 (Urban),Urban,4592.999000000001,45.0,191.77579845013074,88.44005678734018,46.11638043073411,128.38156491511083,66.94356949763663,1.319133454968778
18,S-S1 (Urban),Urban,4788.0,45.0,105.77425225241359,10.367345737034702,9.80138882220095,9.771063170597676,9.23765752300529,3.4795795511264487
19,S-S1 (Urban),Urban,4865.999000000001,30.0,180.13164778791392,337.6395274935612,187.44042573301516,165.30695995715345,91.77008148606124,131.07993682349064
20,S-S1 (Urban),Urban,4982.0,75.0,555.0088184825844,116.04557321902575,20.90878006881023,154.02375755823888,27.751587439519575,8.627073742267726
21,S-S3a (Mixed),Mixed,704.999,30.0,413.1041871724646,45.77611948173201,11.081010772379605,13.67092856244772,3.3093173555126225,6.06228477201978
22,S-S3a (Mixed),Mixed,957.0000000000001,75.0,1769.1501173916868,208.53069381229517,11.787054798930148,76.82389753403544,4.342418248107702,24.669407187693764
23,S-S3a (Mixed),Mixed,1146.0,75.0,1231.7818929957293,86.29256272499666,7.005506674167019,46.33388467366779,3.7615331851471234,1.9369134826372942
24,S-S3a (Mixed),Mixed,1307.999,60.0,138.51106062656623,17.58520664222909,12.695886207701356,5.38991124829821,3.8913219088183295,5.374343545893197
25,S-S3a (Mixed),Mixed,1572.999,45.0,488.7073372724425,16.577522107615774,3.3921164761179368,56.31128025220463,11.522495358160024,0.9433831566119295
26,S-S3a (Mixed),Mixed,1734.999,30.0,238.0199395775557,20.579954785803086,8.646315439928669,5.684584042371561,2.3882806005499857,64.28866196347343
27,S-S3a (Mixed),Mixed,1779.999,45.0,207.11840865271077,45.83216574944566,22.128484883396098,4.5562000306814445,2.1998044791475433,4.347953414356141
28,S-S3a (Mixed),Mixed,1904.999,60.0,257.0707501113978,40.80114996501856,15.871564519626597,8.280428808018279,3.2210699989905804,65.5790219163837
29,S-S3a (Mixed),Mixed,2291.9990000000003,45.0,190.64724202947144,13.267020893280664,6.958936700080752,0.07085733280899953,0.037166723239587154,73.83376755625645
30,S-S3a (Mixed),Mixed,2363.9990000000003,30.0,294.92856772094046,296.356590415743,100.48419273379909,212.28897810678902,71.97979488635211,133.38362614160292
31,S-S4 (Arterial),Arterial,1727.999,75.0,458.8808663714479,46.546342229128356,10.143448036347353,67.02193650680506,14.605519954835763,3.9261086479576193
32,S-S4 (Arterial),Arterial,2790.0,30.0,232.91056931938414,138.07734247656816,59.28341632587155,7.645672864639172,3.2826646240149207,38.797369626041586
33,S-S4 (Arterial),Arterial,4613.999000000001,45.0,291.3009575322234,30.933663205914936,10.619142301478048,44.81156322159867,15.383252976997738,5.41867558023182
34,S-S4 (Arterial),Arterial,4906.999000000001,30.0,211.5995001088083,24.02984047722412,11.356284142858344,16.136535458168783,7.6259799526327265,43.06352699114663
35,S-S4 (Arterial),Arterial,4970.0,75.0,674.9360141089741,113.88600748240981,16.873600623128397,65.2758083649977,9.671406918650273,4.5711985430172035
36,S-S4 (Arterial),Arterial,5222.0,60.0,183.4425225563541,51.74762322840985,28.209175553891995,27.335430718016276,14.90136002115799,18.3333364695699
37,S-S4 (Arterial),Arterial,6710.0,45.0,1115.3688392277472,422.32532484607873,37.86418537014948,160.70350223260445,14.40810399041374,9.399770318536213
38,S-S4 (Arterial),Arterial,7087.999000000001,30.0,343.6883113248635,53.635738536453246,15.605924545323072,30.016670318303152,8.7336896045704,0.3404719912822429
39,S-S4 (Arterial),Arterial,7606.000000000001,60.0,716.5876912876818,86.5910178020022,12.083799213240926,60.341115403072635,8.420618458383212,2.767230177295886
40,S-S4 (Arterial),Arterial,8011.999000000001,45.0,403.4263825753887,151.4497399517177,37.54086160277734,143.59984282150856,35.59505501469625,9.614177999761381
