trip,scenario,start_time_s,duration_s,distance_m,final_error_m,max_error_m,rmse_error_m,drift_pct,s_v_at_start,err_along_m,err_cross_m
S-S1 (Highway),rand_bo_01_75s_at_1956s,1955.658644289139,74.96231729751095,962.4617209981691,289.59753414001267,289.59753414001267,167.914836487971,30.089252156404832,0.973637072857915,-98.28549034206455,-272.40905669268
S-S1 (Highway),rand_bo_02_34s_at_4810s,4810.313080393624,33.97716475108518,5.727948800555097,46.169107806377426,46.169107806377426,33.15649509976658,806.0321314656857,1.003947258353337,12.293373661562704,44.5023536417356
S-S1 (Highway),rand_bo_03_56s_at_3727s,3726.6632527106653,55.996410688952814,549.4278295119627,38.99130133189777,52.956179046883896,37.63056782384494,7.096710293421498,0.971586506260696,-5.983880252210445,-38.52940119807287
S-S1 (Highway),rand_bo_04_61s_at_3066s,3066.052861295734,61.46901982034297,305.42563327385983,443.02909261257145,443.02909261257145,236.77200070109737,145.05301597110204,0.9915452499787465,-266.21613936062533,-354.1239105808057
S-S1 (Highway),rand_bo_05_23s_at_873s,872.9941980534114,23.25152889039984,184.8312408398113,69.40367142372588,69.40367142372588,27.866484704006716,37.54975138855251,0.995380507880563,67.57524475908035,-15.825798647868885
S-S1 (Highway),rand_bo_06_63s_at_873s,872.8746950111957,62.528139633100686,332.8064485644685,177.67407888383138,177.67407888383138,111.56216965945583,53.38660943927408,0.995380507880563,150.25508211050808,-94.82346021519366
S-S1 (Highway),rand_bo_07_32s_at_388s,387.7751984037321,31.936688658110405,377.9829973527799,63.07885840637603,63.07885840637603,45.318690530744384,16.688279326888118,1.082475154583672,62.34495638517794,-9.594206125672656
S-S1 (Highway),rand_bo_08_25s_at_4391s,4391.468848065771,24.553611508969567,84.36257658838225,88.27897742006444,88.27897742006444,47.306327745256866,104.64234378567039,0.9749538633847445,-25.87327020132423,-84.40232072296067
S-S1 (Highway),rand_bo_09_86s_at_3078s,3078.2237245667166,86.42198760773333,393.3757717821124,530.8793821945272,530.8793821945272,300.44066083153274,134.95477359713374,0.9898153959368822,-291.95135235872624,-443.3929705071493
S-S1 (Highway),rand_bo_10_88s_at_3608s,3608.14487861793,87.59424231521916,491.68425888876277,285.2614262998525,285.2614262998525,150.58061495908717,58.017197244540874,1.0125434084184421,199.4776934898262,-203.91844236018753
S-S1 (Highway),rand_bo_11_77s_at_202s,201.98585640405895,76.58781436815228,900.8995078409505,465.7504834718794,465.7504834718794,161.3887312041001,51.69838360641057,1.0613522060924379,151.08146825680453,-440.56543532562523
S-S1 (Highway),rand_bo_12_41s_at_4905s,4905.4173926267495,41.32296384213595,264.8846818842732,50.04699254029004,50.09631039085226,33.72503442333449,18.89387947399515,1.0309991818747433,49.99929600929557,-2.184458949645672
S-S1 (Highway),rand_bo_13_27s_at_4224s,4224.336231403049,26.83704798044687,124.5436854342448,108.61213688599737,108.61213688599737,66.23252318083827,87.20806398758869,1.0097514629608684,99.53441440237648,-43.4683405309959
S-S1 (Highway),rand_bo_14_68s_at_1152s,1152.0339115164086,67.89631185585098,435.477577306399,253.04135494889545,253.04135494889545,123.66142682406796,58.10663238140899,1.0044274875094823,100.81868092514159,-232.0894674277301
S-S1 (Highway),rand_bo_15_51s_at_1001s,1000.8516182026129,50.81067456177209,353.07131656012837,435.8199550523045,435.8199550523045,276.57964917976426,123.43680571346667,0.9888717564650785,-143.79880218435733,-411.41334167979625
S-S1 (Highway),rand_bo_16_29s_at_1009s,1008.6774606643281,28.542676439134517,220.70531178146015,58.49780888464123,58.49780888464123,26.740105601216086,26.50493928418229,0.9948506454636922,57.79606320664685,-9.033754596915538
S-S1 (Highway),rand_bo_17_55s_at_1607s,1607.3678885007869,54.66238370778891,203.75824831066012,356.6481122379684,356.6481122379684,238.09923665857272,175.03493242354767,1.0264810200731485,-19.04997222311168,356.1389820297761
S-S1 (Highway),rand_bo_18_22s_at_2700s,2699.905215765491,22.407196478065288,205.86100260201317,21.35686021501082,21.35686021501082,9.689191108319617,10.374407947628427,0.9869591871681077,-7.8794535983493095,19.8501810882161
S-S1 (Highway),rand_bo_19_84s_at_2240s,2240.0711629173443,83.65242814551475,688.4197296580753,319.40451863905577,319.40451863905577,165.8130935515486,46.39677000508073,0.9445606220562717,154.15139559709073,-279.7438002217675
S-S1 (Highway),rand_bo_20_38s_at_1543s,1542.8944838820587,38.11459871200118,191.63447380037525,100.30520649644863,100.30556065415699,77.42723183791686,52.3419427137813,1.044167712199428,75.41878099541303,66.12973554658394
S-S1 (Highway),rand_bo_21_66s_at_3131s,3131.4245550491346,66.37655990477873,251.2068752130491,386.3891056961669,386.3891056961669,212.6623278730541,153.813109361943,1.018403761509028,-80.23101592241103,377.96762438698573
S-S1 (Highway),rand_bo_22_42s_at_791s,791.1221931066807,41.819775326258764,270.8788938056171,495.932743465065,495.932743465065,272.4853464406737,183.08282956181395,0.9916776280248439,-446.0842670673651,-216.69820653562806
S-S1 (Highway),rand_bo_23_56s_at_1547s,1547.43036902309,56.40476148244676,203.28789934806605,188.54713014751104,188.54713014751104,116.35590246505153,92.74882113110131,1.0417973029644887,46.153033497622644,-182.81115334089927
S-S1 (Highway),rand_bo_24_58s_at_1915s,1915.1393862367524,58.26971955402958,632.1388210471566,94.25687259942522,94.25687259942522,46.898962518670615,14.910786912799617,0.9673108796049986,4.391659872851994,-94.15450788881782
S-S1 (Highway),rand_bo_25_33s_at_2360s,2359.5982807333207,32.93981188678689,259.1280321919923,222.58920275822214,222.58920275822214,113.0779874012095,85.8993142792448,0.9050661410145634,-49.88085224676411,216.92822260756532
S-S2 (Urban Unseen),rand_bo_01_71s_at_8989s,8988.66707503159,71.03050176286911,1580.0901258483475,924.7185095687427,924.7185095687427,556.804298879428,58.523149688835815,1.212852443254927,-913.7316215123392,-142.12264347199613
S-S2 (Urban Unseen),rand_bo_02_74s_at_7206s,7206.030158163017,73.9889242680162,406.9787528863035,471.84561809703774,471.84561809703774,298.34883845648477,115.93863678403278,1.264360398106072,172.4037006226681,439.22118724964184
S-S2 (Urban Unseen),rand_bo_03_25s_at_8713s,8712.856546789704,25.183125621386324,217.49065963057654,93.44675333123904,93.44675333123904,35.44310823326083,42.965869656179734,1.1174888077856444,-1.1877621980496693,-93.43920445460951
S-S2 (Urban Unseen),rand_bo_04_45s_at_8303s,8303.32973504547,45.09260099809909,290.1271796510168,131.33706692801474,131.33706692801474,66.94219212953845,45.26879111636325,1.0919080094125353,121.90678733694371,48.86880754058768
S-S2 (Urban Unseen),rand_bo_05_28s_at_5581s,5581.248055750623,28.11083416675908,190.82149137004626,227.06426700737708,227.06426700737708,110.8876339307163,118.99302608795142,1.3190948547030126,72.84191794851439,215.06333100084572
S-S2 (Urban Unseen),rand_bo_06_80s_at_8551s,8551.282049574424,80.41723981129155,866.4480600156407,68.66631392770013,143.10988374384925,102.31651331021963,7.925035220975691,1.0840884197938114,68.50563787248682,4.694704261310407
S-S2 (Urban Unseen),rand_bo_07_64s_at_911s,911.255012560972,63.63086887792905,514.7882434367054,157.5782960396422,157.5782960396422,86.57866526496083,30.610313667549182,0.924271511170602,26.818278455542767,-155.27942337424523
S-S2 (Urban Unseen),rand_bo_08_43s_at_1897s,1896.6728912275137,43.16286173968544,258.3550094745672,114.47002318568416,114.47002318568416,75.31867372721997,44.30725899934706,0.9354025759136687,89.71902557009605,-71.09066506147988
S-S2 (Urban Unseen),rand_bo_09_24s_at_515s,514.6211710873577,24.449084520021653,169.26275295738486,237.5040887549122,237.5040887549122,127.15528376849755,140.31680603393494,0.9962629029447305,-185.00409506465115,-148.93514355118046
S-S2 (Urban Unseen),rand_bo_10_42s_at_3082s,3082.465807272226,41.76876252009635,46.89533671273564,118.6947681272386,118.6947681272386,72.239945775427,253.10569546460675,1.1587031264932124,113.0742359628192,36.092452704182016
S-S2 (Urban Unseen),rand_bo_11_43s_at_3663s,3663.199053228326,42.76283254187229,96.47523595229039,106.96601119270501,106.96601119270501,54.5495882600837,110.87406020504847,1.0900526225666012,103.59770231964028,-26.63162827483693
S-S2 (Urban Unseen),rand_bo_12_71s_at_2588s,2587.592248787191,71.07243248366449,808.8421426713992,1047.831774693052,1047.831774693052,675.7108331135261,129.5471290890372,1.2708513125671643,-657.052874771521,816.2309402435507
S-S2 (Urban Unseen),rand_bo_13_65s_at_7697s,7697.451115150312,64.62902299486493,1011.0552016345018,771.6423459018756,771.6423459018756,432.5433793935491,76.32049611677144,1.155506538812228,-564.4657875346404,-526.1276315608675
S-S2 (Urban Unseen),rand_bo_14_82s_at_3371s,3370.53612246348,82.10489198034286,374.54825058603217,563.7707077776395,563.7707077776395,252.07569984361567,150.5201818178413,1.1518355311391257,-104.39047980991198,554.0216951285905
S-S2 (Urban Unseen),rand_bo_15_53s_at_2675s,2675.4671175590634,53.055044761336454,104.82382268505368,269.30525927139456,269.30525927139456,135.10878002760984,256.9122670526244,1.2646496910576777,16.8980394851329,268.7745875874279
S-S2 (Urban Unseen),rand_bo_16_28s_at_5075s,5075.166342353243,28.37159721568112,381.65907053491685,134.9586050571605,134.9586050571605,69.38207710180829,35.36103697679931,1.2113736631734917,-91.1109666068781,99.56212554448092
S-S2 (Urban Unseen),rand_bo_17_70s_at_1392s,1391.9228324561366,69.92713510560965,207.23447452532972,455.4748144179311,455.4748144179311,310.3697977579833,219.78718331551522,0.8760471932182844,136.30815608054513,434.6002682407945
S-S2 (Urban Unseen),rand_bo_18_73s_at_7454s,7454.140821062659,73.25495340318282,641.7421721040382,1030.2261948377338,1030.2261948377338,539.3114298643601,160.53584128030707,1.1133075051230052,-1002.1698423201964,238.79200085796248
S-S2 (Urban Unseen),rand_bo_19_59s_at_783s,783.443025934299,59.28940382986474,351.0486386269835,671.4385679561368,671.4385679561368,359.2955579321797,191.26653519644964,0.9053611206455273,-659.8832576255669,-124.03159615379184
S-S2 (Urban Unseen),rand_bo_20_74s_at_9147s,9147.285991285242,73.96770259681927,1265.3040202046616,579.6646432126362,594.2306125228988,380.6804612008212,45.8122817881252,1.4315994248280162,-445.83249270013226,-370.4652305461599
S-S2 (Urban Unseen),rand_bo_21_55s_at_7180s,7179.553922527107,54.56569174550735,496.5036844088779,280.9707058296122,299.00652792436296,210.76789133416202,56.589853137570834,1.2403147950923914,56.06143745970908,-275.3209994975712
S-S2 (Urban Unseen),rand_bo_22_57s_at_1922s,1921.7260104645256,56.59129805673958,225.0544092892678,292.70653707111165,292.70653707111165,171.32422432233457,130.06034318345166,0.918142355369042,-10.970893891010421,292.5008655224703
S-S2 (Urban Unseen),rand_bo_23_50s_at_151s,150.624008730625,49.927871285098476,292.57281637945977,318.6378167599887,318.6378167599887,150.6325066520634,108.90889341774093,0.9783327229807899,-165.74389053893177,272.13787134206575
S-S2 (Urban Unseen),rand_bo_24_22s_at_7576s,7575.742645359692,21.77933887208666,219.06331783022634,98.98962235972402,98.98962235972402,35.829772341578334,45.18767602910169,1.191537619178041,53.299650222992334,83.41518219741207
S-S2 (Urban Unseen),rand_bo_25_28s_at_6580s,6580.11469972303,27.552399889531312,177.53520910181487,125.63056721293161,125.63056721293161,60.6716850197775,70.76374756788869,1.0505594011915633,69.20598651590957,-104.85023056056042
