scenario,trip,old_error_m,old_drift_pct,new_error_m,new_drift_pct
rand_bo_01_75s_at_1956s,S-S1 (Highway),289.59753414001267,30.089252156404832,434.72360589805265,45.167885268953945
rand_bo_02_34s_at_4810s,S-S1 (Highway),46.16910780637743,806.0321314656857,28.303844254827332,494.1357760056165
rand_bo_03_56s_at_3727s,S-S1 (Highway),38.99130133189777,7.096710293421498,1115.8460003915156,203.0923699992922
rand_bo_04_61s_at_3066s,S-S1 (Highway),443.02909261257145,145.05301597110204,251.64536137744352,82.39169668899589
rand_bo_05_23s_at_873s,S-S1 (Highway),69.40367142372588,37.54975138855251,110.01751771774791,59.52322627812545
rand_bo_06_63s_at_873s,S-S1 (Highway),177.67407888383138,53.38660943927408,204.17501682798004,61.34947736399674
rand_bo_07_32s_at_388s,S-S1 (Highway),63.07885840637603,16.688279326888118,48.092622574315655,12.723488334431549
rand_bo_08_25s_at_4391s,S-S1 (Highway),88.27897742006444,104.6423437856704,195.8673382923246,232.17325289623494
rand_bo_09_86s_at_3078s,S-S1 (Highway),530.8793821945272,134.95477359713374,403.4416624914744,102.5588486712744
rand_bo_10_88s_at_3608s,S-S1 (Highway),285.2614262998525,58.01719724454088,337.7671343157034,68.69594220467384
rand_bo_11_77s_at_202s,S-S1 (Highway),465.7504834718794,51.69838360641057,494.9437578205715,54.93884206982512
rand_bo_12_41s_at_4905s,S-S1 (Highway),50.04699254029004,18.89387947399515,506.5189086785791,191.2224236884618
rand_bo_13_27s_at_4224s,S-S1 (Highway),108.61213688599736,87.20806398758869,291.5569201258489,234.1001224664914
rand_bo_14_68s_at_1152s,S-S1 (Highway),253.04135494889545,58.10663238140899,229.06701215658498,52.60133336220317
rand_bo_15_51s_at_1001s,S-S1 (Highway),435.8199550523045,123.43680571346668,718.7714676246253,203.57685088310419
rand_bo_16_29s_at_1009s,S-S1 (Highway),58.49780888464123,26.50493928418229,532.4209031073624,241.23610746376576
rand_bo_17_55s_at_1607s,S-S1 (Highway),356.6481122379684,175.03493242354767,344.214048837235,168.93257165836494
rand_bo_18_22s_at_2700s,S-S1 (Highway),21.35686021501082,10.374407947628429,95.80229266168553,46.53736815170288
rand_bo_19_84s_at_2240s,S-S1 (Highway),319.40451863905577,46.39677000508073,865.3117900862268,125.69537925881502
rand_bo_20_38s_at_1543s,S-S1 (Highway),100.30520649644863,52.3419427137813,164.61369526554998,85.8998342005141
rand_bo_21_66s_at_3131s,S-S1 (Highway),386.3891056961669,153.813109361943,227.3364098750889,90.4976862923375
rand_bo_22_42s_at_791s,S-S1 (Highway),495.932743465065,183.08282956181395,513.0303007626381,189.39471198918477
rand_bo_23_56s_at_1547s,S-S1 (Highway),188.54713014751104,92.74882113110132,172.0970471990112,84.65680827580869
rand_bo_24_58s_at_1915s,S-S1 (Highway),94.25687259942522,14.910786912799615,490.38481725855024,77.57549464312496
rand_bo_25_33s_at_2360s,S-S1 (Highway),222.58920275822211,85.8993142792448,427.8111910082652,165.0964534363047
rand_bo_01_71s_at_8989s,S-S2 (Urban Unseen),924.7185095687428,58.523149688835815,2070.189177664699,131.0171580594631
rand_bo_02_74s_at_7206s,S-S2 (Urban Unseen),471.84561809703774,115.93863678403278,358.0052544716503,87.9665712110689
rand_bo_03_25s_at_8713s,S-S2 (Urban Unseen),93.44675333123904,42.96586965617973,443.5661635557998,203.94722435861325
rand_bo_04_45s_at_8303s,S-S2 (Urban Unseen),131.33706692801474,45.26879111636325,373.11024084091696,128.60230513036296
rand_bo_05_28s_at_5581s,S-S2 (Urban Unseen),227.06426700737708,118.99302608795142,422.43782368571453,221.37853585187193
rand_bo_06_80s_at_8551s,S-S2 (Urban Unseen),68.66631392770013,7.925035220975691,891.343047232945,102.87322326243708
rand_bo_07_64s_at_911s,S-S2 (Urban Unseen),157.5782960396422,30.610313667549185,547.7035590890209,106.39395247890164
rand_bo_08_43s_at_1897s,S-S2 (Urban Unseen),114.47002318568416,44.30725899934706,181.89595148589208,70.40542850546049
rand_bo_09_24s_at_515s,S-S2 (Urban Unseen),237.5040887549122,140.31680603393494,264.3404403128044,156.17165365339244
rand_bo_10_42s_at_3082s,S-S2 (Urban Unseen),118.6947681272386,253.10569546460675,45.58612379643567,97.20822365703492
rand_bo_11_43s_at_3663s,S-S2 (Urban Unseen),106.966011192705,110.87406020504848,133.71973286691272,138.60524055420888
rand_bo_12_71s_at_2588s,S-S2 (Urban Unseen),1047.831774693052,129.5471290890372,1396.292314377381,172.62853166450796
rand_bo_13_65s_at_7697s,S-S2 (Urban Unseen),771.6423459018756,76.32049611677144,976.9436117933041,96.62613972154517
rand_bo_14_82s_at_3371s,S-S2 (Urban Unseen),563.7707077776395,150.5201818178413,176.1152910939977,47.020721847837
rand_bo_15_53s_at_2675s,S-S2 (Urban Unseen),269.30525927139456,256.9122670526244,293.7142443792519,280.1979901665341
rand_bo_16_28s_at_5075s,S-S2 (Urban Unseen),134.9586050571605,35.36103697679931,191.0410882802053,50.05542984015822
rand_bo_17_70s_at_1392s,S-S2 (Urban Unseen),455.4748144179311,219.7871833155152,260.3294766451718,125.62073817180087
rand_bo_18_73s_at_7454s,S-S2 (Urban Unseen),1030.2261948377338,160.53584128030707,785.9208110525564,122.46675459644626
rand_bo_19_59s_at_783s,S-S2 (Urban Unseen),671.4385679561368,191.26653519644964,574.4076574299708,163.6262313041822
rand_bo_20_74s_at_9147s,S-S2 (Urban Unseen),579.6646432126362,45.8122817881252,523.8070859862809,41.39772557598889
rand_bo_21_55s_at_7180s,S-S2 (Urban Unseen),280.9707058296122,56.589853137570834,217.5426608425439,43.81491370029681
rand_bo_22_57s_at_1922s,S-S2 (Urban Unseen),292.70653707111165,130.06034318345166,247.82160699800798,110.11630822103866
rand_bo_23_50s_at_151s,S-S2 (Urban Unseen),318.6378167599887,108.90889341774091,522.2074642457537,178.48803272565948
rand_bo_24_22s_at_7576s,S-S2 (Urban Unseen),98.98962235972402,45.18767602910169,428.43368442705594,195.5752741584473
rand_bo_25_28s_at_6580s,S-S2 (Urban Unseen),125.6305672129316,70.76374756788869,384.40188846831273,216.52149475761826
